:040000006FB01013BA
:1000040000000000000000009080000066800000F6
:10001400000000002EB900000000000000000000F5
:100024002EB900002EB900000000000000000000FE
:100034002EB90000000000002EB9000000000000EE
:100044002EB900002EB900002EB900002EB9000010
:100054002EB900002EB900002EB900002EB9000000
:100064002EB900002EB900002EB900002EB90000F0
:100074002EB900002EB900002EB900002EB90000E0
:100084002EB900002EB900002EB900002EB90000D0
:100094002EB900002EB900002EB900002EB90000C0
:1000A4002EB900002EB900002EB900002EB90000B0
:1000B4002EB90000928000002EB900002EB9000075
:1000C4002EB900002EB900002EB900002EB9000090
:1000D4002EB900002EB900002EB900002EB9000080
:1000E4002EB900002EB900002EB900002EB9000070
:0C00F4002EB900002EB900002EB900004B
:100100000D46637FA6041387818014239307F00FA5
:1001100001456398F6041C339306000E93F5070E11
:100120006391D50493D637008D8A6398C602858380
:100130008D8B85466393D7023C2393D64700ED16FB
:1001400093F6B60F99EA89838D8B89466397D7001A
:10015000283319817515133515001375F50F828035
:1001600001458280B7050020138505001C21130777
:10017000F00F93850500631FF70413878180834682
:1001800007300546938781806307D604834617307E
:10019000630CD60A8347273093F7F70F85EFB7072D
:1001A0000240D44FC165F915ED8ED4CF9306C73008
:1001B00094D79306000294D3D44F93F6F6F593E6C2
:1001C0000602D4CFFD5614A12301C730D84F1367C0
:1001D0001700D8CF8280814603C737301377F70FD7
:1001E00001CB03A74730050723A2E730A3810730DF
:1001F00037070240504F41657915698E50CF13067D
:1002000000483386C60237450020130545C62A96A6
:1002100010D7139616003E960356863009454206BF
:10022000418210D3504F1376F6F51366060850CF6F
:100230003386D7002300A63094A1238107305C4F7A
:1002400093E717005CCF8280854679B73757004027
:100250008356474183578741C207D58FE98F33853E
:10026000A74013351500828015C10327457C8327DD
:10027000057CB7460020938646C6B387E70203276E
:10028000457BB387E70201476343F700828013167B
:1002900017003696231006000507FDB79387818067
:1002A000316603C557310147854793868180130620
:1002B00046AA63CBA702894763F4A70283C76631C6
:1002C0009387077D13F6370011E61306400633E6E1
:1002D000C70211E613060019B3E7C70291E3050749
:1002E00003C546313A95828093952700B2958C419B
:1002F00085072E977DBF1C41584163F9E70013879E
:10030000170018C18CA31C41238007008280EF8254
:10031000506C2A8941110147294525481408930743
:1003200017003697B3F6A50293F7F70F93860603E7
:10033000230AD7FEB3D6A5023E876369B8024400FC
:100340003387F4009306000363E4C7021384F7FFC6
:100350001374F40F2694830504004A85693F9307BC
:10036000F4FF639D840041016F80F068B6857DB71E
:10037000850714A393F7F70F0507F9B73E84E1BF8C
:10038000EF823065AA842E848305040099E16F8092
:100390009066268505048537C5BF9307000263086C
:1003A000F5005D151375F50F133555008280054571
:1003B0008280EF82706041112A84830404002685C4
:1003C000E93FAA870DE5138754FD1377D70F054A38
:1003D00019E71307D00205046393E4007D5A37F749
:1003E000000093040000A549832AC7A00DA00504BE
:1003F000E9B7D6852685EFA010322AC64A85EFB028
:100400002019B2450504EFA06038AA848547030788
:100410000400130907FD9376F90FE3FCD9FC93065A
:10042000E0026311D70237F70000032947A0050453
:10043000A549CA8A03050400130505FD1377F50FC6
:1004400063F7E9046381071083070400130750046E
:1004500093F7F7FD6393E70203071400930757FD33
:1004600093F7D70FB9C7050485461C202547938706
:1004700007FD93F7F70F637EF70AFD576315FA0040
:10048000B7070080BD8C268541016F803056EFB0E4
:100490002010CA85EFA03028AA852685EFA0002F5E
:1004A000AA84D6854A85EFA0102705042A898547A6
:1004B00051B79307D00209048546E318F7FAFD56B1
:1004C0006DB76345F600B3870703BA9705040307C2
:1004D0000400130707FD1375F70FE3F4A5FE33843B
:1004E000D70241DC9357F44133C987003309F940FF
:1004F000B7F7000083A987A0B7F7000083AAC7A0B9
:100500009377190091C74E85D685EFA0D020AA8990
:10051000D6855685EFA0302013591900AA8AE31119
:1005200009FECE852685635D0400EFA0C05CAA8429
:10053000A9B709668147A5451306F670294841BF4A
:10054000EFA0701DEDB79304000035BFEF82704837
:1005500041112A848304040032C62EC42685353D09
:10056000A245324621E5138754FD1377D70F854600
:1005700019E79307D00205046393F400FD56182091
:1005800081472945130707FD1337A70018A2254601
:100590001820130707FD1377F70F637BE600B38777
:1005A000D70222859CC141016F80F04405045DB7EC
:1005B000B387A7020504BA97E1BFEF82904101110A
:1005C000AE8432890144931524001306F101A695E7
:1005D00036C6AD3F8347F10199CB05046309890015
:1005E000B24603060500B6870387070009E72285A0
:1005F00005616F8050408507E318E6FE0505E1B709
:10060000EF82303D41111306B1006C0081379C85AB
:10061000014591C3324541016F80F03DBD6793872D
:1006200007A6B73601409A26098B19CF42054181AA
:10063000BD67CAA6938707A6B73601409A26058BE1
:1006400009EBFD17E5FF19A0FD17F1FF1305F00FEA
:100650008280CA261375F50F8280EF82F035AA8951
:10066000AE843289130440061305F00F453F93070B
:10067000F00F6306F5007D141374F40F75F413E5A1
:100680000904693F13D58401513F13D50401137543
:10069000F50F693713D584001375F50F413713F53E
:1006A000F40FAD3F4A859D3F29441305F00FBD3738
:1006B00093178501E18763D807007D141374F40F45
:1006C0006DF41305F00F6F807032EF82F02E03C7C8
:1006D000F1B185472E896313F700260537140140D1
:1006E000C144232A9480AA851306F00F45451304BC
:1006F0000480A53705C904C81305F00F0537054563
:100700006F80D02E1305F00F113F631435030DE4F5
:10071000B7170140414723A8E7801305F00FFD3DBF
:100720000945F9BF37440F0013040424FD5493090D
:10073000E00F7D14E31894FC01449304002013059A
:10074000F00FE93DB307890088A30504E31994FE7F
:100750001305F00FE1351305F00FC935B717014048
:10076000414723A8E7801305F00F4D3D014549BFE0
:10077000375700408357074093E707202310F7407F
:100780008280EF8270231421A947411133D7F602EA
:100790006164B70403001304146A8504B3F6F60217
:1007A0001207558F1431588433D7F602B3F6F60288
:1007B0001207558F3421D88433D7F602B3F6F602E8
:1007C0001207558F3431588533D7F602B3F6F60247
:1007D0001207558F5421D88533D7F602B3F6F602A7
:1007E0001207558F5431588633D7F602B3F6F60206
:1007F0001207558F7421D88633D7F602B3F7F60265
:100800001207D98F5C87375700408357074093E71B
:1008100007102310F7402685153C25C9B75700401F
:100820001307000D6164B70407002398E740130421
:10083000146A938424082685113C39CDB7570040AB
:100840006164B7040700239807401304146A938473
:1008500044082685E53A21C5B70407000144B75A84
:100860000040616A938444089D493C00A297982304
:1008700013091A6A2398EA402685C93A05C5050472
:10088000E31534FFF535014529A07D1449F4CD3534
:10089000114541016F8090157D1451FCCDBF7D1431
:1008A0004DF8F5B77D19E31909FCD5B7EF82F00FC4
:1008B0003757004083570740E1643709030093E747
:1008C000071041112A842310F7409384146A050904
:1008D0004A85AD3A630B0514B75700401307000D66
:1008E000E164370907002398E7409384146A1309E9
:1008F00029084A85A13A63020514B7570040E1640C
:1009000037090700239807409384146A130949089C
:100910004A852D3A63070512375700408357074031
:10092000E1643709030093E707102310F74093842D
:10093000146A05094A85193A63090510B75700403A
:100940001307100DE164370903002398E7409384EF
:10095000146A09094A85DD38630D050E370A03005C
:100960008144994B37590040616B130A0A049D4A30
:10097000835709406393740FC207C18393F7F7BF8E
:10098000C207C1832310F94093091B6A52857D3841
:1009900061C9035709413C00A69798A385049309B0
:1009A0000940E39754FDE93383570940294701453E
:1009B00093E707402310F940148493D746009D8B9A
:1009C000B387E702BD8AB69794841CA093D74600EC
:1009D0009D8BB387E702BD8AB69714851CB093D769
:1009E00046008D8BB387E702BD8AB6973CA09C85F5
:1009F00014869D8B3CB093D746008D8BB387E7025E
:100A0000BD8AB69794865CA093D74600858BB38742
:100A1000E702BD8AB69714875CB093D74600338748
:100A2000E702BD8A369778A031A0FD14E39204EA6C
:100A300081330D4541016F80C07AFD14E39B04EAC8
:100A4000C5BFFD14E39604ECE5B7FD14E39404EE92
:100A5000C5B7FD14E39004F0E1BF93E707401DB76D
:100A6000FD19E39509F2375700408357074093E794
:100A700007402310F7406DBF5C3189467821034859
:100A8000450063D6F6041307077D85073545338592
:100A9000A70293054006930700191546B366B702EF
:100AA000B347F7023347B7023345C5023307C702DE
:100AB00042953695898636953E959D473A9533659C
:100AC000F50219053365F5021375F50F8280B1073C
:100AD0001307F77C5DBFEF82C06F4C2141119387F4
:100AE00081809384873113877732238C07302A845F
:100AF000094628003AC626C4193828009305A003E1
:100B0000EFF06FFF4C3009462800113028009305A4
:100B1000A003EFF04FFE6C2009462800EFF02FFFF6
:100B2000930500022800EFF00FFD2285B137B16771
:100B3000938787AD93152500BE95280091302685B3
:100B400041016F80406B9387818003C787321377A1
:100B5000F70F01CF03C7973211C7A384073223844D
:100B60000732828005472385E7328280B71701402C
:100B700003A78780938707809C470945898B81C796
:100B80001345F7FF0589B7170140938707809C47F6
:100B9000918B91E31145B7070020938707009833A5
:100BA0006304A70088B38280014582809387818097
:100BB00003C5B73201C5A38507328280EF82606129
:100BC00075376F8040639387818083D6073303A690
:100BD000C732F1758506C206C182938575EE05069A
:100BE0002398D732239AB732239BD7329385473342
:100BF0001D8A938747428146138781801385C1B33D
:100C000003C885008505C296C206C182E39AB7FE75
:100C1000FD57B7056745231CD7322326F742232803
:100C2000F742231D0732B727024093853512B79646
:100C3000EFCDCCC39386B69AD4C3CCC3D4C3CCD3A4
:100C4000D4D38C4BB70608009386860F3708020072
:100C5000B3E50501B2968CCBA206D4CB8C4B93E5C1
:100C600005048CCBCC478589F5FD8C4B01787D182C
:100C7000B3F505018CCB8C4B4168B3E505018CCBFA
:100C8000B7250240DC45858BF5FFB7250240DC45E2
:100C9000898BF5FFB7250240930800103308F50053
:100CA000032308003388F6002320680003A8C5004A
:100CB00013782800E31C08FE9107E39117FF9C4975
:100CC000B7062000D58F9CC9B7270240D447858A34
:100CD000F5FE944BC175FD15ED8E94CB944BA1653B
:100CE000CD8E94CB944B93E6060894CB2326C73243
:100CF0008280EF82604C13878180832747430347BC
:100D0000874341111384818001CB0327C443998F0A
:100D10001307703E6378F708034924358547230C91
:100D2000F442DD47034A343583444435834954351E
:100D300063F3270101499307B00363F34701014AB5
:100D4000DD4763F3970081449307B00363F33701F2
:100D500081492800A13E39E110859306C00333077D
:100D6000D902B387D40252973306D6029484CE9721
:100D700036966378F7008146636AE600B336F6007C
:100D800031A063F4E7028546E36AE6FE93F7F60FC7
:100D900089CFB7170140054723A8E7C083274443FD
:100DA000232EF44241016F806044B717014005478C
:100DB00023AAE7C0E5B7EF82C041411132C62E84B5
:100DC000AA84EFA0C07608C0EFA0807CAA85268503
:100DD000EFA0603DB7F7000083A507A1EFA0A01327
:100DE000B7F7000083A547A1EF90501AEFA0207439
:100DF0009307B003324663CCA70008C21C405D478E
:100E00006354F700A1171CC041016F80C03E130559
:100E100045FC08C21C4085071CC0CDB79377F50F71
:100E2000138507FD1375F50F2547637DA70013870D
:100E3000F7F91377F70F954663E7E600938797FA7C
:100E400013F5F70F82801387F7FB1377F70F014530
:100E5000E3EAE6FE938797FCE5B783070500294799
:100E600003051500938707FDB387E702130505FD0A
:100E70003E958280371702405C439146B18B638573
:100E8000D700A1466382D706B7177A009387072059
:100E90001CC1371602405C423D671307479F918390
:100EA000BD8BBA9794231C41B3D7D7005CC1544281
:100EB000A1829D8ABA969422B3D6D70014C5544213
:100EC000AD829D8A36971823B3D7E7005CC5584298
:100ED0003983937637003D671307079E36971823AB
:100EE000B3D7E7021CC982805C435843C166C983FB
:100EF000BD8B758F8907C5466393D700C94701EF3E
:100F00003747024003270780418B09CF37177A0004
:100F10001307072021A83717024058439316E7000C
:100F2000E3D606FE37173D0013070790B387E702A5
:100F300085B79C4513F7070113F8F70001C7D8419F
:100F40003368E80037270240145B3707000F758FBE
:100F50004DEB85462384D1C4371701406315E50066
:100F60009A2135839AA18E2113F7F50F39C31841C1
:100F70008146854E3D4F930F800293028004214E9F
:100F80003396DE00B3F8C50063111603939826006C
:100F900033131F011343F3FF3377E300B318180132
:100FA00033E7E8006397F70750C98506E39AC6FD63
:100FB00018C11307F00F6375B70454412146854EDD
:100FC0003D4F930F800293028004414EB398CE00B0
:100FD00033F715016392E802131726000117331344
:100FE000EF001343F3FFB376D3003317E800D98E35
:100FF0006395F703232A15010506E319C6FD54C1BD
:10100000828037170140E310E5F603C781C421DF72
:1010100081BFE39C57F810C949BFE39F57FC2328C1
:101020001501D9BF0323C503832805035051144D6F
:101030005845B3886840330616411C41918E3308E9
:101040006640158F998F37F6D96E3307074185872C
:101050000587130616BAB316D6021395160093D653
:101060001840BE96330ED500B3871741898E3316CC
:101070000603935813400606BA983775A37B3308C6
:1010800016011305D551331505033788825A0A0511
:10109000330767401308A8993317E802B388C8409C
:1010A000370621210A07130636B83316160333080C
:1010B000AE000A0623A005013388E70023A205013C
:1010C0003387E7403388C6003305AE40918E23A4B2
:1010D0000501D4C598C9C8C9828041110323850080
:1010E000032F05014AC25449032905001C4D03285A
:1010F000C50183280502B302E341B7F3D96E4EC0A0
:1011000022C626C44C41330EF940B30FE301B38924
:101110000641B3821241938313BA832EC500B39E56
:10112000D3033387D54033070741B393E30237C76F
:101130000D621307B7E83314F70337263A16130680
:10114000E6A7469333136602B388E841B318170342
:101150003316F603B7EF4652938F9FD4B3943F03F1
:10116000373F0E7E130F2FE32E9833180F03B695DB
:10117000B396BF02331F3F038587CA97860E22931B
:10118000B38FFE00060313D712402698B387D741CA
:101190000608B30EC701B388C84033876F001396A3
:1011A0001800429793981300B386E64118C133871D
:1011B000D801860658C13387C700B305C3003697E8
:1011C000338F064118C53387B7403307E74158C509
:1011D0003387CF00158F3244B385BF409A9718CD1F
:1011E000330E5E40FA9533871E41B38707412328AB
:1011F000C5014CC958CD1CD1A244124982494101B4
:101200008280AA8713751600ADEE6307051805677F
:1012100003AE071803A3072883A8073803A80748C5
:1012200003A5075883A5076803A6077883AE0708B8
:101230003E9783260788B30ED041330EC041330357
:101240006040B3081041330800413305A040B305A6
:10125000B0403306C04023A0A75823A0D70923A03D
:10126000C71923A0672823A0173923A0074923A063
:10127000B76823A0C778B306D0402320D78801459C
:101280008280B70800800567B3D8D800130707909D
:10129000FD183386E70059C17D4301453303D34030
:1012A00098431358F741335E67406304C8013347DE
:1012B00018013317D7001358F74198C33347070174
:1012C0003308074103A707083307E040135EF741DF
:1012D000B35E67406304DE0133471E013317D70056
:1012E000135EF74123A0E7083347C7013307C7411F
:1012F00033670701598D9841938707101358F741B9
:10130000335E67406304C801334718019105331702
:10131000D70023AEE5FEE395C7F882807D43330313
:10132000D34098431358F741335E67406304C801C4
:10133000334718013317D7001358F74198C3334781
:1013400007013308074103A70708135EF741B35E9F
:1013500067406304DE0133471E013317D700135E75
:10136000F74123A0E7083347C7013307C741336775
:101370000701598D9841938707101358F741335E41
:1013800067406304C8013347180191053317D7003C
:1013900023AEE5FEE397C7F882808947631EF60E09
:1013A000B7E7CEB89387873D1445B396D702372762
:1013B0003107130787C2104D3316C702B29694C186
:1013C00037C8BEB2130838335441B316D802374673
:1013D000410D8328C5011306D6CC33161603B296E9
:1013E000D4C11441B396D70210513317C7023697B0
:1013F00098C5B7665FC99386A61910413396C60291
:1014000037A7A0F6130767E683280502B31817036A
:101410004696D0C583284500370600E0B31816036A
:101420000323C501331366029A9823A81501832864
:101430008500B318170303238501339366029A9836
:1014400023AA150183284501B398170323AC15017E
:10145000832805013318180323AE05010328C500AE
:10146000B39707039CD15C45B396F602D4D11C49CF
:101470003316F60290D55C493317F702D8D523A26C
:10148000050423A0050423AE050223AC050223AA0C
:10149000050223A80502828093070009B307F6021C
:1014A0003166130646AF13874504130E40023E967D
:1014B0009308C6088147B306F500F1183308F60013
:1014C00003A306000328880483A648003318680293
:1014D000B38EF50023A00E017117B396660254C3B4
:1014E0009107E39AC7FD82805D7113F73600B168FA
:1014F000938748AACEC0AA89131567000A071383E9
:10150000872BBA97CAC2A2C603A9873BA6C452DEDC
:1015100056DC5ADA5ED862D666D46AD26ED0898634
:10152000FD472A93938848AA7D4863C3D70036882D
:10153000F14763D7070DFD4703274300370E0080AF
:10154000B783825A3357F7403ACA032783003724B8
:101550008510B7C4A0293357F7403ACC0327C300FE
:1015600002C8814EB357F7403ECE931726003EC4C3
:1015700093470EFC01459342FEFF934D0EFF3EC67E
:10158000370A0008B70A0020370B0040938393996D
:1015900013043416938B0829938494DA138C482A05
:1015A000930CD8FF330D0041B387D90103AF070077
:1015B000370700801347C7FF3377EF00B3775F002B
:1015C00031E718108A07BA9703A707FF598D6354AC
:1015D0000F003307E040B387D50198C3A247910EAF
:1015E000E394FEFC3644A64416498649725AE25AF0
:1015F000525BC25B325CA25C125D825D6161828083
:1016000093073800E3DA07F281473DB73377BF012C
:1016100019EB8A079A979C4333D70741E3D806FA18
:101620003397A70165B732473377EF001DE7C1173E
:101630008A07C69783A7873CB3972703668633D765
:10164000C740E35506F83306C040B3DFC2401687F3
:10165000E3CEFFF63397C70095BF139717010146F6
:1016600063554701139757011146635457010A0701
:101670000906635467010607050663C6E304A687E7
:10168000E28FB397E70203AE4F00F297B397E702FA
:1016900003AE8F00F297B397E70203AECF00F29745
:1016A000B397E70203A70F010A064696BA970327E6
:1016B0008648B397E7028E07B39727030326864A27
:1016C0003306C840ADBFA287DE8F65BF81473307B1
:1016D000F500230007008507E39BF5FE828019E1F2
:1016E0007D5582801C41EDDF94211307F00FE399B3
:1016F000E6FE98319306000F1377070FE312D7FE2B
:1017000023A0070003C315008D4E13531300137756
:10171000330011433303E34023A267009831137E63
:1017200017001347F7FF058B98C703C82500135808
:10173000480023A60701B42189828D8A94CBB82161
:10174000058313761700D0CBB821058B98CF83C8BB
:10175000350093D8680023AE1701B83111830D8B83
:1017600098D3B8310D83058BD8D3B8310983058B55
:1017700098D7B8310D8BD8D798310D830D8BE311E5
:10178000D7F7894EE39ED6F5E31CE3F41307B8FFC1
:101790001377B70F31F7E39568F431671307C7F68E
:1017A000D8DB23A007020547232CE57A232AE57A14
:1017B0002167130707D0232EE57A1307002423227D
:1017C000E57C2320D57C2326157D2328057C154721
:1017D0006307E8047D671307074093060009232881
:1017E000E57A3307D702A166938606D03347D7023E
:1017F00093361E0086062D17158F32972324E57C1D
:1018000063130E02D831D42119452207558F931640
:1018100087002183558F4207418398DB828041678F
:10182000130707A05DBF23A8070211458280584116
:10183000AA87FD897D450D8D3355A7003317B70065
:10184000D8C398470581B308B74023A4170163DACA
:101850000806998DD8478D4663D6E60694437117DE
:101860001386160090C303C806001386260090C393
:10187000620823A2070190324206336806011386EC
:10188000360023A2070190C3B02222063366060168
:1018900013884600D0C323A00701B432D8C7558EA1
:1018A00093060002D0C394C7D84393860802B35668
:1018B000D700558D94473317B700D8C3B69823A4E3
:1018C0001701828023A207003A887D537D18D043F8
:1018D000631D68008D46998E8E06B316D6000E07DE
:1018E000D4C398C723A60700C1B79443138E16002C
:1018F00023A0C7019422D18EA206D4C3C1BF11C5B3
:101900008327C57C0D476381E70223A0050023A23E
:10191000050023A4050023A6050023A8050023AA8B
:10192000050023AC050082800327057B98C10327AF
:10193000457BD8C10327C57BDCC98327057D98C5B6
:101940004147D8C51307004898C99CCD82809307AA
:1019500000483305F502B7470020938747C6014882
:101960000146938681803E952A87631FB60413073C
:10197000F01F83D746446375070337077F0033574B
:1019800007030968420741833A866373E8000966E2
:1019900013170601418363E4E7062392C644BA871E
:1019A00003D74644014863F7E70089C51D8F420706
:1019B0003358B702139707010146930800F8130341
:1019C000F0076319B60482808317070093D8F741A4
:1019D000B3C7F800B38717416376F800139807017F
:1019E0001358080183D8264463F6F800C207C18360
:1019F0002391F6440506420641820907BDB71386C6
:101A000007103288420641826373C7003A882392E6
:101A1000064579B7031E050093570701B387C7032F
:101A200003CE6644A187B387C703C18763D4170178
:101A3000930700F86354F3009307F00705069387B4
:101A4000070842061EA14297418209059DBFBD6657
:101A50008147938646A56393B70082803387C7008A
:101A60000D8B3308F5003697834808001823850747
:101A7000334717012300E800F9BF0DC51C41254776
:101A800099CF982305C35621FA23639DE6003707B3
:101A90000020034727009433058B558F01E79CC135
:101AA0003A85828025478147DDBFEF728072411100
:101AB0006C002A84D93719E12320040041016F709A
:101AC00080731C4185C73E87930500021306A0035F
:101AD00005078306F7FF13F8F60F63F10503E39993
:101AE000C6FE8386070089076304F700FD5701A837
:101AF00013060003FD576394C60018C181473E8555
:101B000082805845F915791763F8E5003E2548515C
:101B1000B387B7023E958280014582805C49638B22
:101B2000B702EF72006BB707002083C72700183198
:101B3000AE84858BD98F2A849305850291E726850B
:101B4000EFE0BFB8814719C18547FD5444C83E85C1
:101B50006F70606A81473E8582803C313821A207E0
:101B6000D98F1831A2070821D98FA2075D8D8280F5
:101B7000854763FCB70AEF72206458452A8463F6F0
:101B8000E50218218946AE846301D7068D46630EAF
:101B9000D706631CF70013D915005C4D2E99935599
:101BA0009900BE95A53F09C5FD573E856F7000643D
:101BB0005C4C9309190093D599001379F91F229968
:101BC000BE95228503498902913F79FD93F9F91F5A
:101BD0004E94834784028588A207B3E7270199C002
:101BE0009183E1B7D207D183C9B75C4DA181BE957E
:101BF00035375DF986041304840293F4E41F2694B8
:101C00001C301820A207D98F4DB75C4D9D81BE9521
:101C1000313759F913952400130484021375C51F35
:101C20002295253F9317450065BF85473E858280F5
:101C3000EF7280580329850023280500AA840041FB
:101C4000631909021820894763F4E7001C508DE3EB
:101C50001E2481E709456F7060591C509CCC9C4C38
:101C600023AA2401E5DB13048402C0CC0145E5B7B7
:101C70003E893E24FD59054A89EF8840CA85CD3DFD
:101C80002A89630D3501E377AAFC5C44E367F5FE1E
:101C9000D1B7CA852285B53588CCD1B7054565BF92
:101CA000EF72805141112E896C002A84F933AA8980
:101CB00009ED83491401639A090044446373990050
:101CC000CA845C48232A040099EC4E8541016F7058
:101CD000E05101455C4893F7F71FE5DB5C4CE38678
:101CE000A7FE48CCDDB732470359A7002609A9C390
:101CF000FD171387F4FF33572703B3D62703636910
:101D0000D702330720410C4CF98F5CC89D8CF1D170
:101D10007D5A854A5C4863609902A6975CC893F730
:101D2000F41FC5DB3245F13B15C9A58026955DB78B
:101D30000C440CCCE9BF0840CA975CC8153DB3847D
:101D40002441AA856316450185471CB88549B5BF5E
:101D500063F6AA00B247DC476366F50089471CB802
:101D60008949A5B708CC7DB7B7F700E0D8438146CD
:101D7000799BD8C303D701C53306A70290CBD4CB38
:101D800098431367070198C398431367170298C3D2
:101D9000D843058B75DF9843799B98C38280EF7297
:101DA00040430545D137EFE0DFF413878180832777
:101DB00047430327C7441384818011C76375F70025
:101DC00005472305E432835604459DC60327444551
:101DD0003387E7406362D702232AF444EFE01FD938
:101DE00083478445E98F89CB8347B43299E3A305C0
:101DF000A43285472305F4326F70E03F05486377CE
:101E0000B8007D5582807D556F70403E9387F6FF08
:101E10001305F023E367F5FE93070048B387F50247
:101E200037450020130545C6AA97E31CF6FCEF7260
:101E3000A0383A892E8425CFE31707FD9394060135
:101E4000C180B709002099471375F40F93890901E0
:101E5000A6852382F900E53C9385818093171400C1
:101E6000AE9723949730A295238025319D472382F6
:101E7000F900EFE02FAF014541BF7D194209135929
:101E80000901E30209F8213F8347043093F7F70F74
:101E900091C783C7A43293F7F70FE5D303C5A432E4
:101EA0001375F50F3335A0003305A040B1BF9384FF
:101EB00081801309501F3384B400F9B7B7F700E0ED
:101EC000D8438146799BD8C303C711C63306A702FE
:101ED00090CBD4CB98431367070198C398431367FB
:101EE000170298C3D843058B75DF9843799B98C335
:101EF0008280EF72002EB717014013771500938789
:101F000007C025C31307004098CBB71701400567EA
:101F100093762500938707C013070780B9C698CB2F
:101F2000B717014013774500938707C029C305679A
:101F300098CBB71701402189938707C0130700107A
:101F400015C998CB371401409164232894C00945E2
:101F5000B5370945232A94C09537130404C06F7020
:101F6000802913070040D8CB4DB7D8CB55BF0567A4
:101F7000D8CBC1B7D8CBF9B7EF72A025B7170140BE
:101F800009671374F50F23A8E7C01355440095376C
:101F90001375F400B93F130520030D376F70A025AA
:101FA000EF7220232A840305040019E16F70A02436
:101FB000E1370504CDBFEF7220200548BE892A8491
:101FC000AE843289EF60606CCE85EF90C01DAA862A
:101FD0004A86A6852285EF60403D6F702021EF7212
:101FE000A01D0148BE892A84AE843289EF60E06971
:101FF000CE85EF90401BAA864A86A6852285EF6093
:10200000C03AEF609033B7F7000083A587A1EF8057
:10201000902EEF90C0516F70601DEF720019B7F7EE
:10202000000003ABC7A1B7F7000083AB87A0B7F7E9
:10203000000003AC87A12A842E8AB28A3549C1499F
:102040004A869306000091452285EF600036AA8CEF
:10205000EF60B02EDA85EF80F05A0509635BA004CB
:10206000DE856685EF808072EF60302DE285EF803F
:10207000D061635005045686D2852285EF60E02C3E
:10208000AA844A8691452285EF60202C33A5A400BE
:10209000934715001305E48393C717001D8D1304A0
:1020A000C003336585026344A0001305C5036F7048
:1020B0004013E31739F98147F1BFEF728011B7166A
:1020C00002409C4E05671107D98F41119CCE3714F1
:1020D00001409307000A130504807C820D49E14703
:1020E0004C003EC64AC4EFE0DFE49307000413054A
:1020F00004807C824C0091473EC6EFE09FE3C147DD
:10210000C144130504804C007C8226C64AC4EFE01B
:102110005FE2B73701402328948096230D671307A9
:102120000704758F1367C7339AA3D62F7D771307DC
:10213000F77F758FDAAF1D479AAB9A2313670704B1
:102140009AA32328948029447D141305F00F137457
:10215000F40FEFE0AFCC6DF8B7170140414723A86B
:10216000E78041016F702009EF72A006B7170140A8
:1021700009672A8423AAE7C01181A53B1375F400DF
:102180008D3B7D141374F40F854763E68700094582
:10219000E13E6F704006130520030D33DDBFEF7283
:1021A00040032E8919C11305000413640508228514
:1021B000653FC144FD141305000293F4F40F6D3B19
:1021C000F5F8228555374A85E13B6F70C002EF7202
:1021D0004000B707002093870700A8331375E50F69
:1021E000A8B359376F702001EF62B07EB7070020A7
:1021F00093870700A8331375D50FA8B3B5376F6061
:10220000907FEF62107D054585370945B13E6F60CF
:10221000907E19E16F20F001EF62B0782E898C4139
:10222000B70400204571938704012147D8A32A846D
:1022300036D8B289EFF0AFCA93870401AA8A3EC6A6
:10224000695563C30A1E83270900B2462547D697FE
:102250002320F900D8A218406304071C032A440075
:1022600063000A1C2324F118A545C5472803232A27
:10227000F1182326011823280118EFF04FDB232043
:10228000AA0095452803EFF08FDA2322AA009304D1
:102290008A00130B8A0185452803EFF04FD988C0C7
:1022A0009104E39A64FF814B930C8004514D9D4D42
:1022B0008327047C63DAFB12B3849B03139B2B00FC
:1022C000229B014CD294D1A0B1452803EFF02FD628
:1022D00088CCA5452803EFF08FD5C8CCA1452803AD
:1022E000EFF0EFD488D091452803EFF04FD4C8D059
:1022F00085452803EFF0AFD388D44DC9894528031D
:10230000EFF0EFD2C8D485452803EFF04FD288D83C
:1023100095452803EFF0AFD1C8D895452803EFF0D5
:102320000FD188DC8D4523AE04022803EFF02FD0B7
:10233000A8C08D452803EFF08FCFE8C08D45280356
:10234000EFF0EFCEDC54A8C4B9E723AE040023AC11
:10235000040023A20402FC44B307FD40BCC8854529
:102360002803EFF0CFCCE8C885452803EFF02FCC49
:10237000A8CC85452803EFF08FCB9C4CE8CC050C0E
:10238000232EFB7C93848404110B8327847BE34DF1
:10239000FCF2850B31BF09476397E7009C5881E742
:1023A000A147FCC44DBF23A6B40575B7954523A628
:1023B000040223A804022803EFF06FC7C8D895458C
:1023C0002803EFF0CFC688DC95452803EFF02FC631
:1023D000C8DC91452803EFF08FC5E8C48D4528037C
:1023E000EFF0EFC4A8C8A5BF83270A008325090022
:1023F000C50A232AF47C83A70900C5052320B90058
:10240000B38A574123A0590132470326847CA94748
:102410005CA363FECA002285EFD01FE57D5529A08D
:102420002285EFD07FE4655579616F60505B0325AD
:10243000847D8327447D1307C4013ACA634FF5089E
:10244000B305F540BA953E863A85EF90E041032505
:10245000447D0326847C832509009307C4013E95AF
:10246000EF9060350327847C8327447D02C802C235
:10247000BA97232CF47C8327090002C0BA97232043
:10248000F90083A70900998F23A0F9008327847D91
:102490008E073EC4B567938747AA3ED2B16793873C
:1024A00047AA3ED68327047C02476344F7006F2087
:1024B000805893172700A297930980043ECCB30756
:1024C0003703424981443ED4B1679387877A3EDE21
:1024D000BD67938707A6BEC041A09307C4013E9580
:1024E000EF90602D0327847C8327847D2285BA9713
:1024F000232CF47C83270900BA972320F90083A7B3
:102500000900998F23A0F900EFD01FD6795529BF74
:102510008327447B63C0F410E24783A7C77D63C56C
:10252000070022476357F7002285EFD0FFD35D55A0
:10253000E5BD124752463E97935637401D8B3AC22F
:102540002247B29636CAB307F7403EC4E247850435
:102550001309E90391073ECC8327847BE3CAF4FA8D
:102560003247032D0400B5475CA3E30B0D4A8329D2
:102570004400E387094A032C8400E3030C4A032345
:10258000C400E30F034803280401E30B0848A257E3
:10259000856A938A0A90BE99C2479A9A130988312C
:1025A0003E9C01478327447BE34DF71EB757C26D1E
:1025B0009387073F814DBEC48327447BE3C8FD4614
:1025C00002478326447C3306D70237470020930511
:1025D00047C6130747C6BAC442573306F602060673
:1025E0002E9619C36F10C0483247BD475CA30247FF
:1025F0008327447CB307F7020327447BB387E702B2
:102600005844860719C36F1040482285EFD0DFC5B4
:10261000515519BD3247AD475CA31C40638207305A
:10262000032B4400630E0B2E83298400638A092E3A
:10263000D2471247232601182324F118A247232842
:102640000118BA979D072147B3C7E702232AF1185B
:10265000924789C7BE852803EFF06F9D8247925647
:10266000338AF40093078004B307FA02DA97D85349
:1026700006073697D457830AC7A3830BD7A3094706
:10268000639AE61083AC070363800C02014CA14CF3
:10269000D6852803EFF0AF99B3072C01CE9788A316
:1026A000050CE3179CFF8D4C130CE003338C840363
:1026B000C247194D3E9C8D47B387FC023E9C4E9C01
:1026C000D6852803EFF0AF96A30BAC00D685280380
:1026D000EFF0EF95230CAC00D6852803EFF02F9593
:1026E000A30CAC00850C0D0CE39CACFDB38A290156
:1026F000314CDE852803EFF08F93A384AA02DE8598
:102700002803EFF0CF922385AA02DE852803EFF09D
:102710000F92A385AA02850C8D0AE39C8CFD93077A
:10272000E003B307FA02BE99A38E0902238E0902C1
:10273000A38D090293078004330AFA0262475A9A6A
:1027400083278A01232EF77C524783278118998F8C
:10275000032701198E07998F13D7374093FD770010
:102760009246524693173700958FE2463A9632CA00
:1027700083A6C67D2246EE97B388F640B307F6409F
:102780003EDA634407006350D61A2285EFD0DFADEE
:10279000615559B9824795EF9307E003B387F40277
:1027A000014CAD4CBE99D6852803EFF04F88B38716
:1027B000890188A3050CE3189CFFD54ADE85280310
:1027C000EFF0EF86B387890188A3050CE3185CFF5F
:1027D00095B7139C4400210C5A9C832C0C00639FDA
:1027E0000C00194DD6852803EFF06F84B3872C01B8
:1027F000CE9788A3850CE397ACFF0DA09307E00369
:10280000B387F40201479946CE9742468385070075
:1028100005073E960CA28507E319D7FE83274C00D7
:1028200099EF994C2D4DD6852803EFF04F80B38753
:102830002C01CE9788A3850CE397ACFF05A89307DE
:10284000E0033387F402B307FA024E97830667006A
:10285000CE97F4A383067700F4B38306870094A78A
:102860008306970094B70307A700B8A783278C00B7
:10287000A5CF9307E0033387F402B307FA024E971C
:102880008306B700CE97B4B78306C700D4A78306E4
:10289000D700D4B78306E700F4A70307F700F8B71B
:1028A0008327CC00A5C39307E0033387F402B30763
:1028B000FA024E9783060701CE9794AB8306170161
:1028C00094BB83062701B4AB83063701B4BB03076F
:1028D0004701D8AB9307E003B307FA02BE99A38A76
:1028E0000900238B0900B9B5AD4AC14CDE85280328
:1028F000EFE0FFF3B3872A01CE9788A3850AE39719
:102900009AFF79BFC14A554CDE852803EFE03FF2BC
:10291000B3872A01CE9788A3850AE3978AFF5DBF14
:10292000924D7D5735BD3247B1475CA31C40E38DC6
:1029300007BE032E4400E3090EBE1844E30607BE9B
:102940005444E38306BEE3C108BECC5B8247130751
:1029500080043386F4003307E60272977C470857F9
:102960008507630A051E0328C70209456315A81ECB
:10297000185B631D071C0D47B3C7E702C107860735
:10298000BE958397E5003387E702930700249305FC
:1029900080043306B6027296484E130600240605DC
:1029A0006354A60013050024232AA1182A8663D3A2
:1029B000A7003E862328C118AA876353A700BA87B9
:1029C0002326F11893972400B6973ED002578567C7
:1029D000232401183E9793870790B387F40223209E
:1029E000A79022575246930981186EC2B70E0080F5
:1029F000E142B6973EC493078004B387F402BA97C6
:102A0000F2973ECE83A5090003A349003303B340E8
:102A1000635C6046E3CA08B0F247125703A8470355
:102A200093173800BA9703AA07A69247B307F04056
:102A30009D8B63840714034F0600130700021D8F4C
:102A4000930616003317EF00224F8A05FA95631993
:102A50000A12814723A0050023A205008907A105CA
:102A6000E3CA67FE014C92479109B3888841E29717
:102A700013D737409D8B3EC2F2473A9691073ECE20
:102A80005C0BE39137F981466350100982471307C5
:102A90008004A697B387E7023E9E8327CE0513974F
:102AA00027008647BA9783A90700BD67938787A544
:102AB000BA9703AE07009247B307F0409D8B638738
:102AC000073C1422130700021D8F9305160033974D
:102AD000E60093030002A246B383C341125E1318BB
:102AE0002500930ED02336983385AE403383F840CB
:102AF000014A8146BD4B214CB70E0080C14A614B53
:102B0000F299A54C63C7A63802578567BA9703A701
:102B10000790BA9623A0D7901307F023635BD7469C
:102B20009247BE9893F778003EC2D24793D8384078
:102B300046961D8EE34A069EB2973ECA92470E06FF
:102B40003306B6413E96D257918F01B48607BE95A3
:102B5000039705001DBD130580043305A6021397D6
:102B600017002E970317070072952849AA97850723
:102B70008607AE978397070019BDB2860147E9B56E
:102B8000925F131F2800338CF8407E9F032FCFB530
:102B9000F25F060F7E9F854F631BFA0F835F0F0066
:102BA00013080002014B93FFFF00214AC143B30FFA
:102BB000F841A94A3D486359880983CB0600338808
:102BC000F240B38CF34033980B0183CB1600C1075E
:102BD000411CB39B9B01B36B780133677701890676
:102BE0003358F701050806087A9803580800935CE3
:102BF0004800935BC80093FCFC00B3877741331710
:102C00007701814B63880C00B37BD701B3EB9B0149
:102C10000607FD17135888001378F800814C6308E5
:102C20000800B37CD701B3EC0C010607FD17E3CD18
:102C3000678F23A07501A10523AE95FF7913635A11
:102C40006022E3CFFAF8BDB73308FC00E35E008DE5
:102C5000635B800103CB0600B38BF2408506331B18
:102C60007B0133676701635A8A0183CB0600B38710
:102C7000F3408506B397FB005D8F9307F8FFB3D74A
:102C8000FE407D8F2D4B9307B800014C91BF9303FD
:102C9000EAFFE3EB7F88925F0E08014B7E98832367
:102CA000C8A513080002FA8F938B1300B30C784069
:102CB0003D486355880783CA06003388F240414D7A
:102CC00033980A0183CA1600330DFD40411CB39AA4
:102CD000AA01B36A580133675701C1078906294819
:102CE000E358F8FC83DA0F001308000293FAFA00A5
:102CF0003308584133580701050806087E980358E1
:102D00000800135DC80063100D060608C29FB38754
:102D10005741331757012E88C285D1B73308FC00BD
:102D2000E3540081635B800183CA0600338BF24069
:102D30008506B39A6A0133675701A14A63DB8A01AA
:102D400083CA0600414BB307FB40B397FA005D8F7F
:102D500085069307F8FFB3D7FE407D8F2D4B930771
:102D6000B800014CADBF935A480013588800B38790
:102D7000A7413317A7011378F80093FAFA003D4DE5
:102D8000C28F6394AA050D4DBD4A6312AA05B33ADA
:102D90000001DE9A338D870163485DF96ADC625C6D
:102DA000330CFC4063C0570B635A0C00E297938AC4
:102DB000F7FFB3DA5E4133775701014CB35A9701FD
:102DC000BD0AB38777403317770063880A00337DE5
:102DD000D701B36A5D010607FD173D4D631FA803C8
:102DE0000D48BD4F631D0A03338D8701634E7DF38C
:102DF000330CFD4063C47707635A0C00E2971388D5
:102E0000F7FF33D80E4133770701014CB35F9701C9
:102E1000BD0FB38777403317770063880F0033788F
:102E2000D701B36FF8010607FD1763CF67EF23A043
:102E3000550123A2F501791313888500635B6002B5
:102E4000FA8FD9BD850603CCF6FF628D338CF24034
:102E5000331C8D0133678701A10791B7850603C82D
:102E6000F6FFB38FF240A1073318F801336707016B
:102E700041B7B38767413E9C338C884163460CEA77
:102E8000E3D388BF6FF04FEA014CDDBFB285014745
:102E900089B163DD6B0A03CF0500330EFB40B38FAE
:102EA000FA40331ECF0103CF1500C1074113331F72
:102EB000FF01336FEE013367E7018905335E770069
:102EC0004E9E034ECEBD8142135F4E00B387E74155
:102ED0003317E701137F8E0063080F00B372D70129
:102EE00093E212000607FD17137F4E00814F63081F
:102EF0000F00B37FD70193EF1F000607FD17137D67
:102F00002E00014F63080D00337FD701136F1F00A0
:102F10000607FD17137E1E00014D63080E00337D6A
:102F2000D701136D1D000607FD17E3CF47BD232012
:102F300058002322F8012324E8014108232EA8FF8A
:102F40009106E3D1A6BCE3CBFCF66DBE330EF300D5
:102F5000E35CC0BB635B600003CF0500B30FFB40C5
:102F60008505331FFF013367E701635A6C0003C314
:102F70000500B387FA408505B317F3005D8F93070B
:102F8000FEFFB3D7FE407D8F294A9307AE00014371
:102F900035B7A245939726008506AE9723A0070074
:102FA000B5BE856793870790B307F70283A6C9026A
:102FB0009A973ECE8947639EF60083AD0903014A86
:102FC000638B0D0083270D000D4A994D89E7A14DB4
:102FD00019A0354AD94D2324011883A7890583AC4C
:102FE0000902850786073ECC83270D02858791C39A
:102FF000F91C890C9308200D814B8144014BB38847
:10300000984163827D0983264D03138E1B0093171D
:103010001E00B6970396070093971B00BE968397F2
:103020000600B3067C0183860600B307F64003A6BC
:10303000490519C631661306066D5E96030606003D
:103040003ADE724793152B00B296BA9562473E86D8
:103050002E85B386E602F2C042DC1ADA46D43ED0B0
:10306000C696EFE06FC88257A25852533E9B6258F3
:103070007257064E19C12324711983A70A00C98CFF
:10308000F28BE340FBF823200900832781182326D5
:10309000090023240900232AF900232209002328F8
:1030A0000900AD4763D747039307000281C48147F6
:1030B00063DE0400FD1723A2FA000507910A6109E7
:1030C00093898904130CEC036FF0CFCD8507860438
:1030D000C5B79307DCFF3ED09307200DB387974118
:1030E0002324411923264119232841198D433ED415
:1030F00083264D0393171A0093021A00B697839CF8
:1031000007038397E7028256931B2B00B38CFC4086
:10311000B3877202139E2C00C28DC28ECE8F81485F
:10312000B697F246B69B5E8F838677013EDEE24716
:1031300003A60F04BAC6B386F60222570E06F6851A
:103140003A967A85F2CCC6CA96C8C2C4B29666864A
:103150009AC2FEC076DC7ADAEFE00FB9525FE25E27
:10316000F257864F164326483647C642D648664E23
:103170008D4309C53403C69623A046019108B14684
:10318000C98C910F8507729FF29EE39FD8F8B38791
:103190007C0293963C003E9B814763C1970783A7BF
:1031A0000A006356FB00B547168AE393F2F423A0A6
:1031B0006A0183A70903B337F00085072320F900CC
:1031C000832781182322F9000326C1182324C9006C
:1031D000832601192326D90063D3C700B28763D39E
:1031E000D700B6872328F90093070002E38404EC94
:1031F0008147E3C104EC85078604E5BF03A60D0003
:103200008507B10B23AACBFE3386CD01104223AC38
:10321000CBFE3386DD001042910D23AECBFEB5BF51
:103220002285EFD06F8459556FF00FA03247B94710
:103230005CA31C4099E72285EFD00F8355556FF0B2
:10324000AF9E58403ACC65DB5444F5D60323440185
:10325000E30303FE9043D85BA14711C29947860759
:10326000BA978397070049466247B3C7C7023ECE65
:1032700082473385B70193078004B307F502BA97F5
:10328000CC5709476382E51C13870D240A0736973C
:103290001C4313076022930400026347F7009384E2
:1032A0007700B3C4C40285041387F4FF8565938552
:1032B0000590B385BD02370E25BEB7FEDC70375FC3
:1032C0009EC3B77F8D79B742E3D7B743DD7D37190A
:1032D000B7E8B7296D7F370AE5F3B387B600B78A39
:1032E000E47F3EDE3A8B130EAE0A938E4EBE130F72
:1032F0009F94938F3FE79382A2F49383730A1309F9
:1033000069179389790B130AFAE2938A0AE4B7AB37
:10331000C1FA63446015C9473307F70213962D00BD
:10332000B2968567B69783A7079021076353F70086
:103330003E8785673388F6002320E8904507494893
:1033400033470703BAC63307C300BA97BAC003A707
:1033500007D8BAC803A747D883A787D83ADA3EDC8C
:10336000930780043305F502E2473E951C5991E32B
:1033700002CE1309004833892D038567BE9603A743
:103380004690938707909D4A3AD082C2B38AEA401A
:103390003E99B307B3003ED499471A9963C3E70037
:1033A000D6C2F257225DCA8C9385C7FF82478149F6
:1033B000014B338AB70193078004330AFA02E247CC
:1033C0003E9A634E9B1E63D304008144130A80041B
:1033D000338A4403F257939A24001D4B3E9A930775
:1033E0004002B387F4023E99A257BE9A8257330B2C
:1033F000FB40B64763CCF43E268AC64763C9F45CFB
:10340000FD46494663D5966493060002638509002C
:10341000814663DC09640647856713068004BA9712
:103420000247FD1623A047D96E973307C7026246AD
:10343000850D3297585723A6D7D823A2E7D87247CD
:1034400023A4E7D86FF04F97985B8144E30007E629
:10345000F2471387F7FFBE8491BD9387870483A843
:10346000C7FF9043264833181803331CCE02330895
:103470008841060823AE07FF26483316C802B31852
:103480001E034696060690C383A887FFD043339851
:103490001E03331CCF0233088841060823AC07FF04
:1034A0003396CE02B3181F0346960606D0C383A8F0
:1034B00047FF904733981F03339CC202330888416B
:1034C000060823AA07FF3396CF02B3981203469645
:1034D000060690C783A807FFD04733981303331C11
:1034E000C90233088841060823A807FF3396C302A0
:1034F000B318190346960606D0C783A8C7FE904B9B
:1035000033981903331CCA0233088841060823A6DE
:1035100007FF3396C902B3181A034696060690CBE6
:1035200003AC87FED04B33988A0393887B3CB39CD3
:10353000C80233089841060823A407FF3396CA023D
:10354000B398880346960606D0CB37B6FC7F03AC0B
:1035500047FE83AC870113063626B318860337C8A7
:103560002EFE130868DC331D9803B388A841860833
:1035700023A217FF331696033318880342960606D4
:1035800090CF37C6FF7F03AC07FE83ACC70113069D
:103590004669B318860337C886FF1308D825331D3C
:1035A0009803B388A841860823A017FF3316960313
:1035B0003318880342960606D0CF7D1B99BB83271C
:1035C0000A03832BCA0289C7F2476353FB00814B6E
:1035D000E25752566353FB00014682569387850497
:1035E000BECA3E87994763C7D7129C0213830C0259
:1035F000014E814608436117F11733555541B30613
:10360000D5404843338EC64123A4C70533555541A1
:10361000B306D540D4D30325030071133355554168
:103620002322A300E318B7FC832741168802B2CCFB
:1036300085872322F1168327011485872320F1141F
:10364000EFD0BFA9C812EFD05FA9664633ECCB001C
:1036500063060C0E3C03BE856685EFD01FD41306AF
:1036600000093386CB02B167938747AF980293086E
:1036700040040145014C930E40023E96B16713830E
:10368000876E3C03BE85032E070283270302744323
:10369000B397D702135E2E40B306FE40338FAC00C3
:1036A000F2972320FF00B307A6009C43B397F602CE
:1036B000338EA500032E0E00F297330E16018A07F3
:1036C000032E0E00B396C603338E1501032E0E0093
:1036D00071137117F296131E55006A9E2320FE0087
:1036E000139E58008A066A9E2320DE0013DFF641EF
:1036F00013DEF741B3C7C701B3C6E601B387C741BD
:10370000B386E641D58F1105336CFC00F118E31C3C
:10371000D5F76DA89C020145814603230700611778
:10372000F117B306D340032347003385A640A8C74B
:10373000B306D340D4D3E312B7FEFDB5B167138E01
:10374000876EB2578565938505889002EA956A83EE
:10375000668593884751938E4C021C5283260E0235
:103760007842B396E602032F05008987B38FF640AF
:103770001105BE96232ED5FEB306E041B386F64171
:1037800003A708003397E602A1080A077E9783A7DC
:10379000C8FFB397F6028A07B387E7412320E30007
:1037A0009356F74113DFF7419CC1358FB3C7E7014B
:1037B000158FB387E7415D8F336CEC00711E711676
:1037C00013030308938505F8E319D5F99646E685B2
:1037D0005A866A85EFD0FFA233658501B3E9A90057
:1037E000938C4C02050B110DD645E1BEE2575256A3
:1037F00063D3F40001460257994702DE63CCE70227
:103800005ADED2874A879305490294431107A107DC
:10381000B3D6664123ACD7FE83A6C7FFB3D66641B5
:1038200023AED7FE8326C7FFB3D66641232ED7FE2D
:10383000E31DB7FC8C025285B2C2EFD0AFFEAC0ADA
:1038400013054A00EFD00FFE8C1A13058A00EFD043
:103850006FFD16462C034A85EFD03FB4B2571303D1
:103860000114130881189385070593870A181A8590
:103870009A885687814BBEC2832608008A0614C3E5
:1038800013DDF641B3C7A6018326C8008A0693DC80
:10389000F6412320D718B3CF960103A6C80083A60C
:1038A00005123396C602832688018A06B29613DC77
:1038B000F6412320D73033CF8601504983A6C51265
:1038C0003396C602832648028A06B29693D3F641FF
:1038D0002320D748B3CE760003A6851314453316AC
:1038E000D60283A2051283A64802B392D20283268F
:1038F0000803139E2600B3065600F29693D2F641B3
:103900002320D76033CE560003A6451483A60800B3
:103910003316D60283A6C5128320C502B3961602BB
:103920008320C803B296B387A7418A00B38F9F4113
:103930008696B3E7F701330F8F4193D0F641B3E793
:10394000E701B38E7E4033C61600B3E7D701330ECE
:103950005E40B3E7C70133061640D18FB3EBFB00DF
:1039600096472320D7781307070811089105910877
:103970007115E393E7F083278115130CC900130732
:10398000490289872320F9008327C11589872322CB
:10399000F9008327011689872324F900832703036D
:1039A000110C11038987232EFCFEE319ECFEF2565D
:1039B0002686CA855685EFD0DF8433E5AB00B3E9B0
:1039C000A900130A8A0462898504910A1DB4E2578A
:1039D000525663D3F40001464A852C03EFD0FF9B77
:1039E000A2579398F401939624004A8693D8F841FD
:1039F0002803BE96014813F3140013094902184125
:103A0000110621050A0798C28327C5FF135EF741F7
:103A1000B345C7018A07B3C717019A975D8F33680B
:103A2000E80013D7F74123A0F608B98FB385C54145
:103A3000998FCD8F232E06FEB3E9F90093860610E9
:103A4000E31FC9FA63030800268A85047DB2225762
:103A500093972400BA97014723A00700050793878F
:103A60000708E31BC7FE850471BA8506860955B2AF
:103A7000B386D7028245C25701470145829719E1B3
:103A80006FE09FB64D556FE03F9A58483ACE19E324
:103A90006FE0BFB7032C840163140C006FE0FFB626
:103AA000264793870702856C330BF70033079C0189
:103AB0003AD037C7134013071725BAC637278551A1
:103AC0001307B72FBAC837474F40130727673ADAAB
:103AD0003747B3401307D75BBACA37270B6D1307B5
:103AE000F70CBACC3747E142130707C13ADC373746
:103AF000FA411307D7D6BACE3757D94113070779FA
:103B0000BAD037A79148130747F43ADE3737F9435D
:103B100013071742BAD23797FC5E130767D9BAD496
:103B20003717CB52130737E6BAC03727CC461307EF
:103B300047BCBAD63727D84A130777A9F247BAD86D
:103B40000967130D47FD21679387070802CC930D82
:103B5000F7FFE2450257938607F893FB1500F245FD
:103B600015453686E69583A5C5D803270710014875
:103B7000634DB50019483308B8400C421106B3D55F
:103B80000541232EB6FEE39AC7FE03A607F883A8D5
:103B9000C7FF83A5C7FB03A307FC33051601B64483
:103BA000330616413396C402B38865000606B38512
:103BB0006540C644B395B40233031501960523A0AE
:103BC00067F833051541D2543395A402060523AE98
:103BD000A7FA3305B60023A0A7FC0D8E3396C402C6
:103BE000060683A887FF23AEC7FE03A647F883A572
:103BF00087FB03A347FC33051601D6443306164161
:103C00003396C402B38865000606B3856540E64472
:103C1000B395B402330315018E0523A267F833056B
:103C20001541E2543395A402060523ACA7FA3305E7
:103C3000B60023A2A7FC0D8E3396C402060683A805
:103C400047FF23ACC7FE03A687F883A547FB03A362
:103C500087FC33051601F644330616413396C40239
:103C6000B38865000606B38565408654B395B402F3
:103C7000330315018E0523A467F833051541F2546B
:103C80003395A402060523AAA7FA3305B60023A498
:103C9000A7FC0D8E3396C402060683A807FF23AA4D
:103CA000C7FE03A6C7F883A507FB03A3C7FC33051C
:103CB00016019654330616413396C402B388650044
:103CC0000606B3856540A654B395B40233031501C7
:103CD0008A0523A667F83305154186443395A40267
:103CE000060523A8A7FA3305B60023A6A7FC0D8E68
:103CF0003396C402060603A3C7FE23A8C7FE03A685
:103D000007F983A5C7FA03A507FDB3086600B654F3
:103D1000330666403396C4023383A5000606898DB8
:103D20004655B315B5023385680023A8A7F8374573
:103D3000E2648A051305E502B3886840B3181503E9
:103D4000860823A617FBB308B60023A817FD0D8E1F
:103D50003316C502060603A347F923A6C7FE03A62A
:103D600087FE03A587FA83A547FDB308C300330385
:103D7000C34037A69D4A130606CF331666023303A7
:103D8000B500B305B54037257D7C0606130535DB48
:103D90003315B502B385680023AAB7F8B725E24307
:103DA00006059385954AB3886840B39815038A0839
:103DB00023A417FBB308A60023AA17FD098E339688
:103DC000C5020A0603A387F923A4C7FE03A647FE7C
:103DD00003A547FA83A587FDB308C3003303C34097
:103DE0003736AE4F13061671331666023303B5002D
:103DF000B305B54037D56F6B0606130565F233156D
:103E0000B502B385680023ACB7F8B7953C6E0605DC
:103E10009385152CB3886840B39815038A0823A2AC
:103E200017FBB308A60023AC17FD098E3396C50215
:103E30000A0603A3C7F923A2C7FE03A607FE03A52C
:103E400007FA83A5C7FDB308C3003303C340372671
:103E50006056130676EA331666023303B500B305DF
:103E6000B54037F54C5F06061305B56E3315B50240
:103E7000B385680023AEB7F8B7559E510605938504
:103E800045E0B3886840B3981503920823A017FB58
:103E9000B308A60023AE17FD098E3396C50212069D
:103EA00023A0C7FE3256378F825A130FAF99130ED5
:103EB000C65B8842D04E83A8C60083AE0601B30518
:103EC000C50003230E00118D3315A3023383D801DF
:103ED000060503264E00B388D841B3181603B38FE6
:103EE00065008E0803268E00B3856540B315B602C3
:103EF000B30E15018605330515413316A602C842D7
:103F000083A28601060603A38600B308550083A397
:103F100046018324CE00330555403395A402B302F5
:103F20007300060583240E01330373403393640248
:103F3000B3835800060383244E01B3885840B398D6
:103F40001403B30265008A08610E3305654033959A
:103F5000A4020A05B3847F40B3149F023383154142
:103F600033136F020603C6959A959E9F86048CC6EE
:103F700023A0F601C4C223A66600B3855E40B31534
:103F8000BF02B308A6008605098E3316CF020606C7
:103F9000B298969EC69E3385C500AE9823A8D601DA
:103FA000C8CA23AC1601D0CE93860602E393F6F07E
:103FB000330677411D8A130606200A06814863945A
:103FC0000B0093880C8883A607F8B3051601E295C9
:103FD00094D194C10A0793860C8863930B008146A1
:103FE000369783A647F862971306068414D314C342
:103FF00003A547FE83A647FF4696AA9603A547FC5E
:1040000036952320A70A2320A70803A347FB03A56F
:1040100047FA1A952320A7122320A71003A547FDCE
:10402000AA962320D71A2320D71883A6C7FE03A554
:1040300047FF369583A647F92320D7222320D72090
:1040400083A647FDAA962320D72A2320D72803A397
:10405000C7FA83A647FB9A962320D7322320D7306E
:1040600083A6C7FC36952320A73A2320A73803A5AB
:10407000C7FE83A6C7FF369583A6C7F82320D7427D
:104080002320D74083A6C7FCAA962320D74A232003
:10409000D74883A6C7FA03A3C7FB9A962320D75213
:1040A0002320D75083A6C7FD36952320A75A232067
:1040B000A75883A6C7F903A5C7FF2320D7622320EB
:1040C000D76083A6C7FDAA962320D76A2320D76886
:1040D00083A6C7FB2320A77A2320A7782320D772A3
:1040E0002320D770B306CC0003A647F890D290C225
:1040F00003A587FF03A647FE2A9603A547FC329532
:1041000023A0A60A23A0A60883A847FA03A587FB35
:10411000469523A0A61223A0A61003A587FD2A96E4
:1041200023A0C61A23A0C61803A687F923A0C62277
:1041300023A0C62003A587FE03A687FF2A9603A512
:1041400087FD329523A0A62A23A0A62883A887FB53
:1041500003A587FA469523A0A63223A0A63003A57F
:1041600087FC2A9623A0C63A23A0C63803A687F860
:1041700023A0C64223A0C64003A507FF03A687FECF
:104180002A9603A587FC329523A0A64A23A0A64819
:1041900083A887FA03A507FB469523A0A65223A070
:1041A000A65003A507FD2A9623A0C65A23A0C658E9
:1041B00003A607F923A0C66223A0C66003A507FED5
:1041C00003A607FF2A9603A507FD329523A0A66A3A
:1041D00023A0A66803A507FA83A807FB469523A09A
:1041E000A67223A0A67003A507FC2A9623A0C67A70
:1041F00023A0C678631A087893060022B386DB02F0
:1042000002570146032707103AD4BA968A06E29667
:10421000984283A9C605B315C702AEC23307C702C9
:104220001306C0F8B395C902AEDAB389C902130602
:10423000403503A94600A44EB315C902AEDC3309CC
:10424000C9029305408D3395B402AADEB384B4024B
:1042500083A38600E84AB395A3032EC1B383A303C7
:10426000ED729385C2F73318B50242C3B302B502AB
:10427000196383AFC60003A806059305836B3395C6
:10428000BF022AC5B38FBF0237BFFDFF1305CF633F
:10429000B318A80246C7330FA802B79E040083A82C
:1042A000060103A8C60413858E473393A8021AC9D2
:1042B000B38EA802375E020013054E9CB318A80205
:1042C00046CB330EA80203A34601A8463318B30217
:1042D00042CD3303B3029568938548083318B5027D
:1042E00042CFB308B50203A88601E842B315A8037C
:1042F0002ED13308A8039305C072331AB50252D3E6
:104300003305B50203AAC601AC42B31ACA0256D598
:104310003306CA02130A4007B39A450356D7B3853A
:104320004503370A0002964A3A9A3337EA0056970D
:10433000D65AD29933BA490156975297665A4E992E
:10434000B339390152974E97F659CA9433B92401BB
:104350004E973A990A47A693B3B493003A991A47ED
:10436000CA949E92BA942A47B3B37200A693969FBA
:10437000BA933A47B3B25F009E927E9FBA924A4781
:10438000B33FFF01969FFA9EBA9F5A4733BFEE0193
:104390007E9F769E3A9F6A47B33EDE01FA9E7293F5
:1043A000BA9E7A47333EC301769E9A983A9E0A5740
:1043B00033B36800729346983A931A57B33818018A
:1043C0009A984295BA982A573338050146982A9602
:1043D0003A983A573335A600B29542953A9533B696
:1043E000C5002A963206D181D18D13D6F54113D559
:1043F00055413347B6016314A60013D76540B38512
:1044000096012310EBFE1306001A03A70580331A4A
:10441000C7023307C702096603AE45801306C68785
:10442000B319CE02330ECE02256303A58580130691
:10443000C37F3319C5023303C502B7F8030003A5D0
:10444000C5801386C884B314C502B308C502597861
:1044500003A5058113064842B313C5023308C502FC
:104460001306C0F403A54581B312C5023305C50286
:10447000930E802403A68581B31FD6033306D6038B
:10448000B15E83A5C581339FD503B385D503B70E30
:104490000002BA9E33B7EE00769E5297B33EDE011D
:1044A0004E9772937697333EC3014A979A987297C4
:1044B00033B36800269746981A97B33818011E97A9
:1044C000429546973338050116972A964297333519
:1044D000A6007E972A97B29533B6C5007A973A968A
:1044E0003206D181D18D13D6F54113D555413347CD
:1044F000B6016314A60013D765402310EB003257B2
:104500009386060893092BFE130AEB011306C76571
:104510000C4283284600984203A9C6053315B7020A
:10452000AADA3305B702AAC233151703AADC330788
:104530001703B308104133151903AADE3305190315
:104540002AC13315B9022AC3B305B9022EC50846DC
:104550004C46C44203A986053398A40242C7338857
:10456000A40242C93398B40242CBB384B40226CD2C
:10457000B305B040B314B90226CFB305B9022ED1AA
:10458000B315A9022ED3B305A9022ED5484A0C4A69
:10459000844683A346053398B40242D73388B402D5
:1045A00042D93398A40242DBB384A40226DD33054A
:1045B000A040B394A30226DF3385A302AAC133959A
:1045C000B302AAC3B383B3020C4E484E83A2C60003
:1045D00083AF0605B394B202A6C5B384B202A6C7E0
:1045E000B394A202A6C9B382A2023305A040B39439
:1045F000AF02A6CB3385AF02AACD3395BF02AACFB7
:10460000B38FBF020C52485203AF060183AEC604FB
:10461000B314BF02A6D1B304BF02A6D3B314AF0232
:10462000A6D5330FAF023305A040B394AE02A6D790
:104630003385AE02AAD93395BE02AADBB38EBE0281
:104640000C56485603AE460103A38604B314BE02BB
:10465000A6DDB304BE02A6DFB314AE022320911080
:10466000330EAE023305A040B314A30223229110EF
:104670003305A3022324A1103315B3022326A1106E
:104680003303B3020C5A485A83A8860103A8460490
:10469000B394B80223289110B384B802232A91104E
:1046A000B394A802232C9110B388A8023305A0402C
:1046B000B314A802232E91103305A8022320A112BF
:1046C0003315B8022322A1123308B802045E03296D
:1046D000C603CC4E13060604A842B39A95022324BF
:1046E0005113B38A950223265113B39A2503232825
:1046F0005113B385250333092041B31A2503232A17
:10470000511333092503232C211333199502232E2A
:10471000211333059502B70400026659BA949A4AE8
:1047200033B7E4004A972A495697EA4A2699B334A0
:1047300099002697B3045901DA4A33B924019386C4
:10474000060856979A5A4A972A595697EA5A269926
:10475000B33499002697B3045901DA5A33B92401C6
:10476000A69356974A971E49B3B493009E924A97D0
:104770004E492697B3B372004A971E97FE43969F01
:10478000B3B25F001E971697AE527E9FB33FFF01F4
:1047900016977E97DE5FFA9E33BFEE017E977A977B
:1047A000032F0110769EB33EDE017A977697832E13
:1047B000C1107293333EC30176977297032E811115
:1047C0009A9833B3680072971A9703234112469858
:1047D000B33818011A97469783280113C29533837B
:1047E000A5000325C11333B8050146974297B33599
:1047F000B3002A972E9796451645B7040002A69552
:1048000033B8A5005655BA442A980A45B388A5007E
:104810007655B3B5B8002A984A45C295A69533880F
:10482000A800FA44333518012E958A552695CA54A6
:10483000C29533B80501B3889500BA544295B3B513
:10484000B80026952E958E45338EB800FA55B338AC
:104850001E01832401112E95BE4546953308BE00E6
:10486000AE45333EC8012E952A9E5E45EE452A9EF2
:104870001E55C29533B80501B388A5000E55429E5A
:10488000B3B5B8002A9E2E9ECE553385B800BE55CE
:10489000B33815012E9EFE55469E3308B500EE55E1
:1048A0003335A8002E9E832581102A9E3305B8003B
:1048B00083254110333805012E9E83254111429EE8
:1048C000269EAA9533B5A5002A9E032501128324AE
:1048D000C1112E95B335B500269E2E9E8325C1129B
:1048E0003308B500832581123335A8002E9E832519
:1048F00081132A9E3309B8008325411333380901F7
:10490000135949012E9E72983208336928011355B4
:10491000F94113585941B345B50163140501935545
:104920006940320713554301598D2390B90013583C
:1049300055419355F54133C7B501639405011357AC
:1049400065402310EA008909791AE39369BD22576B
:104950008256138B0904330777411D8B23A0E61081
:1049600062479387070805073ACCE24649476392B6
:10497000E69EC257C9EB824785073EC0C247938770
:10498000E7033EC86FD01FB28841FD48B388084195
:1049900037060080335606011353F541335E154147
:1049A0007D166304C3013345C3003315050188D167
:1049B00088C113850C803A950C4313D3F54133DE3F
:1049C00015416304C301B345C300B39505010CD37E
:1049D0000CC313070708E311A7FE93850C80B69557
:1049E00098421355F7413353174163046500334729
:1049F000C5003317070198D298C293860608E39141
:104A0000B6FE6FF06FFF8326447C02478327447B0A
:104A100082453306D702014505473306F602B386C1
:104A2000F602A64706063E96C257829729D56FF032
:104A30006F856D55828001456FD01F9FEF42607674
:104A400001112E8A23A006006C082A8432C6B68A79
:104A5000EFD0AF82AA893DE1834914016390090632
:104A60001C28858B638E07100329C4005C483246DE
:104A70003309F940637326013289370B0020930B09
:104A80000020130CF01F130B0B00854C7D5D63079A
:104A900009025C4813F7F71F59EF7247835DA700BF
:104AA00013D79700FD1DB3FDED0063990D0299EB3F
:104AB000084463EEAC0089471CB889494E850561FE
:104AC0006F40E0710C4C0840EFD08F8ADDB7631661
:104AD000A50185471CB88549D5B708CCF2460C4CD2
:104AE000368536C6EFD0EF8179D5B387AD006373D5
:104AF0002C05B2469354990033869D00BA26637400
:104B0000C700B304B74103472B009432058B558F80
:104B100069F3814D6394B401A604B9A093959D00F7
:104B2000D2953385B7013EC6EFB03FBA5DF1850D32
:104B3000B247CDB75CCC5C48CA8493F7F71FB38704
:104B4000FB4063F32701BE844C4C7245EFC01FFD50
:104B500049F1F2455C4826869385850293F7F71F55
:104B6000BE955285EF60304583A70A00330999400E
:104B7000269AA69723A0FA005C48BE9444C801BFB9
:104B80009D492DBFEF42406341112A8AAE84014402
:104B900001499309F6FFA94A354B636B3401A2948E
:104BA0002380040011E04A84228541016F400064A3
:104BB000740005469305B100528549356DF1B24741
:104BC000F9DF8307B1000549E38B57FDE38767FDF4
:104BD000338784001CA30504C9B7EF42805F938725
:104BE000818083C787324111AA8593F7F70F138419
:104BF000818089C72AC6EFB01FF5B2451306F003BE
:104C00001305C445EF60504D8547A30D04482304A8
:104C1000F432A304F432054541016F40C05DEF4218
:104C2000405BFD575CC9230205002A84EFC01FEFDB
:104C3000914771E983447422834764221307B00EBD
:104C4000A204DD8C834784026388E700E10793F7C1
:104C5000F70F05476362F70AAD67938757A5639D12
:104C6000F400B7F500002146938505A71305A407B6
:104C7000EF603032814741C983474403034734031F
:104C8000A207D98FC207C187130700206396E706E2
:104C90000347540335C39307F7FFF98FB1EF8347F9
:104CA000740303476403A207D98FB9C783478403FA
:104CB0000547FD176362F7048347A4030347940382
:104CC000A207D98F95CB8347C4030347B403A20738
:104CD000D98F1307F0076369F70013058404EFC049
:104CE000DFE7C167636AF5000347F4038347E40322
:104CF00022075D8F814701EB2D67130757A5894771
:104D00006383E4008D473E856F40E04EEF42E0490B
:104D1000011123A005002EC6EFC0BFDAAD476341E5
:104D2000053A938781800A053E950324C549138976
:104D30008180B14763060438B24580C11C2014301D
:104D400091CBB707002003C727008147058B558FFC
:104D500063080736230004008D4763930636EFD0BF
:104D6000CFB5A30B0930EFD04FB5B717014041477E
:104D700023A8E780A944FD141305F00F93F4F40F62
:104D8000EFB0DF89EDF8B714014093840480C14986
:104D900023AA34011306500981450145EFB0FF8B6A
:104DA0008547AA8A630FF50023A834011305F00F85
:104DB000EFB0DF86B707002005472381E7008D4766
:104DC00001A6130670089305A01A2145EFB0FF88CD
:104DD0002A8A631955091305F00FEFB03F841305B4
:104DE000F00FEFB0BF831305F00FEFB03F83AA843D
:104DF0001305F00FEFB09F82639644019307A00A5A
:104E00006301F504B7170140414723A8E78079BF44
:104E10000546814513057003EFB03F848549E3E300
:104E2000A9FE0546B705004013059002EFB0FF82CA
:104E30006304051EE31835FDEFC01FF3FD14E9F808
:104E4000D1B7896493841471D5BF85471306F00FD9
:104E5000930500204145A30BF930EFB01F80630E8E
:104E6000051E4DB79147E311F5F4896493841471DD
:104E70002DA00546814513057003EFB00FFE85494F
:104E8000E3E2A9F80546814513059002EFB0EFFC77
:104E90004DDDE31935F7EFC03FEDFD14F9F89DB78F
:104EA00011478547630EE52063F4A700B54709ACB9
:104EB0008347440303473403A207D98FC207C1873E
:104EC00013070020E394E7FE8349F4038347E403D8
:104ED000A209B3E9F900639709001305C404EFC000
:104EE000DFC7AA89834484032328340105479387B5
:104EF000F4FF24B093F7F70F032B4401E368F7FAAC
:104F0000034A540393170A01C1833EA4C5D39307F0
:104F1000FAFFB3F74701D9FB8347A403834A9403FD
:104F2000A207B3E75701939A070193DA0A41939BCB
:104F30000A0193DB0B012314740193F7FB00BDF707
:104F40000345C4038347B40322055D8D09E51305BA
:104F50008404EFC09FC08347740303476403A20720
:104F6000D98FA9D7B386340313D74B003E97369712
:104F7000E36EE5F2198DB3544503E36945F3370653
:104F800000105516E36496F2416655166370960854
:104F90000D4A5A978904DA9758D044C4232C6401E7
:104FA0005CCC0D476315EA048347340503472405A9
:104FB000A207D98FB3E7FA00C207C187E39807EECB
:104FC00013054405EFC07FB908D08A049384F41F09
:104FD000A580E3ED99EC8357094A23004401850736
:104FE000C207C1832310F94A7EA08147D1A8E38F6D
:104FF0000BEAB6971CD089476314FA008604F9B708
:105000003387E40285880583BA94C9B7056A551ABF
:10501000333A9A00050AB5BF1306F00F8145130510
:10502000A003EFB08FE3E31F05DC1305F00FEFB033
:10503000EFDEAA841305F00FEFB04FDE1305F00F7B
:10504000EFB0CFDD1305F00F93F40404EFB00FDDE4
:10505000E38D04DE8947A30BF930B71701404147C0
:1050600023A8E7801305F00FEFB04FDBB707002050
:1050700081452285238107005D368947E312F5E2E9
:1050800004089309E41E930AE422268A4E85EFC0A1
:10509000DFAC2320AA00C109110AE39959FF9389C3
:1050A0000401054A8C400D4589C522858D3EE3717A
:1050B000AAE09104E39899FE11478547E318E5DEDD
:1050C0003E8505616F40E011EF42A00D8329050088
:1050D0004111AA8B2E841306F0029306C005030724
:1050E00004006305C7146303D71423A40B00142022
:1050F0007D47637FD7129387890293840B02130A3B
:10510000F002930AC0053EC42D4693050002268591
:10511000EF40200F01490147A14C130D0002930DF0
:10512000E002AD46130600089308F0091303F003EC
:10513000130EE007930EC00F714FB305E40003CBCD
:105140000500130C1700637E6D0163044B01631FA0
:105150005B0F33078401030707006307470F6305ED
:10516000570F62946307091C83C60B021307500E86
:105170006395E60015472380EB02130700021149EF
:1051800063776701830604006353D700014983A74F
:105190000B00A3852B035E853EC2EFC07FA92A8B3F
:1051A0006318051C054DFD5D83A58B011245EFC0FD
:1051B000FF962A8B631E051A03A5CB01182135C360
:1051C00038359376F7032383DB0034353AC6A18A5A
:1051D00081EA2D46A685EF60C05B3247630D05145A
:1051E00083A60B01B707200003AC0B00938C0602CB
:1051F00063E4FC0023AC0B0003A68B011DC213FB70
:10520000FC1F63100B1283A54B01050623ACCB00DA
:10521000F9ED83558C0013D65C006364B61023ACA3
:105220000B00114B631E0900154B19A8050445BD61
:10523000130700F8A385EB025E85EFC07F9F2A8BE2
:105240005A8541016F30B079050C21B7630ABB1351
:105250006371990F6379660563F8680193050B0222
:1052600093F5F50F6361BF04229C13052700030724
:105270000C009375F70F637EB30A6376BE00635A22
:10528000070A63E8BE0A1387FCFF6374E90A130781
:105290001900B38F240123806F01269709090CA3FD
:1052A0002A8C628759BDB7F70000DA851385C7A736
:1052B000EF60E05F3DED1307FBF91377F70F6548EB
:1052C000AD46130600089308F0091303F003130E0C
:1052D000E007930EC00F714F6365E800011B137B5D
:1052E000FB0F338724012300670105095DBF0356C7
:1052F000AC0013D59C007D16698E05E66285EFC073
:105300003F87AA85637AAD06630AB5070326CC00FA
:10531000E377C5F023AAAB006285EFC08FFE23AC14
:10532000AB0013078C023A9B23A89B0123AE6B01B1
:10533000A5BD194B31B7E31509F0418BE30607EE24
:1053400003A70B01A24783C509001377F71F3E97F8
:10535000343F302FA206D18E0D466398C500503BD6
:10536000582B2206518F4207D98E23A4DB0069BB3C
:105370009147E317FBEC75B5094BD9B5054BC9B59A
:10538000E389DCFA2149AD4C29BFEF3290643971D1
:105390002EC62A840C086800953AAA842DE5C247D7
:1053A000B24548081CC03ECA0533AA8429ED8307CC
:1053B000F10363C907048347A101C18BA1EB4255E7
:1053C00042493C3D382D83460900A207D98F0D473D
:1053D0006398E600583954292207558F4207D98F20
:1053E0001CC47105EFC06FF78357690048C4232EB2
:1053F00004005EA085471EA8232A0400268521619B
:105400006F30705F994423200400CDBF9144E5BF05
:10541000EF3230599C4155713EC2DC411389818085
:1054200004413EC49C45832D4500032D85003EC0AC
:10543000DC451306C00881451305C94A3ECAEF3052
:10544000505CFD572320F952232EF9502247824702
:10545000924605486A86EE852685EF30002382470E
:1054600022479246AA892322A94A01486A86EE85E4
:105470002685EF3080212324A94AAA852A8A4E85D1
:10548000EF505018138481806356A0002322444BB0
:105490002324344B8245130500008149EF50B0505E
:1054A000AA866A86EE852685EF20307022469245D0
:1054B000854CEF30702D93070000AA8A2328F44A08
:1054C0002326F44A3E8A02C66685EF60600CB7F771
:1054D000000083A507A2EF50006282452A8CEF509E
:1054E000904CAA866A86EE852685EF20106C924540
:1054F0002246EF307029B7F7000003A947A22ACC53
:105500005685CA85EF5070186350050E6245CA85EE
:10551000EF50500F1345F5FF1359F501B7F7000091
:1055200083AB47A25685DE85EF50D00D6350A00CAB
:105530006245DE85EF507015932B1500B2476394DA
:10554000077C6308097C628BA14ADA855285EF509B
:10555000E023B7F7000083A547A1EF50D01B824599
:105560002AC8EF505044AA866A86EE852685EF2029
:10557000D06322469245EF303021AA86630C0900A1
:10558000B7F7000083A547A22ACEEF50B007F24636
:10559000635D0500638E0B04B7F7000083A547A287
:1055A0003685EF50900E6345A004424BFD1AE39EF2
:1055B0000AF8DA855285EF50601DB7F7000083A521
:1055C00047A1EF50501563070902EF20B061232671
:1055D000A44A639809024AC6850C93071009E24A57
:1055E000628AE393FCEE31A801490DBF814BB9B744
:1055F000424A6DBFEF20105FB2472328A44A63855B
:10560000073E82450325444AEF50F039AA866A8650
:10561000EE852685EF2070592A89EF3000522A8CBA
:105620004A85EF30702DAA894A85EF30B034232A9D
:10563000A44A4A85EF307032232EA44A4A85EF30BF
:10564000B02BAA856285EF506014EF20B069B7F7E0
:10565000000083A587A2EF50004AEF50506D05056A
:105660002322A44C4A85EF303029E285EF50B03335
:10567000EF205067B7F7000083A507A2EF50A047BF
:10568000EF50F06AAD476313053637FA0000832503
:105690008AA12324F44C4E85EF50E045EF50306949
:1056A000050582452328A44C0325844AEF50B02FDA
:1056B000AA866A86EE852685EF20304FEF30E047D8
:1056C00083258AA1EF502043EF5070668327444B17
:1056D00082460505379800002326A44C1308481776
:1056E0004A876A86EE852685EF2070548327C44B4F
:1056F000824637980000232CA44A1308A8154A872D
:105700006A86EE852685EF2090522320A44C894797
:1057100063CCB72F9387CD001387F4FF938A1700CC
:10572000B547B38AFA021546930540069147B56915
:10573000832B444A832C844A6685B3CACA02B36663
:10574000B702EA9AB69AB3C6F60293070019B347AE
:10575000F702B69A3347B702BE9A9D47DE853307F4
:10576000C702BA9AB3EAFA02990AB3EAFA0293872D
:1057700049AA938949AAD69783C787C63EC8EF50DE
:10578000902237F700008325C7A22AC6EF50A078E1
:10579000930500002A8BEF50406FC2476356050007
:1057A00037070080334B67011385F7FFEF50505EDA
:1057B000DA85EF504076DE85EF40507DAA85232ABA
:1057C000A44C5A85EF40907C33865901232CA44C7D
:1057D000034506C732C88A0A7D15EF50705BDA852B
:1057E000EF506073DE85EF40707ADA85232EA44C8B
:1057F000EF40D07942462320A44ECE9A034586C777
:1058000032CE7D15EF50D058DA85EF50C070DE856E
:10581000EF40D077DA852322A44EEF40307783A67D
:105820000AC82324A44E5E85B68536CC37FB00001B
:10583000EF40D07583250BA2EF50F016EF20903A81
:1058400003A7CAC9232AA44E5E85BA853AC8EF4089
:10585000F07383250BA2EF501015EF20B03803AB87
:105860008ACB232CA44E6685DA85EF403072B7F7D9
:10587000000083A507A3EF501013EF20B03683AAD2
:105880004ACD232EA44E6685D685EF403070B7F7FB
:10589000000083A507A3EF501011EF20B03442475A
:1058A000E2462320A4502324E45037F70000832548
:1058B00047A332452322D450232854512326645130
:1058C000EF5060237246AA8A034506CF7D15EF503C
:1058D000304CD685EF502064DE85EF40306BAA85D2
:1058E0002326A44E5685EF40706AB7F7000083A5C3
:1058F00087A32328A44E6285EF50C0508147635C84
:105900000500B7F7000083A5C7A36285EF50E057F5
:105910007D819347150083258AA12328F45262854F
:10592000EF50601DEF50B04089473345F5022247E4
:10593000824792466A86EE85EA8C854A930B00027E
:10594000232AA4522685EFC08FE92A8BEE88268869
:10595000FD1C42D4C6C0E6D06347900190108C0075
:105960002810EF20D01922588648865C82472247AB
:1059700092466686C685428546C842C6EFC02FE677
:105980006317AB00850A3248C248E3937AFDB7F546
:1059900000009385C5A88800232A6451232C545104
:1059A00023240452DD3225E5B7FB00001306000472
:1059B0008C108800EFF00F9D05C593868BAA0D46CD
:1059C0002C108810EFA07FBF8D47E311F5FEA25782
:1059D000E39EFDFCB257E31BFDFCC2572324F452A7
:1059E0008800EFC08F8C1DA88549FDB69307800302
:1059F00063D5A7009307F5FC49B99D477D1533652D
:105A0000F5029307150051B1EE87268701BBB7F564
:105A10000000938585A988008D3A59D5B7F5000017
:105A20009385C5AA880023220452853241E1B7FC40
:105A30000000930BF00F130600078C108800EFF0A6
:105A40006F9435C1614681452810EF30807B938685
:105A5000CCAB19462C108810EFA03FB699476315C0
:105A6000F512E257F256225763047701E31567FDFA
:105A7000325709C70326444BE31FC7FA425709C7E9
:105A80000326C44BE319C7FA52576307770109C7C6
:105A90000326C44CE311C7FA89C703278451E39C4A
:105AA000E7F82322D4528800EFC02F804A85EF30D8
:105AB000A064E285EF50206FEF20D022B7F70000FE
:105AC00083A507A40D4CEF500045AA854A85EF50E9
:105AD000806DB7F7000083A747A4AA8B3EC6B7F72F
:105AE000000083A787A43EC8B7F7000083ACC7A413
:105AF0005E85EF3060602ACC5E85EF300004E247BF
:105B0000AA853E85EF50206AEF20D01DB2452ACCF1
:105B1000EF50402FE2476357A000C2453E85EF504B
:105B20008068AA87E6853E85EF40F07CAA855E8581
:105B3000EF5060677D1CAA8BE31C0CFAEF20F07F0E
:105B400083258AA1EF40307BEF50701EB1470505D9
:105B50003365F502232EA4504A85EF30A0615247E9
:105B60002320A45285476317F70E032A8AA10D4903
:105B7000BD4BFD49AD4A63D179038D47A949D24B4D
:105B8000630AF900014571A09547E316F5EAE2566C
:105B90008147D1BD1149C5B78247224792465E86EB
:105BA000CA852685EFC02FC12A8BEF201079D285B8
:105BB000EF407074EF50B017631C55099387FBFFDB
:105BC00026D4CAC0BED06347F00090108C002810C5
:105BD000EF20E072824722479246065686452255BC
:105BE000EFC06FBDEF3000592A8C5A85EF308058D6
:105BF000635085076A86EE852685EF200075AA89A1
:105C00005E86CA852685EF20407433A5A90013451A
:105C100015009384E48313451500898C9307C00312
:105C2000B3E4F402634490009384C4038327C45113
:105C30000327045223269452232AF450232CE450A1
:105C400063C507008587232AF45269616F302059A4
:105C5000850B15B76A86EE852685EFC00FBC5247C7
:105C600089472326A452631BF7089147268A63C9F4
:105C7000B7016395FD00B54763C4A701138AF4FF1C
:105C800093071A0013F73700014909EF130740067D
:105C900033E7E702054919E71309001933E9270338
:105CA000133919006A86EE852685EF20006AAA84DA
:105CB000394691455285EF2040693385A44081479C
:105CC000938989CFA9453339200131463387F900BB
:105CD000182381466393B700CA8636976346E5006A
:105CE0008507198DE394C7FE2D476353F700AD4731
:105CF0000505232AF450232CA45081BF232A645184
:105D0000232C545199B7E39E098EE3870B8C6FF0D7
:105D10009F83E393098CE3980B82B2496FF0DF8B8A
:105D2000EF3220489387818083C79732597185CF9E
:105D300013848180B70B00209304C44585471389E1
:105D40000B01A68588082302F900A304043222CEA1
:105D500002D2EFF08FE393870B013EC001C923020B
:105D600009002304043265616F306047268593057E
:105D7000E002EF50B038814429C18306150095CE6A
:105D8000030725001DCB8307350085CB030645009F
:105D90000DE693F6F6FD13065004639EC6001377D6
:105DA000F7FD9306E0046318D70093F7F7FD938798
:105DB000D7FB93B4170093F4F40F232404548145C4
:105DC0008808232C0452232E045223200454232217
:105DD000045423049454EFB0BFEC01C98808EFB019
:105DE000DFCC824723820700ADBF54182946938534
:105DF00081808808EFE09FC475F1D2558D47E3FF9D
:105E0000B7FC91C4014613858180EFB05FC4525541
:105E1000A9476310F526182093079004631BF72405
:105E20001830930740046316F72438209307300393
:105E30006311F72499472947B306F40083860600C7
:105E4000E3CE06F88507E399E7FE7C203707E00FED
:105E5000B7C61F00D607F98F78303A07758FD98FEC
:105E600018249166938606F81E07758F143493F6EE
:105E7000F6073697BA97583013894701418B19E3D3
:105E80001389A700F647E3EB27F58549CA858808FB
:105E9000EFB01FE121F5B3E99900638A09025418B4
:105EA0001146938581808808EFE05FB905F9525764
:105EB0009147E315F7F299C44A869145138581808D
:105EC000EFB0FFB85255EFA0AFA3E30905F0CA85C4
:105ED0008808EFB0FFDCE31305F08327C454E39F89
:105EE00007EE85479305407E13050455B73C002017
:105EF0002326F454EFB08FFD9387CC35372B002049
:105F0000B71D002013898D01371A0020232EF45469
:105F10009307CB5C130549D3130DC9D6930949E107
:105F2000130C49EB2322F4569305800393078A4C04
:105F30002324F4562328A454232AA455232C34556F
:105F400023208457EFB08FF86A859305800AEFB05D
:105F5000EFF74E859305000AEFB04FF785699385FB
:105F600089901385CC35EFB06FF6628593050033C9
:105F7000EFB0CFF5938509D91305CB5CEFB00FF5E2
:105F80009385491013058A4CEFB04FF4FD57230356
:105F9000F44423220430231104442312091EA301D4
:105FA0000430230504320967A3000430370D0020B4
:105FB0002312E4442300043013070D001CA3B70C84
:105FC00000200149014A014B8149138C81D5938CF2
:105FD0000C01938B8180130D0D006EC60347A43214
:105FE0001377F70F6311071C639B0904925D130776
:105FF000002A6366B7058247F24509476E86138516
:106000008180D8A3EF5050061306003014103306D9
:10601000B641B305B40188089659EFE03FA2631476
:10602000051899C4125582554E862295EFB03FA2AD
:106030008259125722CE4E973AD293B9190012576D
:106040008D4663F2E616824772461308F7FFD4A323
:10605000B28581469308F00F1303000F63C3060354
:1060600063930914751732973ACE0D473AD2814996
:10607000B5B789C4EFA0CF88E30205D681490149AD
:1060800031B588216317150188311375050F630237
:10609000656085068505D9B785052ECE7D173AD270
:1060A000E38E09F212571DFBFDA8724705073ACE91
:1060B0001257EDB75257C166938606A06307D70003
:1060C000FD66938606406313D76093060009330785
:1060D000D702A166938606D0B356D702382205832D
:1060E000058B3697C1666373D75E93170701C1832B
:1060F0003EC4630D075CA247130700306365F70ACF
:10610000930D501F034704301377F70F630F0B06EF
:1061100011C70347A4321377F70F39CF0347A432CF
:106120001377F70F49E3130760F9630EE9069257F7
:1061300091462382DC003EC2F24D814663060B008D
:10614000B72600009386C6DF50106C086285EFC04A
:106150004F8CFD562A896313D50463900912924728
:106160006ECE930600303ED2E393D7F013871D0026
:106170003ACE1307F02FDDBDFD1DC20D93DD0D01DD
:10618000638B0D00EFB0BFC1B5BF41F703471430BB
:106190001377F70FB5BF130960F949B7CD56631AE6
:1061A000D50C83C7AB329304501F1309F00F8347FC
:1061B000A43293F7F70F85E78347043093F7F70F7F
:1061C0006391074C8347143093F7F70F639B074A9B
:1061D000B7070020938707009C236314F94AB7068A
:1061E0000240DC4E41677917F98FDCCEB7070040DB
:1061F000DA27B73601409305407E42074183799BF9
:1062000042074183DAA779579AABDA2762854207BA
:1062100041831377F7EF42074183DAA79A234207B6
:106220004183799B420741839AA393070008239AED
:10623000F6C283D706C03707002013070700C2073E
:10624000C183F99BC207C1832390F6C083D746C49C
:10625000C607C5832392F6C4FD571CA3230104304F
:10626000A300043023000430EFB04FC623260454AB
:10627000B5B6F9566305D5400DC563080B00050A90
:10628000137AFA0F9D46E3E046F3F246E39ADDE027
:1062900092566380064413871D00FD163ACE36D20F
:1062A00001B54C186285EFB08FE5A6460D47E39C1B
:1062B000E6EE3649E31909EE86464147E395E6EEF8
:1062C000E2560547E391E6EEF2562167130707D041
:1062D000E39BE6EC964613070048E396E6ECD256BD
:1062E0004167130707A06387E6007D671307074030
:1062F000E39BE6EA63100B32154783264D002382A9
:10630000EC0037E7B80513070780E39EE6E8371788
:10631000024054431306004093F60670E395C6E826
:10632000B2478566938586BB138687012324B61EF4
:10633000A1652326061E938505D02328B61E232A91
:10634000061E104F93855680938606804D8E10CF83
:10635000504FC165F9151366160050CF504BB24728
:106360001366160050CB5047138A8701D18E54C74D
:1063700054477D761306F67FF18E54C7144B93E68F
:10638000160014CB144BF99A14CB37070240504F28
:106390006D8E50CF232E07002320070223220702F1
:1063A00023240702544393E6060F54C3B726024042
:1063B000905A37070140B706000F5843F18E81EA23
:1063C0009356170079764E07F18E4D83558FB70699
:1063D000000F1377F7F3558FB7060140D8C21307A4
:1063E00000102314E1023715014061473AD82C1000
:1063F0000D47130505803AD6EFA0BFB3B73601406D
:1064000003D606C0138706C085454206418213762F
:10641000F6C8420641822390C6C01306F00F52B759
:1064200023140702231807024EAB1233420641829F
:10643000799A4206418212B31233035847000A2F59
:10644000420642081358080142051378F8CF4181EB
:1064500042081375C5F81358080123120701136584
:10646000050641820AAF459A130500084ABB136628
:10647000160012B3122F2165420641825D9A1366FF
:10648000860012AF03D606C0136606082390C6C066
:1064900003564704498E2312C70403D706C0136767
:1064A00017002390E6C0370700401623C206C182BA
:1064B00093F6F6C8C206C18216A38566938676BB9C
:1064C00056B7231407024EAB1623C206C18293F6B9
:1064D000F6F7C206C18216A3F95616AB562793E605
:1064E000061056A70327CA1E0DC783268A1F054715
:1064F0006396E60037E700E02306074237E700E04F
:1065000085662322D710B7060040DA2613671700E6
:10651000DAA6130700082396EB3037070240544FE2
:10652000E175BD05ED8E896593850553CD8E54CFFC
:106530009306000214D3B7360140938646C354D362
:10654000938741B11CD7544F93E6260054CF83263E
:106550008A1F05476398E60037E700E0930600F8D6
:10656000230ED74037E700E0B70600102320D710EE
:106570007D572300ED0005472381EB30B70602402D
:10658000D84EA24713671700D8CEB70600409A220C
:10659000136717009AA272572390FB5423ACEB5257
:1065A000525723AEEB5216472391EB5406472382F2
:1065B000EB546257A382EB5426472383EB543647B0
:1065C000A383EB549645130700486396E508014AF8
:1065D000E3180BAC19479305002401452382EC0016
:1065E000EFB0EFB6930500240545EFB04FB61307A3
:1065F00000242395EB302394EB300547A380EB3048
:106600002380EB301D472382EC00EF90BFB5014A99
:10661000054B79B483A68B532167130707D0E39406
:10662000E6B883C64B544147E39FE6B683C65B5446
:106630000547E39AE6B683C66B540D47E395E6B685
:1066400003C77B54E31107B683D62B5413070048C6
:10665000E38AE6F689BE1387F5FF9306F023E3E4A9
:10666000E6B4C2051947C18101452382EC00EFB0B1
:106670000FAE035741042394EB30054751B7014A4D
:1066800005B4FD14C204C180E38B04B4EFB02FF154
:1066900039BE158F2ECE3AD283CD35008D4693DD8F
:1066A0006D00E39BDD9E6285EFB06F837D57E30E47
:1066B000E59E056722970327C7D1E318B79F4C18BB
:1066C0006285EFB0CFA37246E316069E050632CE72
:1066D000C5B2E39A09AC19B2EF22B02F13878180BB
:1066E000832447434111138481802AC6EFF04FE38E
:1066F000EFA02FE0832744433245858FE3E7A7FED1
:1067000041016F20502FEF22302B93044006138459
:1067100081809D49130A4006EFA04FC92A890DE5E3
:106720008347843293F7F70F99CB83274443230C95
:1067300034452326044423184445232AF4441305EE
:106740004006FD14513FE9F84A856F20302AEF22B8
:10675000D025938481800111AE942AC63289B689EE
:106760003A8A03C4C433EFB0DFA93245B7FA000058
:10677000314BEFB0FF82A94B6368240563F38900B6
:106780004A84238E8432EFA00FC49385CABC05458A
:10679000EFB0FFA0B3676403A30E010085EB93077E
:1067A0000003230EF10011453C083E95EFB04FFF6A
:1067B0005285EFB0EFFE813F29C58947631BF50283
:1067C00005041374F40F4DBF4E8465BFC207C18327
:1067D000380815452546B3F677037D151375F50F73
:1067E0009386060354A3E371F6FC7D17854765F590
:1067F00065BF91476314F5007D14E1B78547E31D3C
:10680000F5F605616F20F01DEF22301A8547011162
:10681000AA896316F50E4800EFA04F8911C50149FA
:106820004A8505616F20F01B00838482EFB07F9D55
:1068300085476395F90E37F50000130585AC370AD7
:106840000020130A0A00EFB0AFF503493A00B7FA87
:106850000000B7FB000013652900EFB0FF9013653F
:106860003900A301AA0037FA0000EFB0FF8F0149F9
:10687000130B4101130CF101130A0AAC938A4AACC1
:1068800093850BAF0545EFB09F91B14763F5870A3C
:10689000930544FF93F5F50F094668005AC662C890
:1068A000230A0100EF90BFA69305A0036800EF90B4
:1068B0009FA40946A6856800EF907FA59305000276
:1068C0006800EF905FA3AD47D28563F38700D6855C
:1068D0006800EF90FFAA5A85EFB08FEC0D45630377
:1068E000090019451305050413650508EFB0DF8796
:1068F000193D31E5EFB05F8FEFB07F8D0DB70947E0
:10690000938781806317E50003C4273583C4373537
:1069100031BF03C4473583C4573509BF89476397DF
:10692000F90037F50000130545AD11BF37F500003C
:10693000130505AE29B7A28525F0B145B1BF85473E
:106940006316F500630AA90405491DBF894763174B
:106950000902631FF50005041374F40FDD4763F3A8
:10696000870001449307B003E3FC97F0814409BF1B
:106970009147E315F5FE19CC7D14F9BF6316F500B8
:10698000850493F4F40FD9BF9147E319F5FCB5C41E
:10699000FD14C5BF5D44F9B7EFB01F85EFB03F836D
:1069A000639829034800EF907FF0E31A05E648005A
:1069B0004083C482EFA04F8C0505C8834800EF9048
:1069C0005FDC1D464C00138581B1EF40D05E89BD70
:1069D0008947138A8180639BF90023098A34EFA0D9
:1069E0008F9EA3099A34EFA00F9E1DBD230A8A34FF
:1069F000EFA06F9DA30A9A34FDB7DD479304B0035F
:106A0000E3F087E80144ADBDEF22007B1384818071
:106A100041112E942AC68344C433EFB08FFE324511
:106A200037F90000B7F90000EFB08FD7130949AF6D
:106A3000938989AFCA8591E0CE850545EFB02FF6E1
:106A4000D9310DC19307E5FF93F7D70F89EB93B4C5
:106A500014002AC6230E9432EFA0EF9632458547E4
:106A6000E31AF5FC41016F206078EF2280762A84DA
:106A7000130540069531B7170140938707802147DA
:106A800001C898CB1305C012813905456F20A07647
:106A9000D8CBCDBFEF22E07339712AC62E846800AF
:106AA0004C08EFE0AFA62A8941EDB2454808EFE077
:106AB000AFE12A8951E58307F10363C20708B257A2
:106AC000A3040400ADCBC2540147814793050002E3
:106AD000154521489308E0022D46B386E4008386DD
:106AE00006006381B6026393A600955663170701FB
:106AF0003303F400A304130185073303F400A30454
:106B0000D30085070507E31AC7FCA297A3840700F3
:106B1000BC341385C40193F7F7031CA4EFB0EF83D3
:106B200008C0FC38F828A207D98F7EA09C3C982C7E
:106B3000A207D98F5EA04A8521616F20C06B1949D9
:106B4000A3040400CDBFEF22C06801112C009937C7
:106B500011E90345010111811345150005890561FE
:106B60006F2060690145E5BFEF22A06641112E84C8
:106B70002EC41389F50323800500AA84AA85280062
:106B80004AC6EF90EFFFB7F5000028009385C5AF28
:106B9000EF900FFF2285453F0DE5A68528002300D5
:106BA000040022C44AC6EF90AFFDB7F500002800EC
:106BB000938545B0EF90CFFC2285713741016F205E
:106BC00080630545E5BFEF22205F3971AE8A8A8573
:106BD000B284593F51C1138481800949A94937FAC8
:106BE0000000B5C80A85EFD05FFF832744439305B3
:106BF000CABC0545230C2445232654452318344597
:106C0000232AF444EFB0AFD98347843293F7F70FC8
:106C100099EF83274443FD1493F4F40F230C0444A9
:106C20002326044423180444232AF4445DBFEFF0D0
:106C30002F8F63860A028327444363F2FA02EF90A0
:106C40009FF083274443230C044423260444231841
:106C50000444232AF444054521616F202059EF9014
:106C6000FFF4098919C1EF901FEE2945B53469BFBA
:106C7000EF22205313848180834764311571AA8CDD
:106C80009387077DBEC88347543103451431368945
:106C9000BECA83474431328AAE84BECCEF40B01BBB
:106CA000B7F7000083A507A193898180EF30B06416
:106CB000AA8A03452431EF40101AAA855685EF3081
:106CC000F02CAA8A0345043137140020EF40B01895
:106CD000B7F7000083A507A5EF30F061AA855685B8
:106CE000EF30D02AAACE41468C080810EF40B02CD5
:106CF000930A840141469385CA1F0808EF40B02BD0
:106D00000C080810EFE0CFF083C7CA2013078401F6
:106D10003AC499E30545913BB7F500009385C5B0AA
:106D20000145EFB0CFC783C7793503C76935A207DF
:106D3000D98F631FF90283CB8935B1679387079C8D
:106D40003EC6668B814A03040B000DEC238C09348C
:106D5000EF907FE799C483A74943014A814BE3F24F
:106D6000F4FEEF905FDE014509332D616F2020476F
:106D7000239B2935814BEF901FE5238C0934EF903D
:106D80009FE465BF9307600693051B006310F40240
:106D900011468800EF40503423020104150BE30430
:106DA0000AFA0546A6858800393D71BF0D46880060
:106DB000EF4090328800A3010104EF907F844205E8
:106DC000418113074006110BE36FA7F69357350077
:106DD000CE9783C7C7331D89B3D7A740858BA5D767
:106DE000930770066304F4006F00B059850A93FAA4
:106DF000FA0FE3FA5BF58800EF909F801309950185
:106E000006094209135909019307E00E054463E39B
:106E10002703B387290103C4D73383C7C7332204A9
:106E20005D8C1307F4FF4207C1674183F51763F3D5
:106E3000E70005449C10BEC48C009307F109A8002C
:106E4000BEC623000106EF90AFD39305F002A80061
:106E5000EF906FCAA285A8001146EF904FCB0C119E
:106E6000881019331DE59C10BEC48C009307F109EE
:106E7000A800BEC623000106EF908FD09305F00254
:106E8000A800EF904FC711468545A800EF902FC886
:106E900005440C118810C93905C59307E00E63ED50
:106EA00027010504420441804E99230E8932218036
:106EB000A30E8932EF903FD10546A6858810213375
:106EC000238C5935EF903FD0BDBD930780066316E4
:106ED000F40003C429316F00504C93077007631B03
:106EE000F40013850931EF903FB913140501418077
:106EF0006F00B04A6316E40003C449316F00F049E3
:106F00009307D0046316F40003C459316F00F048AE
:106F1000930770056313F40483C769311307C0F93D
:106F20001D4C9387F77C33C7E70213D927403E995E
:106F30003A9913070019B3C7E7023E9933698903E9
:106F4000EF90CFB58D473304A9007D1433448403FB
:106F500063C327010504420459BF93074004631526
:106F6000F400EF90AFB351B7930730076316F40006
:106F700003C419356F00704293072006631AF404A6
:106F800003C92931B14763F1270551191379F90F65
:106F900003C409359307F109130C01068C0008118D
:106FA0003ED362D123000106EF908FBD9305F0021E
:106FB0000811EF904FB41146A2850811EF902FB53C
:106FC0004A86A6856285CDB3E31409FC3149C9B769
:106FD000930760046316F40003A449522DFCA5B383
:106FE000930730056315F40003A48952C5BF9307C6
:106FF0000007E31AF4D400118C00A8001309F10D66
:10700000A2C4CAC62300010AEF908FB79305F0020D
:10701000A800EF904FAE11468545A800EF902FAF26
:107020000546A68522854536A247130D8003938D1C
:107030000931138C072183070C00E38607D093875F
:10704000F7FB93F7F70F6360FD0432478A07BA979F
:107050009C4382878C00A800A2C4CAC62300010AF0
:10706000EF900FB29305F002A800EF90CFA883A590
:10707000C952114693858502A800EF904FA9054695
:10708000A68522858936050C7DB78C00A800A2C490
:10709000CAC62300010AEF90AFAE9305F002A80024
:1070A000EF906FA583A509531146D105F1B78C0068
:1070B000A800A2C4CAC62300010AEF906FAC9305D2
:1070C000F002A800EF902FA383A549531146F905BC
:1070D00065B78C00A800A2C4CAC62300010AEF90BD
:1070E0002FAA9305F002A800EF90EFA083A54951C5
:1070F00011469385952549B78C00A800A2C4CAC63D
:107100002300010AEF90CFA79305F002A800EF90AB
:107110008F9E83A5895111469385C52BB1BF8C00E5
:10712000A800A2C4CAC62300010AEF906FA5930568
:10713000F002A800EF902F9C6E85EF90FF93114610
:107140009305A52815BF8C00A800A2C4CAC62300B9
:10715000010AEF90EFA29305F002A800EF90AF991B
:1071600083A5C94B1146A80093854506EF902F9A39
:107170000546A6852285813C03A5094C70182C186C
:10718000EF907FC38C00A800A2C4CAC62300010AE6
:10719000EF900F9F9305F002A800EF90CF95E25576
:1071A0001146A80093850532EF906F960546A68597
:1071B0002285113C8C00A800A2C4CAC62300010A83
:1071C000EF900F9C9305F002A800EF90CF92F2553C
:1071D0001146A80093854538EF906F930546A68524
:1071E0002285D5328C00A800A2C4CAC62300010A99
:1071F000EF900F999305F002A800EF90CF8F114602
:10720000B9459DBD8C00A800A2C4CAC62300010ACE
:10721000EF900F979305F002A800EF90CF8D83A514
:10722000094D11469385850C81BD8C00A800A2C430
:10723000CAC62300010AEF90AF949305F002A8009C
:10724000EF906F8B83A5494B1146A8009385C5121B
:10725000EF90EF8B0546A6852285B53270182C1865
:1072600003A5894B31BF8C00A800A2C4CAC6230065
:10727000010AEF90EF909305F002A800EF90AF871E
:1072800083A5494C114693850519FDB38C00A800D0
:10729000A2C4CAC62300010AEF908F8E9305F002A4
:1072A000A800EF904F8583A5894C11469385451F13
:1072B000E1B38C00A800A2C4CAC62300010AEF9063
:1072C0002F8C9305F002A800EF90EF8211469145B4
:1072D000A800EF90CF830546A6852285ED3003A553
:1072E000494A70182C18EF901FAD8C00A800A2C45A
:1072F000CAC62300010AEF90AF889305F002A800E8
:10730000EF807FFFE2551146A80093850532EF908C
:107310000F800546A68522857D308C00A800A2C47A
:10732000CAC62300010AEF90AF859305F002A800BA
:10733000EF807FFCF25511469385453835BB8C00B4
:10734000A800A2C4CAC62300010AEF906F83930568
:10735000F002A800EF803FFA11469545A800EF80A3
:107360001FFB0546A6852285B93870182C1803A581
:10737000894A95BF03A5C94A93050000EF30D02282
:10738000E30305D08C00A800A2C4CAC62300010AEA
:10739000EF801FFF9305F002A800EF80DFF5114694
:1073A0009945A800EF80BFF60546A68522852138BD
:1073B00070182C1803A5C94A3DB703A5094B9305BE
:1073C0000000EF30701EE30005CC8C00A800A2C4C2
:1073D000CAC62300010AEF80BFFA9305F002A80095
:1073E000EF807FF111469D45A800EF805FF20546D2
:1073F000A6852285EFF02FFD70182C1803A5094BE8
:10740000DDB58C00A800A2C4CAC62300010AEF8023
:107410003FF79305F002A800EF80FFED1146A54568
:10742000A800EF80DFEE0546A6852285EFF0AFF9D4
:1074300003A5494D70182C18EF90FF978C00A800F9
:10744000A2C4CAC62300010AEF809FF39305F0028D
:10745000A800EF805FEAE2551146A8009385053247
:10746000EF80FFEA0546A6852285EFF0CFF58C0078
:10747000A800A2C4CAC62300010AEF807FF09305CA
:10748000F002A800EF803FE7F2551146A80093856F
:107490004538EF80DFE70546A6852285EFF0AFF29D
:1074A0008C00A800A2C4CAC62300010AEF805FEDC9
:1074B0009305F002A800EF801FE41146B545A8002F
:1074C000EF80FFE40546A6852285EFF0CFEF701828
:1074D0002C1803A5894D6DB18C00A800A2C4CAC6A2
:1074E0002300010AEF80DFE99305F002A800EF8096
:1074F0009FE01146A945A800EF807FE10546A685DB
:107500002285EFF04FEC03A5C94D70182C18EF90B1
:107510009F8A8C00A800A2C4CAC62300010AEF807B
:107520003FE69305F002A800EF80FFDCE25511462C
:10753000A80093850532EF809FDD0546A68522854C
:10754000EFF06FE88C00A800A2C4CAC62300010AAD
:10755000EF801FE39305F002A800EF80DFD9F2551A
:107560001146A80093854538EF807FDA0546A68549
:107570002285EFF04FE58C00A800A2C4CAC6230004
:10758000010AEF80FFDF9305F002A800EF80BFD66D
:107590001146B545A800EF809FD70546A6852285F0
:1075A000EFF06FE270182C1803A5094ED1BE8C00C5
:1075B000A800A2C4CAC62300010AEF807FDC93059D
:1075C000F002A800EF803FD31146AD45A800EF8040
:1075D0001FD40546A6852285EFF0EFDE03A5494EB0
:1075E00070182C18EF902FFD8C00A800A2C4CAC6FA
:1075F0002300010AEF80DFD89305F002A800EF8096
:107600009FCFE2551146A80093850532EF803FD009
:107610000546A6852285EFF00FDB8C00A800A2C4EA
:10762000CAC62300010AEF80BFD59305F002A80067
:10763000EF807FCCF2551146A80093854538EF8046
:107640001FCD0546A6852285EFF0EFD78C00A80058
:10765000A2C4CAC62300010AEF809FD29305F0029C
:10766000A800EF805FC91146B545A800EF803FCA6A
:107670000546A6852285EFF00FD570182C1803A5B6
:10768000894EFDBC8C00A800A2C4CAC62300010A12
:10769000EF801FCF9305F002A800EF80DFC51146F1
:1076A000A145A800EF80BFC60546A6852285EFF05C
:1076B0008FD103A5C94E70182C18EF90CFEF8C0016
:1076C000A800A2C4CAC62300010AEF807FCB93059D
:1076D000F002A800EF803FC2E2551146A800938552
:1076E0000532EF80DFC20546A6852285EFF0AFCDDB
:1076F0008C00A800A2C4CAC62300010AEF805FC89C
:107700009305F002A800EF801FBFF2551146A800B4
:1077100093854538EF80BFBF0546A6852285EFF0EB
:107720008FCA8C00A800A2C4CAC62300010AEF8039
:107730003FC59305F002A800EF80FFBB1146B54599
:10774000A800EF80DFBC0546A6852285EFF0AFC715
:1077500070182C1803A5094F25B48C00A800A2C4EA
:10776000CAC62300010AEF80BFC19305F002A8003A
:10777000EF807FB811468D45A800EF805FB90546C0
:10778000A6852285EFF02FC403A5494F70182C1849
:10779000EF906FE28C00A800A2C4CAC62300010AC1
:1077A000EF801FBE9305F002A800EF80DFB4E25522
:1077B0001146A80093850532EF807FB50546A68562
:1077C0002285EFF04FC08C00A800A2C4CAC62300D7
:1077D000010AEF80FFBA9305F002A800EF80BFB165
:1077E000F2551146A80093854538EF805FB20546F3
:1077F000A6852285EFF02FBD8C00A800A2C4CAC6C2
:107800002300010AEF80DFB79305F002A800EF80A4
:107810009FAE1146B545A800EF807FAF0546A6850F
:107820002285EFF04FBA03A5894F70182C18EF90FE
:107830008FD88C00A800A2C4CAC62300010AEF801A
:107840003FB49305F002A800EF80FFAAE25511466D
:10785000A80093850532EF809FAB0546A68522855B
:10786000EFF06FB68C00A800A2C4CAC62300010ABC
:10787000EF801FB19305F002A800EF80DFA7F2555B
:107880001146A80093854538EF807FA80546A68558
:107890002285EFF04FB38C00A800A2C4CAC6230013
:1078A000010AEF80FFAD9305F002A800EF80BFA4AE
:1078B0001146B945A800EF809FA50546A6852285FB
:1078C000EFF06FB003A5C94F70182C18EF90AFCE32
:1078D0008C00A800A2C4CAC62300010AEF805FAAD8
:1078E0009305F002A800EF801FA1E2551146A80001
:1078F00093850532EF80BFA10546A6852285EFF06E
:107900008FAC8C00A800A2C4CAC62300010AEF8075
:107910003FA79305F002A800EF80FF9DF2551146A6
:10792000A80093854538EF809F9E0546A685228551
:10793000EFF06FA98C00A800A2C4CAC62300010AF8
:10794000EF801FA49305F002A800EF80DF9A114694
:10795000B545A800EF80BF9B0546A6852285EFF0C0
:107960008FA670182C1803A509506FF07F818C002A
:10797000A800A2C4CAC62300010AEF807FA0930515
:10798000F002A800EF803F9711468D45A800EF80D8
:107990001F980546A6852285EFF0EFA203A5495062
:1079A00070182C18EF902FC18C00A800A2C4CAC672
:1079B0002300010AEF80DF9C9305F002A800EF800E
:1079C0009F93E2551146A80093850532EF803F94BE
:1079D0000546A6852285EFF00F9F8C00A800A2C463
:1079E000CAC62300010AEF80BF999305F002A800E0
:1079F000EF807F90F2551146A80093854538EF80BF
:107A00001F910546A6852285EFF0EF9B8C00A8000C
:107A1000A2C4CAC62300010AEF809F969305F00214
:107A2000A800EF805F8D1146B545A800EF803F8E1E
:107A30000546A6852285EFF00F9903A58950701899
:107A40002C18EF904FB78C00A800A2C4CAC6230020
:107A5000010AEF80FF929305F002A800EF80BF8932
:107A6000E2551146A80093850532EF805F8A0546EE
:107A7000A6852285EFF02F958C00A800A2C4CAC667
:107A80002300010AEF80DF8F9305F002A800EF804A
:107A90009F86F2551146A80093854538EF803F87B1
:107AA0000546A6852285EFF00F928C00A800A2C49F
:107AB000CAC62300010AEF80BF8C9305F002A8001C
:107AC000EF807F831146B945A800EF805F840546AB
:107AD000A6852285EFF02F8F03A5C95070182C18AA
:107AE000EF906FAD8C00A800A2C4CAC62300010AA3
:107AF000EF801F899305F002A800EF80CFFFE255C9
:107B00001146A80093850532EF807F800546A68543
:107B10002285EFF04F8B8C00A800A2C4CAC62300B8
:107B2000010AEF80FF859305F002A800EF80AFFC0B
:107B3000F2551146A80093854538EF804FFD054664
:107B4000A6852285EFF02F888C00A800A2C4CAC6A3
:107B50002300010AEF80DF829305F002A800EF8086
:107B60008FF91146B545A800EF806FFA0546A68546
:107B70002285EFF04F8570182C1803A509516FF07E
:107B80002FE063140A006FF00F9C9307D006630484
:107B9000F4006FF08FB303C4193152896FF08FBFB7
:107BA000EF1280619387818003C427319307C0035C
:107BB0002A8A3304F402B717002003CB47229389A3
:107BC000818063150B0083C719313E945285EF9075
:107BD000CFA8AA8413052A00EF902FA8AA8A03052C
:107BE0004A0093FAFA0FEF906FA32A8903055A000F
:107BF000EF90CFA293F7F40F9304C003B3879702DB
:107C000013174900498F1377F70F13056A00814551
:107C1000D6973386E70019CB3D67B3058640130737
:107C200007A6B385E50283A64943B69583C64931C5
:107C3000AE06DD8EC206C182631CF40063030B0036
:107C400081450546EFF0CF8205473A856F10005A0F
:107C50000147E36CF4FE0904E359C4FE0146DDB7B5
:107C6000EF122057AA8403050500EF902F9B2A846A
:107C7000038514001204EF906F9A2A89138581B14D
:107C800033642401EF805FDF1374F40F3354A44096
:107C90000588014501C41385240019376F10A055CC
:107CA000EF1280512D71B7F50000938585B10A85DB
:107CB000EFD0AFED814725E98969138981809389E8
:107CC0000971130600100C100A85EFC0BFEB11E517
:107CD0000A85EF909FDD8147B9A083070102130752
:107CE00010036396E70413051102EF900F97834783
:107CF0006931E398A7FC13053102EF900F96834793
:107D00005931E390A7FC13055102EF900F9583477B
:107D10004931E398A7FA1305710259355DD10A85F7
:107D2000EF90BFD885473E8515616F10204C130733
:107D30002003639CE70813051102EF900F92AA84B9
:107D400013053102EF906F91AA8A13055102EF904B
:107D5000CF9083475931034A6931130B4006B387EB
:107D6000670393F4F40F93FAFA0F1375F50F330AC0
:107D70003A03B38434033E9A834749313E9AB38A27
:107D80006A03D694AA94E36E9AF213057102EF90F7
:107D9000CF8C2A8413059102EF902F8CAA84137440
:107DA000F40F93F4F40F330434031305B102EF908E
:107DB000CF8A1375F50FB384640326942A941305B0
:107DC000D102E36044F1693D91BF13073003E39AA8
:107DD000E7EE13051102C5BFEF12203D69712E8435
:107DE00013090101B7F50000AA84938585B14A857E
:107DF000328AEFD08FD93DE993091003930A20030B
:107E0000130B3003930B6006130600100C184A8501
:107E1000EFC05FD709E54A85EF903FC981A8830786
:107E200001039305D103638B370163875701E39DFA
:107E300067FD9305910319A09305510483870500FD
:107E4000E1D7639477019505D5BF6396F402850564
:107E50000D460A85EF3050284A85A3010100EF90B6
:107E6000DFC40C180A85EFE0FFC201C985442685EE
:107E700055616F1000379105D1B783478103C18BDE
:107E8000F5D7EFA00FB82285EFA08F91938781805F
:107E9000D29703C4C73393898180930A4006130B9A
:107EA0001102B7FB000037FC0000B7FC000063E7DD
:107EB0008A0A45C8094D93858BB228004AC45AC620
:107EC00023080100EF80CFCB0D46A2852800EF806C
:107ED0000FC4CA850545EFA08FAC1C183EC48A8527
:107EE0009307F10628003EC623080102EF804FC920
:107EF0009305F0022800EF800FC01146A2852800EC
:107F0000EF80EFC028009305CCAFEF806FC7081853
:107F1000EFE07FC329E91C183EC48A859307F10668
:107F200028003EC623080102EF808FC59305F002AA
:107F30002800EF804FBC1146A2852800EF802FBD9E
:107F4000280093854CB0EF80AFC30818EFE0BFBFA7
:107F500019E985476303F4060544B1BF13044006DD
:107F600091BF054481BF0818EFC03FC7EFE0AFF9EC
:107F7000AA8409C98547631EF500D299238E8932E8
:107F8000EF807FC4EF803FBC13054006EFE0CFF4E5
:107F9000F9BD631AA5016305540105041374F40FB8
:107FA000EF807FBA29B71147E31CE5FE6315F400A3
:107FB000EF807FB909B77D14D5B78544E1B7B7170E
:107FC00002409843B706FFF01367170098C3D843E1
:107FD000758FD8C39843B706F7FEFD16758F98C303
:107FE0009843B706FCFFFD16758F98C3D843B706B4
:107FF00001FFFD16758FD8C337079F0098C7B74696
:10800000024003A706801367070123A0E680D84338
:10801000B706C1FFFD16D8C3D843D8C3D8431367EA
:108020000740D8C3D843758FD8C3D843B7062800B4
:10803000558FD8C39843B7060001558F98C398430E
:1080400093166700E3DD06FED843B7160240719B26
:10805000D8C3D84313672700D8C32147DC42B18B6C
:10806000E39EE7FE8280B707002093870701D823AD
:108070001377F70FD8B337574648130747C598C348
:10808000B707EFBE37E700E0938707083CC701A0BA
:1080900001A0B707004083D6074103D7C7409387A5
:1080A0000740858A4207418381CE058B11CB7957E2
:1080B0009AAB9387818003A74743050723AAE7422A
:1080C0007300203037070020130707001C47B7460E
:1080D0000020938646563E95636BD500B756002028
:1080E0009386068063E5A60008C73E858280FD571B
:1080F000EDBFAE87B74601403387B7406344C70042
:108100003285828003D706801377070465DF8507F1
:108110000387F7FF1377F71F2392E680F1BFEF1273
:10812000400BAA85AA84EF20105FB7F7000083A553
:10813000C7C72A84EF20305EB7F7000083A507C8C1
:10814000EF306006A285EF20105DB7F7000083A531
:1081500047C8EF20A063A285EF20F05BB7F70000CF
:1081600083A587C8EF302004A285EF20D05AB7F747
:10817000000083A5C7C8EF206061A685EF20B05935
:108180006F106007EF1240032E8AAA899305000042
:108190005285EF20904FD28463560500B7040080CB
:1081A000B3C44401930500004E85EF20104E4E8964
:1081B00063560500370900803349390193050000F3
:1081C0002685EF20703E09E9930500004A85EF20DF
:1081D000B03D1304000031C5CA852685EF209042CA
:1081E00063440504A6854A85EF20F0100D3F2A84DC
:1081F000930500005285EF205049635A0500B7F7F8
:10820000000003A547C9A285EF20F0792A849305D1
:1082100000004E85EF20704763550500B7070080CA
:108220003D8C22856F00907CCA852685EF20B00C9E
:10823000FD35B7F70000AA8503A507C9EF20B07682
:108240007DB7EF021079930500002A84EF20F043F8
:10825000635EA004B707C01F93541400BE94A685A4
:108260002285EF205009A685EF204052B7F4000088
:1082700083A544A1EF20304A2A89AA852285EF20D0
:108280009007CA85EF20805083A544A1EF20B04815
:10829000AA852A892285EF201006CA85EF20004F83
:1082A00083A544A1EF2030476F00F0741305000050
:1082B000E5BFEF021072B7F4000003A984A02A847E
:1082C000CA85EF203034634CA000B7F7000003A943
:1082D00087C92285CA85EF20503B635305004A8435
:1082E000A2852285EF203043AA8503A584A0EF2034
:1082F000906B813FAA85228571356F00D06F9C41BC
:10830000FD1795CF9CC11841884189476311F5023B
:108310009377370099E793054006B365B702F546B2
:1083200089ED930700193367F702F54619C7BD6752
:108330009387C78CAA9783C6F7FF14C28280B14780
:108340009CC11C41FD171CC17DBFB947B1468D8F33
:10835000B3C7D70205671307072C3A9515471D8D3C
:10836000B387D702AE97F51793059009B387B70285
:108370008907B3C7E70213070019B2971306D0168F
:108380003306C502B29711463346C502B2971306AB
:10839000C0F93346C5023345E502B297AA9737259F
:1083A000DAFF1305A5A73E958280EF029062411186
:1083B00036C6613FEF30C01DB7F7000083A547A167
:1083C000EF20705EB246B7F7000083A5C7C92A84C4
:1083D0003685EF204072AA852285EF20203B41019F
:1083E0006F007061EF02F05EB7F4000003A9C4C92A
:1083F0002A84930500002285EF203029634D050073
:1084000083A4C4C9A6852285EF20D01F635B050025
:1084100022856F00505E2285CA85EF2020372A848E
:10842000C9BF2285A685EF2010582A84E1BFEF023C
:10843000D057BE89B7F70000AE8B83A507CA2A8B39
:108440003A85BA84328CB68C428A37F90000EF2024
:10845000E033832549CAAA8A2685EF2020330329E1
:1084600049CA2A84A2855685EF20D0196355050094
:1084700013050000A9A82285029A630E3505B7F7F7
:10848000000003AD47A12149A6852285EF200030D9
:10849000EA85EF205028AA8A029A638CA9025684A2
:1084A0007D19E31309FE930600006286DE855A8576
:1084B000ED3DAA852285EF20104FB7F7000083A578
:1084C000C7C9EF205025E685EF20402C213F6F00E3
:1084D0005051D684F1B72285CA85EF20202BA28483
:1084E0002A8449B7EF02F04EB7F4000083A584A4B4
:1084F0002A84EF204060EF308003EF30600983A5CD
:1085000084A4EF205021AA852285EF20D04993052D
:1085100000002A84EF2070176358050083A584A407
:108520002285EF20A0262A8422856F00D04CEF02FE
:10853000504A4D3FB7F4000083A544A42A84EF209D
:10854000700C635AA000B7F7000083A587A42285AA
:10855000EF2070452A84B7F7000083A5C7A32285C2
:10856000EF20500A6358A00603A544A4A285EF207B
:1085700090432A84B7F7000083A507CB2285EF201C
:108580009019AA852A84EF201019B7F7000083A557
:1085900047CBAA84EF203018B7F70000AA8503A5BF
:1085A00087CBEF205040A685EF20F016B7F70000EC
:1085B00083A5C7CBEF20303FA685EF20D015B7F7B6
:1085C000000083A587A0EF20601CA285EF20B014D7
:1085D0006F007042B7F7000083A587CA2285EF209D
:1085E000D00AE35905F8B7F70000A28503A5C7CA6A
:1085F000BDBFEF02103EB7F7000083A5C7A3EF2071
:10860000E01835376F00303FEF02103B4111AA8967
:10861000328532C62E84EF209071B7F7000083A513
:1086200047A1AA842285EF206016EF2050702A8986
:108630003385A402930780163365F502EF20507549
:10864000CE85EF20A014AA892685EF207074AA8415
:108650004A85EF20F073AA852285EF20D034A685C5
:10866000EF20700BCE85EF20601232462A89A68556
:108670003285EF205033A285EF20F009CA85EF2024
:10868000E0108D3541016F007036EF0290311971A5
:108690003684930600003ACE42D23ED03933B7F743
:1086A00000002AC603A507CCB7FC0000894B413562
:1086B0002AC82285AD3D2ACA2285253FB7F700008A
:1086C00083A747CC2ACC930500003EDCB7F7000017
:1086D00083A787CCB7FA00003ED4B7F7000083A782
:1086E000C7CC3ED6B7F7000083A707CD3EDEB7F76D
:1086F000000083A747CD3ED8B7F7000083A787CDFA
:108700003EDAB7F7000083A7C7CDBEC0B7F70000B9
:1087100083A707CEBEC2B7F7000083A747CEBEC46B
:10872000B7F7000083A787CEBEC6B7F7000083A7C0
:10873000C7CEBEC8B7F7000083A707CFBECAB7F73A
:10874000000083A747CFBECCB7F7000083A787CF31
:1087500003AC8CA0BECEB7F7000083A7C7CFBED0B6
:10876000B7F7000083A707D0BED2B7F7000083A7F2
:1087700047D0BED4B7F7000003AD87C93245EF201C
:10878000E000E255AA84EF2000372A84A255325532
:1087900026869D3DF2552A892285EF20C077A28545
:1087A000EF206077CA85EF10707E2D3B2A89C25575
:1087B00052552686913D8645AA842285EF20A075D4
:1087C000A285EF204075AA852685EF20D01D193B94
:1087D0009645AA892285EF200074A645EF10107BEC
:1087E000A285EF204073AA853645EF20D01BC645F1
:1087F000AA842285EF202072AA855645EF20B01A60
:10880000AADEC53BE6452A8B2285EF20C070AA85EB
:108810007645EF205019A285EF20E06F8655EF10C6
:10882000F076A285EF20206FAA851655EF20B017AD
:10883000B7F7000083A507A1EF20E02BA655EF10A6
:10884000F07483A50AA1EF20002BB7F7000083A5E1
:1088500087D0EF10B073B7F7000083A5C7D02A8A7E
:108860005A85EF20406BAA855285EF10307237F79A
:108870000000832547A1AADCEF20E0692A8B453957
:108880002A8A5A85BD33AA855285EF20C026AA853B
:10889000EF2060682A8ACA854A85EF10306FAADA0D
:1088A0007931AA855285EF200067AA8D4E85413126
:1088B0002A8BA6852685EF10706DDA85EF20A065DE
:1088C000AA856E85EF20300EB7FD000083A50DD17F
:1088D000AAD82685EF202064D285EF20C063DA85F0
:1088E000EF2060635653AAD61A852133B658AA855D
:1088F0004685EF2040624658C285EF10306937F751
:108900000000832547A1AAD65285EF20C060D285FA
:10891000EF20606083A50DD12A8A4A85EF20A05FF1
:108920003931AA855285EF20005F3658AA854285E5
:10893000EF207007B7F5000083A545D1AAD626859C
:10894000EF20605DA685EF20005DCE85AA844E8570
:10895000EF10D063E93E2A8AAA852685EF20A05B26
:108960003657AA853A85EF20100437F70000832593
:1089700087D1EF20405A37F700008325C7D1AA845A
:108980002285EF20405937F70000832507D2EF10EA
:10899000F05FA285EF20205837F70000AA85032555
:1089A00047D2EF205000DA85EF20E05637F700007D
:1089B000832587D22A8B2285EF20E05537F70000E8
:1089C000AA850325C7D2EF20007ED285EF20A054D0
:1089D000AA855A85EF10905B37F70000832507D3EF
:1089E0002A844E85EF202053993676562A8A32857E
:1089F0003D3E37F70000832547D3AA895285EF20F3
:108A00008051A285EF109058CA85EF10305837F783
:108A10000000832587D3EF20007937F700008325F6
:108A2000C7D32A844E85EF20004FAA852285EF20E8
:108A30008077E6562A893685DD3C2A844A85C53CFE
:108A4000AA852285EF20204DAD3037F9000083251F
:108A500009D4EF20404CAA89D93CAA855245EF2081
:108A6000804BAA854245EF2000742A844E855136FA
:108A7000AA856245EF20204AAA852285EF20A0071B
:108A8000E285AA89EF2000386E846346A00AEA8551
:108A90004E85EF20803F63530500EA89CE854E85E1
:108AA000EF206047AA8503A58CA0EF20C06FEFF0F0
:108AB0004FF9CE85EFF00FED832509D4EF20A045C7
:108AC000925781C7B70700803D8DF245EF20A06D1A
:108AD000832504D1EF202044B7F7000083A547D4B5
:108AE000EF10D04AA685EF20006C930500002A8481
:108AF000EF20A039B7F400006358050083A584D4A3
:108B00002285EF10B0482A8483A584D42285EF10F3
:108B1000907E8547AA85639EFB0083A50AA12285D6
:108B2000EF10707D8255EF1070466D3809616F004F
:108B3000006B854BA1B1E28995B7EF028069B7F769
:108B4000000083A547CDB7F700002A842A8603A535
:108B500087CD5D3CB7F7000083A587CCB7F7000051
:108B6000AA8403A5C7D4228645342A892685C13222
:108B7000B7F7000083A507D5EF20E039CA85EF10CD
:108B8000F040A6852A892685EF1050404D32B7F770
:108B9000000083A547D5EF200038CA85EF10103FAD
:108BA0009132B7F7000083A547CCAA842285EF1045
:108BB0009074B7F7000083A587D52A84EF20A035ED
:108BC000B7F7000083A5C7D5EF10503CB7F70000FA
:108BD00083A507D62A892285EF20E033A285EF20DE
:108BE0008033AA854A85EF10703AAA852685EF2042
:108BF000805BCD386F002060EF02A05A37F4000090
:108C00002E8B832544CC41112A89EF10D06EB7F703
:108C1000000083A547D6930A0000EF20C02FB7F7C6
:108C2000000083A587D6AA84EF20E02EB7F70000C6
:108C300083A5C7D6EF109035B7F7000083A507D7F7
:108C4000AA892685EF20202DA685EF20C02CAA8595
:108C50004E85EF10B033B7F7000083A547D7BD6945
:108C6000EF107069CA85EF107032832544CCAA8456
:108C7000EF107068AA852A8AEF20E029B7F7000074
:108C800083A587D7B7F700002A8403A5C7D7268610
:108C9000A53AB7F7000083A507D82A892285EF20D7
:108CA0008027AA854A85EF2000502D38B7F70000AD
:108CB00083A547D8B7F700002AC003A587D8268622
:108CC000A132B7F7000083A5C7D82A892285EF20F3
:108CD0008024AA854A85EF20004D2930B7F700008F
:108CE00083A547CDB7F700002A8D03A587CD26863B
:108CF000213AB7F7000083A507D92A892285EF20FA
:108D00008021AA854A85EF20004AEFF0AFFDB7F732
:108D1000000083A547D9B7F70000AA8C03A587D91F
:108D20002686DD30B7F7000083A5C7D92A892285BA
:108D3000EF20601ECA85EF107025EFF0AFFAB7F78D
:108D4000000083A507DAB7F700002A8C03A547DAED
:108D5000268637F900004D38B7F7000083A587DA7B
:108D6000AA842285EF20201BAA852685EF20A04318
:108D7000EFF04FF7B7F7000083A5C7DAAA8B52854B
:108D8000EF206019AA85032589A0EF20C041B7F71D
:108D9000000083A507DBAA842285EF20C017AA85DF
:108DA0002685EF2040409387C98C1384C7009387A2
:108DB000070CAA843EC29389C98C830D1400B7F7AF
:108DC000000083A587A0638C0D0013872D00137707
:108DD000B70FA68509E72685EF20E013AA850315BE
:108DE00044002EC41904EF20A07AA245EF20A0125F
:108DF0002AC60305A4FFEF20A079EA85EF20A01181
:108E00002AC46E85EF20C078E685EF20C010A24608
:108E1000AA853685EF1090172AC40305C4FFEF20FA
:108E20002077E285EF20200FA247AA853E85EF102C
:108E3000F0152AC40305D4FFEF208075DE85EF20EE
:108E4000800DA247AA853E85EF105014EFF02FEE5B
:108E50003247AA853A85EF20000CAA855685EF1087
:108E6000F0129247AA8AE39A87F4832D89A0938708
:108E700049111384090C3EC2930900000309140030
:108E8000EE85630C0900130729001377B70FA68539
:108E900009E72685EF202008AA85031544002EC483
:108EA0001904EF20E06EA245EF20E0062AC6030574
:108EB000A4FFEF20E06DEA85EF20E0052AC44A8593
:108EC000EF20006DE685EF200005A246AA853685D5
:108ED000EF10D00B2AC40305C4FFEF20606BE285BE
:108EE000EF206003A247AA853E85EF10300A2AC40E
:108EF0000305D4FFEF20C069DE85EF20C001A24743
:108F0000AA853E85EF109008EFF06FE23247AA8500
:108F10003A85EF204000AA854E85EF103007924732
:108F2000AA89E39D87F437F40000832544DB568546
:108F3000EF10707E8245EF107005B7F7000083A533
:108F400087DBAA845285EF10107DB7F7000083A558
:108F5000C7DBEF10B003EFF08FDDB7F7000083A59C
:108F600007DCEF10507BA685EF105002EFF08FD793
:108F7000832544DB2320AB004E85EF10D0792322DC
:108F8000AB0041016F00A025EF022022B7F70000DF
:108F9000AE8983A547DC4111328CAA84EF10B077EB
:108FA000B7F70000AA8503A587DCEF20C01F2A8B36
:108FB0002C0026859131A24B5E85EFF04FD72A8A8F
:108FC0005A85EFF00FE3AA852A845285EF10B0741A
:108FD000B24AAA8C5685EFF08FD52A895685EFF0D4
:108FE0004FE1AA85AA8A4A85EF10F0302A8D5A856A
:108FF000EFF0EFD3AA852A8B6A85EF10D071AA858E
:109000006685EF20401AAA8C5E85EFF08FDEAA8578
:109010006685EFF02F97AA8BDA855685EF10B06F33
:10902000D285EF10506FCA852A8A2285EF10B06E64
:10903000AA855285EF108075EFF0AFA737F40000D6
:10904000832504D4EF10306DB7F7000083A5C7DC8B
:10905000B7F700002A8903A507DD2686EFF0CFDAEF
:10906000E285EF10A072EFF0EFC7832504D4AA8445
:109070005E85EF10506AAA852685EF20C012EFF0BA
:109080006FC6B7F7000083A547A4AA84EF109057D6
:10909000635AA000B7F7000083A587A42685EF20B8
:1090A0008010AA844E85EFF08FC82A8A4A85EFF097
:1090B0000FC8AA855285EF1010662A8A4E85EFF0F8
:1090C0004FD3AA894A85EFF0CFD2AA854E85EF10FB
:1090D00090642A892685EFF0CFD1AA854A85EF10C2
:1090E0009063D285EF10806AEFF0AF9C832504D4A3
:1090F000EF1070624101F5A0EF02A00D41112C00AC
:109100002A84DD3CB7F7000083A547CC2285EF1009
:10911000901EB7F7000083A587D52A84EF10B05FB3
:10912000B7F7000083A5C7D5EF104066B7F700007A
:1091300083A507D6AA842285EF10F05DA285EF10E3
:10914000905DAA852685EF106064AA852245EF20F0
:109150008005EFF02FB9410179A8EF028007693F40
:10916000B7F7000083A587A2EF10F018EF20203C8E
:10917000050551A0EF02E005AA84BD3F2A8426859B
:109180006D3AAA852285EF200002EFF0AFB5B7F760
:10919000000083A547DDEF101016EF2040390505CC
:1091A00099A8397101436EC619A0397141536AC833
:1091B00066CA62CC5ECE19A0397101535AD056D21C
:1091C00052D44ED64AD826DA22DC06DE330161407C
:1091D000828241114AC026C222C406C68282B24D92
:1091E0004101024D924C224CB24B4101024B924A3A
:1091F000224AB2494101024992442244B24041010B
:1092000082803D432A876373C3029377F700BDEFE3
:10921000ADE5937606FF3D8ABA960CC34CC30CC7E6
:109220004CC74107E36BD7FE11E28280B306C3400F
:109230008A069702000096966780A6002307B7006B
:10924000A306B7002306B700A305B7002305B700A0
:10925000A304B7002304B700A303B7002303B70098
:10926000A302B7002302B700A301B7002301B70090
:10927000A300B7002300B700828093F5F50F939603
:109280008500D58D93960501D58D61B793962700FE
:109290009702000096968682E78086FA9680C1172C
:1092A0001D8F3E96E374C3F8A5B73367B500FD5331
:1092B0000D8B79E7B7877F7F9387F7F7104194414C
:1092C000B372F6003363F600BE92B3E262006395B8
:1092D000720C6318D6065041D441B372F600336362
:1092E000F600BE92B3E262006396720A631BD60474
:1092F00010459445B372F6003363F600BE92B3E2B4
:109300006200639F7208631ED6025045D445B37253
:10931000F6003363F600BE92B3E26200639872080F
:109320006311D60210499449B372F6003363F60014
:10933000BE92B3E26200639172085105D105E30F5A
:10934000D6F61317060193970601631CF70013570F
:10935000060193D706013305F7409375F50F91E9A0
:1093600082804183C1833305F7409375F50F91E106
:1093700082801377F70F93F7F70F3305F74082805A
:1093800010219421050585056313D60075FA330570
:10939000D640828011059105E314D6FE01458280F6
:1093A0002105A105E31ED6FC014582803105B105EA
:1093B000E318D6FC014582804105C105E312D6FCC5
:1093C00001458280EFF2FFDDB7140020938784010E
:1093D000054723ACE71E371702405C4337090020DE
:1093E0009146B18B757193848401130909006385DB
:1093F000D700A1466381D722B7177A009387072049
:109400002322F900B7160240DC42832949009183E8
:1094100013F7F700BD679387479EBA979C2313877E
:1094200081801306803EB3D9F900B7177A0093877D
:109430000720B3D7F90223223901371501400C1850
:10944000130505801384818093F7F70FA30CF7446D
:10945000B387C7022314F7449C4E11671107D98FB5
:109460009CCE930700202318F1028D473EDAE14796
:109470003EDCEF701FACB747014083D6078175779C
:109480007D17758F2398E78083D6C7807D77130774
:10949000379F758F136787002396E78003D747812F
:1094A0008808420741831377F7CF42074183239A05
:1094B000E780EF703F9CF647654537160700B335E8
:1094C000F5028146130606803305F502EF00F072BF
:1094D000930640063357D502120793574700B387C8
:1094E000F6021D8D93174500138527039307F0633C
:1094F00063F8A716130507014205B74701404181EC
:109500002394A78003D7C7808966371A0140558FF7
:109510002396E780371702401C4F8C0813050AC0BA
:1095200093E787001CCFE17793C707D02318F10496
:10953000C147BECC8D47BECAEF70BF9FA16793875E
:1095400007D0232AFAC05145EF801F828967232A5A
:10955000FAC00D45EF80FF991545EF80FF800D455E
:10956000EF803F9913056009EF805F950D45EF800F
:109570005F9813056009EF807F940945EF807F971E
:1095800013056009EF809F9313058002EF80DFBD14
:109590003145EF807FBD1945EF801FBD0545EF8048
:1095A000BFBC0945EF804FFC13050008EF80DFBB0F
:1095B00013050005BD6AEF803FBB014A938A8AA666
:1095C000214BB3874A0103850700050AEF80DF9A24
:1095D000E3196AFF13050008EF801FB9B7E7B80564
:1095E000938707806382F908EF80BFC137F50000D9
:1095F000130545B5EF80DF9A1305000CEF80DFB649
:1096000037F50000130505B6EF809F991305401F3D
:10961000EF808FF5E5BF5C435843C166C983BD8BBE
:10962000758F8907C5466393D700C94701EF374750
:10963000024003270780418B09CF37177A001307B1
:10964000072021A83717024058439316E700E3D6B6
:1096500006FE37173D0013070790B387E7024DB3A7
:109660003355D502598D49BDB719024083A78901E9
:10967000371A01408D4A93E7470023ACF9009D4714
:109680002318F1048C089307800413050A80BECCCC
:10969000D6CAEF701F8AFD57A300F900A305043254
:1096A00083A78901370720000C1893E7870023ACB4
:1096B000F90083A7C90113050AC0D98F23AEF900A9
:1096C0009307000C2318F102F1473EDCB759004024
:1096D00056DAEF701F8693890940880803D949003C
:1096E000EF704FF96647B7470F0093870724B357CA
:1096F000F702420913590901137909FC4209B78697
:109700009303135909019386F66FC207C183336926
:10971000F90063F4E6009307C00337560040239234
:10972000290183560640C206C182F99AC206C18247
:109730002310D640B7160300938606D43357D702BA
:1097400091466373D70011478507C2073759004018
:10975000C18342072310F9424183231EE940835706
:10976000094037170240B719014093E7170023104B
:10977000F94083570940138509808C08C207C183CB
:1097800093F757BF93E707402310F94091672314DD
:10979000F9408357094093E717002310F940231934
:1097A00001041C4F93E7C7001CCFC147BECC8947BB
:1097B000BECAA1472318F104EF70AFF7214723AACF
:1097C000E98085478C08138509C02318F104EF70E0
:1097D0004FF6854723AAF9C013054006EF80CFD87E
:1097E00037F500001305C5B6EF808FFB835709409E
:1097F000B7090300850993E707102310F940616951
:109800001309196A4E85EF607FA445C1B757004020
:109810001307000D6169B70907002398E740130992
:10982000196A938929084E85EF605FA25DC9EF60D0
:109830003FF413050431EF706F8783C704239389C6
:1098400081B1DDE7B7F700009387C7BC13874423D6
:1098500088083ECA3ACCBEC8EF80AFA6634A05026C
:1098600093172500B306F40003A7C64909C723AE22
:10987000064823000700624719C708B32300070002
:10988000A29723AEE7482C084808EFB02FC831CD87
:10989000EF803F9737F50000130545B9EF804FF093
:1098A0001305401FEF804FCCE5BF7D19E31C09F481
:1098B000EF601FECEF80FF9437F50000130585B7CC
:1098C000EF800FEE1305000CEF801F8A37F50000C4
:1098D000130545B8EF80CFEC1305401FEF80CFC8CC
:1098E000E5BF7D19E31109F4E1B785472388F42228
:1098F0009305F00F1306000F1305C433EFF07F90AC
:109900009D472326F432B165B707010823180432B6
:109910009387878F01481D457D598146938575EE54
:10992000214303D787F0938887F06318B70203DEDB
:109930004800138607F10147834E06000506769717
:1099400042074183E39AC7FE6319EE0003D728005C
:109950006355E90036853A890548850693870710DF
:10996000E39166FC630408002326A432FD576303D9
:10997000F9028325C432B70708009387870FBE9585
:10998000A2051306000FA1051305C433EF10B06242
:10999000231824338145130600048808EFF07F86DE
:1099A000B7F50000938545BA0818EFB01F9E631CF9
:1099B000051C130600048C080818EFB0AF9C9387B1
:1099C000C445B7F500003ED2938545BB9387244A32
:1099D00048103ED4238E044413090105EF605F9ABA
:1099E000130A11088305090099C505094810EF609D
:1099F0009F90E31949FFB7F50000938585BC481097
:109A0000EF601F98130600028C080818EFB08F97BC
:109A10008808EF601F9A130600028C0823AEA41E6C
:109A20000818EFB02F968808EF60BF9823A0A420F5
:109A3000130600028C080818EFB0CF949008930624
:109A400000022547830706006383D7066381E70684
:109A50001307B002639FE70405060549B287014A70
:109A6000A546294883850700138705FD1375F70F61
:109A700063F9A6041307A003639CE53685079305E5
:109A80000002A546038707006302B7046300D704FA
:109A9000130707FD1377F70F63F6E6343285EF609F
:109AA0005F912AC24A85EF10B02E924571A005063B
:109AB00051BF1307D0020549E392E7FA05067D5925
:109AC00071BF330A0A0385073A9A69BF85075DBFEC
:109AD0003305050385073A9503870700130707FD3C
:109AE0009375F70FE3F6B6FE1307B003E348A7FA42
:109AF00093050002A546038707006309B72E630795
:109B0000D72E09C79307A003E31AF7F8EF105028E0
:109B1000B7F7000083A507A1EF00F07DAA8A528560
:109B2000EF101027AA855685EF0050462A8A4A85ED
:109B3000EF101026AA855285EF10E03D13060002B3
:109B40008C0823A2A4200818EFB0CF838808EF6008
:109B50003FAB23A4A420130600028C080818EFB022
:109B60006F827D468C0813850421EF10F056830721
:109B7000010599C78808EF1010552695A307052001
:109B80000818EF709FF223040432232A0442A3042E
:109B90000432B7170240D84FB706004013672700BA
:109BA000D8CF984B1367270098CB984B759B98CBD1
:109BB00083D70640C207C18393F7F7C8C207C183A2
:109BC0002390F6409307703E2396F6429307F005E4
:109BD0002394F6428547239AF640F9572398F64096
:109BE00083D7C64093E717002396F64003A7841F48
:109BF00085476317F700B7E700E00157A386E74200
:109C0000B7E700E0096723A2E71037070040835752
:109C1000074037FB000093E717002310F740130BB2
:109C20004BB4938A8180EFC0AF8FEF708F8C03C7E6
:109C3000344A8327444319C703A7444A998F4D47A1
:109C40006375F76A8547A381F44AEF603FF693771F
:109C500045002A89A9C38347A43495CFEFC0BFAA82
:109C6000118915C9034A9434933B1A005E85EFC0ED
:109C7000DFDFA3047435EF601FF5EF808FD8630B2F
:109C80000A2437F50000130585B3EF806FB1130583
:109C9000007DEFC07FA493772900B1C7EFC0BFA6B6
:109CA000098931C1EF80EFD537F500001305C5B044
:109CB000EF800FAF0545EFC05FDB13054006EFC037
:109CC000BFA137F5000005468145130505BDEFC06E
:109CD0009FEF933715002386F42011C5EF60BFE690
:109CE0000145EFC09FD81379190063050940EFC003
:109CF0009FA185476310F540EFC03FD7630E052055
:109D0000B7F500005146938585BD13052006EFE0A9
:109D1000AF8C63030520B7F500005546938545BE1B
:109D200013053007EFE04F8B6308051E0145EFC0B8
:109D3000DFD36303051E37F50000C145130545BF9A
:109D4000EFC09FCC630A051C8347C434638907189E
:109D50000545EFC07FAB6301051C8808EF601FB5A8
:109D6000631C051AEF80EFC937F50000370A0020A1
:109D7000130A0A00130545C2EF808FA203493A0077
:109D8000B7FB0000254C13652900EF80EFBD13657C
:109D90003900A301AA000149EF800FBD094D114A06
:109DA000ED4C93850BAF0545EF806FBF8808EF60E2
:109DB0009FD2EF80EF9E0D45630709008547194547
:109DC0006303F90025451305050413650508EF80B5
:109DD000AFB9EFC05F9363150514EF80EFC0EF805C
:109DE0000FBF1DAA0145A5462948FDB1850721B32E
:109DF00013F7F5FD930680046313D702138717004A
:109E000013080002254583060700638E0607638C4E
:109E1000A606938606FD93F6F60F6373D50AF599A9
:109E20001307C002E39CE5C6E37AF6C683861700F3
:109E30002547938606FD93F5F60FE361B7C60385C4
:109E40002700130505FD9375F50FE369B7C429478E
:109E50003387E6029306B0032A97E3C1E6C48D0771
:109E600093060003838507006382D506130500026D
:109E7000A54583860700638DA604638BB604E39F24
:109E800006C03A8561B10507BDBF33056502050708
:109E9000369583060700938606FD93F8F60FE37662
:109EA00018FF9306B003E3CCA6F6930800022548FA
:109EB00083060700638A160163880601ADF2B9B113
:109EC000014525482943F1B70507DDB7850759BF87
:109ED000850745B737F50000130505B37DB337F7A0
:109EE000000037F50000130707ACA5460D46C54531
:109EF000130545C0EFC0BF8505C137F7000037F532
:109F00000000130747ACDD464546C945130545C16A
:109F1000EFC0FF83E31E05E20145EFC01FB5F9A2C4
:109F200005476312E50805091379F90F637C2D4B8A
:109F3000EF808FABEF80AFA90945EFC0FF8C69DDE3
:109F40000D45EFC07F8C69D937F50000B945130581
:109F500005C3EFC07FAB69D1B7F50000938505C499
:109F60000818EFB08FC263130518EF808FA937F57B
:109F700000001305C5C4EF80AF82B7F7000037FAC1
:109F80000000814B938587AF130A4AAF138987AFCF
:109F90000545EF80CFA0EFC00FF7631F051008182D
:109FA000EF70BFB095BF6314090683474105631581
:109FB000A5058507230AF10403474105FD4763F51D
:109FC000E7008547230AF10483475105834661056D
:109FD00013F7D70F63044701631C87070346410546
:109FE00079476377C706230AE1043147637BF708A3
:109FF0008547A30AF10471A0E31045FDFD46637592
:10A00000F700FD1793F6F70F230AD10475B7631E07
:10A01000E93C6318A501834751058507A30AF104AC
:10A0200061BFE31B45F98347510531476375F9006B
:10A03000FD1713F7F70FA30AE104BDBFE31E45F7B1
:10A040003E8763F397016D477D17230BE104ADB79E
:10A05000E39DA7F903474105F14763F4E7029387BE
:10A06000067D13F7370011E71307400633E7E702D1
:10A0700009EB13070019B3E7E70281C7F147230A89
:10A08000F1049307200363F5D700E947230BF1049C
:10A090008808EF607F9E0505A309A1048808EF608A
:10A0A0004FEE1D468C084E85EF10E070DDB9D2856D
:10A0B000E3900BEECA85E9BD9307E5FF93F7D70F51
:10A0C00099E393CB1B008547E313F5FEB7FC000033
:10A0D000938CCCB463890B00130600048C08081819
:10A0E000EFA05FAA61E50818EF703F9CEF80CF8F6B
:10A0F000EF80EF8D0327444383A7844A930670259E
:10A1000003C9C420B307F74063E4F600630B091CDE
:10A110004E8523A4E44AEF606FF9631809020347F0
:10A120000431894763EFE71683479434639B07162E
:10A130008347C43499EB834724310347D43463E223
:10A14000E7160347E434636EF714B7F50000938510
:10A15000C5C58808EFB06FA329E58345643193072F
:10A16000D10209466808130941023ED04ACE2302B3
:10A170000102EF60CF998345543109466808EF60CA
:10A180000F998345443109466808EF604F9841466E
:10A190000C188808EFA01F9F6317050E8808EF7042
:10A1A000DF902386044AEFD0BFAFD5A89147E3F3F1
:10A1B000A7F29305A0038808EF10606F2A89E30BCC
:10A1C00005F0230005008808EF608FC3130D190008
:10A1D000137CF50F6A85EF10006FC14763F4A70089
:10A1E000A30809001307400693573C00937D7C00A9
:10A1F0000149636A87013387FA000349C73333593A
:10A20000B94113791900054A3EC4331ABA01EF70F7
:10A210005FFF6A85620AEF70BFD8135A8A4193477D
:10A22000FAFF3EC2A247930D4006338DFA00DA854D
:10A2300063130900E6850545EF707FF6EFC0AFCCEC
:10A24000E30F05D41307E5FF1377D70F05E7934610
:10A25000190063E88D030307CD33631109023367E7
:10A26000470136C62AC4230EED32EF60DF95B246B1
:10A27000224536890547E31CE5FAA9BD92477D8F43
:10A28000CDB73689C5BFCA850818EFF00F82E31035
:10A2900005F08808EF707F8185472386F44A23867E
:10A2A00004201305000883CBC44AEF70FFEB8347FB
:10A2B0009434A9C3B7F500000145938505B3EF7049
:10A2C0001FEE0545EFC06FFA63890B088347043121
:10A2D000858BC1C7B7F50000938585C60545EF702E
:10A2E0001FEC8327444323A2F44A0545EFC0CFBEA9
:10A2F0006FF07F9313050008EF701FE70149414A93
:10A30000130C6004854C354DA94D83C7D44ACA97B8
:10A31000634FFC00A6970385C7459307150093F785
:10A32000F70F63F6FC006304A5016317B50103850D
:10A33000C445A386044A01497D1A0509137AFA0F18
:10A34000EF709FC31379F90FE3110AFC83C7D44A56
:10A3500001458507A386F44AB5B71305000CEF70D5
:10A36000BFE09307843183452431BEC8930774321C
:10A37000BECA230C0430B14763FEB704D11593F570
:10A38000F50F09468808EF509FF89305A003880849
:10A39000EF507FF68345143109468808EF503FF7A8
:10A3A00003472431AD4763FAE702B7F50000938510
:10A3B00045AC8808EF50DFFC138501B2EF705FBE3B
:10A3C00013050002EF705FBB4E85EF60CFF0EF70BA
:10A3D0003FBD01BFDDF5B1456DB7B7F50000938511
:10A3E00005ACC1BFE30AA9BC094983476105E3176E
:10A3F000A5C58507230BF104C1B6B687B2882A83A9
:10A400002E88639B061463F8C50A4167636BE61ADE
:10A41000B70700016360F63493568601E14717578A
:10A4200000001307A7A736971823BA97130700024F
:10A430001D8F19CB3398E500B357F500B318E6002C
:10A4400033E807013313E50013D608013355C8027A
:10A4500093960801C182935703013377C802B385ED
:10A46000A60242073368F700637AB800469893075C
:10A47000F5FF636418016365B8303E853308B84062
:10A480003357C8024203135303013378C802B3861B
:10A49000E602420833686800637BD8004698930759
:10A4A000F7FF6365180179176363D8003E8742059B
:10A4B000598D8145828001E60547B358C70241673F
:10A4C00063E8E80EB707000163EAF82893D688012D
:10A4D000E147175700001307679C36971423BE9671
:10A4E00093070002958FFDE7939E0801338715417E
:10A4F00013DF080193DE0E018545935703013355A1
:10A50000E7033377E703B306D5034207D98F63FA2E
:10A51000D700C6971307F5FF63E4170163E5D72655
:10A520003A85958F33D7E703420313530301B3F7FB
:10A53000E703B30ED703C207B3E7670063FBD70196
:10A54000C6979306F7FF63E51701791763E3D70111
:10A5500036874205598D828063E1D504C16763E186
:10A56000F604B707000163E3F61E13D786016148BE
:10A570009757000093878792BA979823130E00028B
:10A580004297330EEE40631A0E0C63EDB61C333562
:10A59000C5001345150081458280814501458280B3
:10A5A0009307F00F63F3D71C13D786002148C9B770
:10A5B0001307F00FC686E37E17F193D68800A147F4
:10A5C00009BF1307F00FB286E37BC7E493568600FA
:10A5D000A147B1B5B398F80033D6D50013DF080111
:10A5E000335EE6033397F500B356D500558F939E3F
:10A5F000080193DE0E013313F50093550701B3767E
:10A60000E603B387CE03C206CD8E63FBF600C69683
:10A610001306FEFF63E4161763F2F616791EC6965C
:10A620009D8E33D6E60393170701C183B3F6E60385
:10A630003385CE02139706015D8F637BA700469793
:10A640009307F6FF636817136376A7127916469788
:10A6500093150E01098FD18D4DB5B357E600B39612
:10A66000C601DD8E33D3E50013DF0601B357E303E4
:10A67000939E060193DE0E013398C5013357E50022
:10A6800033680701935808013316C6013373E30397
:10A69000B385FE024203B368130163FBB800B698AA
:10A6A0001387F7FF63EAD80C63F8B80CF917B6986C
:10A6B000B388B84033D7E803420813580801B3F809
:10A6C000E8033383EE02C208B3E5080163FB6500CB
:10A6D000B6951308F7FF63EDD50863FB6508791796
:10A6E000B695C207416FD98F1307FFFFB3F6E70096
:10A6F00093D80701718F4182B38EE602B38565401E
:10A70000B386C60213D80E013387E802BA96C29602
:10A710003386C80263F3E6007A9693D8060146961C
:10A7200063E2C5026385C5003E858145828041673D
:10A730007D17F98EC206B3FEEE003315C501F696FD
:10A74000E374D5FE1385F7FF8145828013D7060198
:10A75000414839BD93560601C147D1B193D608018E
:10A76000C14785BB8145054582803687014809B5CB
:10A77000428785BF3E86E9BDBA871DBF328E4DB583
:10A7800079154698E5B97915C69761BB4111370728
:10A7900080007D1713D8750126C293547501337359
:10A7A000A70093F4F40FB376B7004AC01378F80FFC
:10A7B0001359F50106C622C4FD819A8726854A866B
:10A7C000131E3300939E3600B3880441630AB90E0A
:10A7D0006350100D630408149307F00F638BF41497
:10A7E000B7070004B3EEFE00ED4763C117299307D6
:10A7F0000002B3871741B397FE00B3D81E01B337E9
:10A80000F000B3E7F800B307FE4013975700635E0C
:10A810000718370400047D147D8C2285EF009070AA
:10A820006D15B317A4006348951A058D1304150020
:10A8300013070002018F3397E7003337E000B3D7E7
:10A840008700D98F814413F7770019C713F7F700F2
:10A8500091466303D700910713975700635B071472
:10A8600085041307F00F4A866383E4169A07A583CD
:10A8700013F5F40FB2402244A6079314750113D5C3
:10A880009700458D7E0692440249518D4101828098
:10A890006399080A138714001377E70F63170714E7
:10A8A00063900422630D0E1EE3860EFCB307DE41A7
:10A8B0001397570063500722B387CE412E8961B7A3
:10A8C000635C100B630E08089307F00F6383F406B4
:10A8D000B7070004B3EEFE00ED4763C9171F9307E7
:10A8E0000002B3871741B397FE00B3D81E01B337F8
:10A8F000F000B3E7F800F297139757006357070A81
:10A9000085041307F00F6384E40CB706007E13D7A9
:10A910001700FD16858B758FD98F35B7638D0E089F
:10A92000FD18B307DE41E38208EE9307F00FE39DC5
:10A93000F4EA630D030801461305F00FB707400062
:10A9400015BF33079840EDE863020E147D176308C6
:10A9500007189307F00F6319F80E2E893683D1BFBD
:10A96000638B0E04FD18B307DE01E38708F8930735
:10A97000F00FE393F4F675BF63950808850413F7A9
:10A98000E40F6313071263170510630F0E14E383BC
:10A990000EEEB307DE01139757008144635707009B
:10A9A000370700FC7D17F98F854413F77700E31F05
:10A9B00007E813D337009307F00FE38CF4F69317EF
:10A9C0009300A58313F5F40F4A866DB54A861305E7
:10A9D000F00F814745B5370700FC7D17F98F13F756
:10A9E0007700898CE31407E6E9B73304DE41931757
:10A9F000540063C3070CE31204E20146014581479A
:10AA000095BD33079840ADC49307F00FE308F8F401
:10AA1000B7070004336EFE00ED4763CCE70C9307E5
:10AA20000002998FB317FE003357EE00B337F000E2
:10AA3000D98FF697C284C9B59307F00FE30FF8F0EA
:10AA4000B7070004336EFE00ED4763C3E7089306C3
:10AA50000002998EB316DE00B357EE003337D000F4
:10AA6000D98FB387FE40C2842E8945B3854761BB29
:10AA7000630E0E067D17B307DE01C284E30E07E600
:10AA80009307F00FE31AF8F8368365B53683C2846E
:10AA90002E8915B7E3040EECE38D0EE869BD638DD6
:10AAA0000E022E86B687F9B39307F00FE381F4F216
:10AAB000B307DE018583D5BD3384CE412E89B1BB7A
:10AAC000E31C0EFCE3890EE62E8949BD854725B5BA
:10AAD000854741BFE39B07EC0146814761BBB387D4
:10AAE000CE41C2842E8915B3B68769B33683C2843A
:10AAF000D9B585473DBF3971935775014AD856D2AC
:10AB00005ECE931A95001359F50106DE22DC26DA93
:10AB10004ED652D45AD093F7F70F93DA9A00CA8BD5
:10AB2000638207121307F00F6384E7128E0A370758
:10AB30000004B3EAEA00138A17F80144014B93D7E3
:10AB400075019394950093F7F70FA58093D9F501BC
:10AB5000FDC71307F00F6387E7028E04938717F88A
:10AB600037070004D98C330AFA408146558C1747C1
:10AB700000001307A7260A043A941C403349390100
:10AB8000BA978287130A1AF0F9E88946558C174755
:10AB900000001307A7280A043A941C4033493901DE
:10ABA000BA97828701491307F00FB7074000139542
:10ABB0009700F25062549317770125817E095D8DCD
:10ABC00033652501D2544259B259225A925A025B36
:10ABD000F24B216182801307F00F8147C9BFA68A1B
:10ABE000CE8B368B8947630BFB1A8D47E30CFBFA40
:10ABF0008547630AFB0A1307FA0713F91B0063571B
:10AC0000E01293F77A0099C793F7FA0091466383AD
:10AC1000D700910A93974A0063D90700B70700F855
:10AC2000FD17B3FAFA0013070A089307E00FE3C40D
:10AC3000E7FA93976A00A5831377F70F8DBFB9E4FE
:10AC40008546A9B763940A021144014A054BC5BD64
:10AC500063990A002144130AF00F094BCDB58D46C4
:10AC600031B73144130AF00F0D4BD1BD56852EC6B6
:10AC7000EF00502B9307B5FFB39AFA009307A0F8A3
:10AC8000338AA7400144014BB24555BD2685EF00EC
:10AC900070291307B5FFB307AA00B394E400138A21
:10ACA00067078146E1B513F91B000147814701B7EA
:10ACB0004166139554007D1693570501698E63FA1A
:10ACC0009A0AB3D5FA027D1AD68601473388C5029F
:10ACD000B3F6F602C206558F637B07012A97938667
:10ACE000F5FF6368A70A6376070BF9152A97330700
:10ACF0000741B356F7023377F702B38AC6029317B8
:10AD0000070163FB5701AA971387F6FF63E1A708C2
:10AD100063FF5707F916AA97C205B38A5741D58D25
:10AD2000B33A5001B3EA5501CA8BF1B58546998E05
:10AD300011C76D4601478147E34BD6E6130AEA097E
:10AD4000339A4A01B3D7DA00B33A4001B3E7570167
:10AD500013F7770019C713F7F70091466303D7007D
:10AD6000910713975700634807029A07A583014785
:10AD70003DBD93D61A00B3D5F6021397FA0141836D
:10AD80003388C502B1B7CE8B368B814AA1BDBA8656
:10AD900061B7B685A9BF0547814711BD13F91B00EF
:10ADA0001307F00F814721B593567501B70780004F
:10ADB000FD1713D6750193F6F60F1308F00FB3F8CD
:10ADC000A7001357F501ED8F1376F60FFD8163840D
:10ADD00006031305F00F6304A60205456383C6004E
:10ADE0008280E39FF8FE0145E30CB7FE0545EDFACE
:10ADF0003335100182800545E38D08FC82800545CE
:10AE0000E9DF828093567501B7078000FD1713D6DE
:10AE1000750193F6F60F1308F00FB3F8A700135758
:10AE2000F501ED8F1376F60FFD8163810603630C48
:10AE300006018DE211E2B1C3638E08026305B70417
:10AE400005451DE78280F5D779558280E39E08FE8F
:10AE50006309D60211E2EDD7E314B7FEE342D6FE52
:10AE600063C7C600E3EE17FD0145E3FDF8FC01E70B
:10AE70007D558280F5DD054582800145E39208FC21
:10AE80008280F9DBD1B78146E1BF93567501B707E0
:10AE90008000FD1713D6750193F6F60F1308F00F17
:10AEA000B3F8A7001357F501ED8F1376F60FFD8168
:10AEB000638706036309060185EA11EA89EB014508
:10AEC000639B080082800945F5FFE5DA31A8638CB1
:10AED00008026300B704054575D77D558280094592
:10AEE000639808026304D60211E2F5D7E315B7FEB2
:10AEF000E343D6FE63C7C600E3EF17FD0145E3F366
:10AF0000F8FC19E3D9BFF1D905458280E5D38280E9
:10AF100082808146C5B7797122D4135475014ECE13
:10AF200052CC9319950006D626D24AD056CA5AC892
:10AF30001374F40F93D99900135AF50169C4930758
:10AF4000F00F6308F40E9397390037070004B3E954
:10AF5000E700130414F88144014B13D77501939A49
:10AF600095001377F70F93DA9A0013D9F50145CFBF
:10AF70009307F00F630CF7028E0A130717F8B70751
:10AF80000004B3EAFA003A94014633452A01BD476A
:10AF9000AA869305140063E0971017470000130773
:10AFA000E7EB8A04BA949C40BA9782871304F40FA3
:10AFB00063960A0C93E424000946C1BF01451307B8
:10AFC000F00FB7074000B2502254A6075E07A583D2
:10AFD0007E05D98F92540259F249624AD24A424BB5
:10AFE0005D8D45618280CA86D689328B8947630F21
:10AFF000FB088D47E304FBFC854736856310FB1A8D
:10B0000001478147C9B7639D090413D77501939A16
:10B0100095001377F70F91440144054B93DA9A009A
:10B0200013D9F50131F7639D0A0093E41400054636
:10B03000A9BF63920902A1441304F00F094B31BF69
:10B040005685CD259307B5FF098CB39AFA001304F2
:10B05000A4F801461DBFB1441304F00F0D4BF5BD1C
:10B060004E852EC6C1259307B5FF1304A0F8B399EA
:10B07000F900098C8144014BB245C5B593E4340015
:10B080000D4621B78947D286E315FBF636851307AF
:10B09000F00F81470DBF41639306F3FF13D60901FB
:10B0A00093D80A01B3F7D900B3FADA00338857030B
:10B0B000B389F80213570801B30A5603D6994E977D
:10B0C00033061603637357011A96C167FD17B376EB
:10B0D000F7003378F800C206C2969399660093573A
:10B0E0000701B3393001E982B2979A07B3E6D90074
:10B0F000B3E9D7009397490063D9070013D7190024
:10B1000093F71900B369F7002E841307F40763500F
:10B11000E00493F7790099C793F7F90091466383A8
:10B12000D70091099397490063D90700B70700F842
:10B13000FD17B3F9F900130704089307E00F63CB79
:10B14000E70493976900A5831377F70FADBD854793
:10B15000B386E74011C76D4601478147E345D6E610
:10B160001307E4093397E9003337E000B3D7D90078
:10B17000D98F13F7770019C713F7F70091466303C8
:10B18000D700910713975700634C07009A07A583D0
:10B19000014715BD1307F00F814735B52E84B5B7AC
:10B1A000054781470DB53707800041117D1793563C
:10B1B000750113D87501B377A70093F6F60F935E68
:10B1C000F5013376B70026C24AC01378F80F06C6D9
:10B1D00022C41303F00F3E8E3689F684139F370086
:10B1E000FD8113153600B38806416302681093C5CC
:10B1F0001500638CBE106354100D631008106304B7
:10B20000051EFD18B307AF40638608029307F00FD1
:10B210006388F616ED4763C7172913070002330743
:10B2200017413317E500B35715013337E000D98FC5
:10B23000B307FF40139757006351071A3704000400
:10B240007D147D8C2285F9296D15B317A400634EFA
:10B25000251B330525411304150013070002018F38
:10B260003397E7003337E000B3D78700D98F014920
:10B2700013F7770019C713F7F70091466303D70058
:10B28000910713975700635E07149306190013077D
:10B29000F00F93FE14006386E6169A07A58393F6D3
:10B2A000F60FA607B240224413D59700DE06939707
:10B2B000FE01558D924402495D8D41018280639269
:10B2C000080A138716001377E70F631B07146394AC
:10B2D000062263020F2071D5B307AF4013975700C2
:10B2E00063550722B307E5410149AE8451B7E30036
:10B2F00005F0638ABE0AE35410FD9307F00F6381E3
:10B30000F608B70700045D8D31B7635E100963016D
:10B3100008089307F00F6385F606B70700045D8DF4
:10B32000ED4763C0171F1307000233071741331798
:10B33000E500B35715013337E000D98FFA9713971B
:10B340005700635C070805091307F00F630BE90A50
:10B35000B706007E13D71700FD16858B758FD98F22
:10B3600001BF3307D84063950610630D0F147D1796
:10B370006303071A9307F00F6314F810AE84328E3C
:10B38000630F0E06814E9306F00FB707400011BF02
:10B3900039C9FD18B307AF00E38308FA9307F00F2C
:10B3A000E390F6F8F1BF6399080813891600137744
:10B3B000E90F63160712639B061063030F16E3027F
:10B3C00005EEB307AF001397570001496357070015
:10B3D000370700FC7D17F98F054913F77700E31C49
:10B3E00007E813DE37009307F00FE30BF9F8931724
:10B3F0009E00A5839376F90F93FE14005DB593FE2E
:10B4000014009306F00F814769BD370700FC7D17D4
:10B41000F98F13F777003309A940E31E07E4D1B78A
:10B420003304AF409317540063C3070CE31C04E0DC
:10B43000814E81468147B5B53307D840B5C69307DD
:10B44000F00FE30EF8F2B7070004336FFF00ED478B
:10B4500063CDE70C93070002998FB317FF003357B2
:10B46000EF00B337F0005D8FB307A7004289C1BD7D
:10B470009307F00FE304F8F0B7070004336FFF0001
:10B48000ED4763C2E70893070002998FB317FF00E7
:10B490003357EF00B337F000D98FB307F540428937
:10B4A000AE8449BB854769B3630E0F067D17B307AA
:10B4B000AF004289E30507E89307F00FE319F8F8B6
:10B4C000328E7DBD328E4289AE8431BFE3090FEAF0
:10B4D000E30805EA45BD0DCDAE8EB287D9B393071B
:10B4E000F00FE300F9F2B307AF008583FDB5330435
:10B4F000E541AE8481BBE31D0FFCE30505E8AE84A6
:10B50000BDBD854725BD854749BF0149E39707EC88
:10B51000814E814779B3B307E5414289AE8419BBB7
:10B52000B28741B3328E42897DBD054735BF3706AC
:10B530008000135775019307F6FF1377F70F9305F4
:10B54000E007B3F6A7009357F50163FCE500930508
:10B55000D00963FAE500370500801345F5FF3E95F5
:10B5600082800145828093055009D18E63CDE5002C
:10B57000130660093307E64033D7E6003305E040A1
:10B58000F5F33A8582801307A7F63397E600FDB7F7
:10B59000411106C622C426C20DCD9357F54133C4CE
:10B5A000A7001D8CAA842285B52A9307E00933875A
:10B5B000A74093076009FD8063CCE702A14693771B
:10B5C000F70F63D5A60061153314A4002604258067
:10B5D00021A0814481470144260413559400B240C0
:10B5E0002244DE07FE045D8D458D92444101828038
:10B5F0009307900963DDE7009307B5019546B317FC
:10B60000F400898E3354D400B337F0005D8C954735
:10B6100063D6A7009307B5FF3314F400B70600FC08
:10B62000FD16937774003376D40085C39377F400C6
:10B630009145638CB70011069317560063D7070036
:10B640009307F009758E3387A74013146600258091
:10B650009377F70F51B7411106C622C415CD2A843E
:10B66000D1209307E0093387A7409307600963C09F
:10B67000E704A1469377F70F63D5A600611533144D
:10B68000A40026042580260413559400B2402244C9
:10B69000DE075D8D4101828001442604135594002C
:10B6A000B24022448147DE075D8D410182809307CD
:10B6B000900963DDE7009307B5019546B317F400E1
:10B6C000898EB337F0003354D4005D8C954763D630
:10B6D000A7009307B5FF3314F400B70600FCFD166E
:10B6E000937774003376D40085C39377F400914543
:10B6F000638CB70011069317560063D707009307B2
:10B70000F009758E3387A740131466002580260440
:10B7100013559400B24022449377F70FDE075D8DF6
:10B7200041018280C167637CF5029307F00F130724
:10B73000000263EBA7009737000093872776AA974C
:10B7400088233305A74082802181973700009387A3
:10B75000E774AA97882361473305A7408280B7071B
:10B760000001636DF50061819737000093870773CF
:10B77000AA97882321473305A740828041819737C4
:10B7800000009387A771AA97882341473305A740F4
:10B79000828001476314E60001458280B307E5001B
:10B7A0000507B386E5009C2383C6F6FFE384D7FE36
:10B7B0003385D7408280B3C7A5008D8B3307C50082
:10B7C00081E78D4763EDC700AA87637EE508942172
:10B7D00085078505A38FD7FEE3EBE7FE828093768E
:10B7E0003500AA8789CA942185078505A38FD7FECE
:10B7F00093F63700C5BF9376C7FF138606FE63F046
:10B80000C70683A3050083A2450083AF850003AF6D
:10B81000C50083AE050103AE450103A3850183A8DE
:10B82000C5019385450223A0770003A8C5FF23A285
:10B83000570023A4F70123A6E70123A8D70123AAD1
:10B84000C70123AC670023AE17019387470223AEDD
:10B8500007FF75B790419107910523AEC7FEE3EB53
:10B86000D7FEE3E6E7F6828063F1A504B386C50060
:10B87000637DD5029345F6FF8147FD176393F5007D
:10B8800082803387F600034807003387C7002A9772
:10B8900023000701DDB73387F50014233307F500D4
:10B8A000850714A3E319F6FE82808147E5BF93F56F
:10B8B000F50F1C2191C76393B70082800505D5BFA2
:10B8C00091C101458280AA87850703C7F7FF6DFFF5
:10B8D0003385A7407D158280AA8709CA850503C7DD
:10B8E000F5FF85077D16A38FE7FE65FB3E96639304
:10B8F000C70082808507A38F07FED5BF8DE16FF05B
:10B900001FFB930715002A84A6853E85EFF03FFABA
:10B910006DF92285B2402244924441018280411156
:10B9200022C426C206C6AA87AE840144F1BF01A084
:10B930009751FF1F938101EE1791FF1F1301816C37
:10B9400017350000130585659745FF1F9385856BA7
:10B950001746FF1F1306066C63FAC5008322050015
:10B9600023A0550011059105E3EAC5FE13858180EA
:10B970009795FF1F938545BF6377B500232005008A
:10B980001105E36DB5FEFD42739002BC8D427390CC
:10B99000428093028008739002309742FFFF9382A7
:10B9A000A26693E2320073905230EFC04FE197E20B
:10B9B000FFFF938262A17390123473002030000065
:10B9C000027400008670000086700000F8700000AD
:10B9D0008670000086700000D87400008670000039
:10B9E00086700000867000008C7200008670000077
:10B9F000D270000046710000747300008670000071
:10BA00008670000004720000B27200002A7200000A
:10BA10005A770000867000001E71000086700000DA
:10BA2000667200008670000086700000867000005C
:10BA3000867000008670000086700000867000002E
:10BA40008A70000086700000867000008476000016
:10BA5000867000008670000086700000867000000E
:10BA60008670000086700000AE75000086700000D1
:10BA70008670000086700000BA73000086700000B7
:10BA800086700000AE7000003E73000086700000FB
:10BA90006E790000867000008670000086700000DD
:10BAA00054700000000000001F0000001C00000097
:10BAB0001F0000001E0000001F0000001E0000000C
:10BAC0001F0000001F0000001E0000001F000000FB
:10BAD0001E0000001F00000053554E004D4F4E0049
:10BAE00054554500574544005448520046524900B9
:10BAF000534154008BCEAA02281C3107EC8F860AD2
:10BB0000523B910CCD3C410D523B910CEC8F860A7F
:10BB1000281C31078BCEAA02DDD816FD669EA0F642
:10BB200075627AEF61C1DBE7000000E09F3E24D838
:10BB30008B9D85D09A615FC92327E9C2753155BDB8
:10BB4000D8E3CEB8147079B5AEC46EB333C3BEB209
:10BB5000AEC46EB3147079B5D8E3CEB8753155BDA7
:10BB60002327E9C29A615FC98B9D85D09F3E24D867
:10BB7000000000E061C1DBE775627AEF669EA0F627
:10BB8000DDD816FD8BCEAA02281C3107EC8F860A61
:10BB9000523B910CCD3C410D523B910CEC8F860AEF
:10BBA000281C31078BCEAA02DDD816FD669EA0F6B2
:10BBB00075627AEF61C1DBE7000000E09F3E24D8A8
:10BBC0008B9D85D09A615FC92327E9C214EF44BDDC
:10BBD00052A031B83738AAB3A489B7AFBB4561AC1E
:10BBE000DCECADA91F4964A8F06818AD491F43B843
:10BBF0003622F4C8B1E6A8DDDC5577F40000000079
:10BC00000000000000000000000000000000000034
:10BC100000000000281C3107CD3C410D281C3107D5
:10BC2000669EA0F6000000E09A615FC9D8E3CEB836
:10BC300033C3BEB2D8E3CEB89A615FC9000000E05A
:10BC4000669EA0F60000000000000000000000005A
:10BC500000000000000000000000000000000000E4
:10BC600000000000000000000000000000000000D4
:10BC700000000000000000000000000000000000C4
:10BC800000000000000000000000000000000000B4
:10BC900000000000000000000000000000000000A4
:10BCA0000000000000000000000000000000000094
:10BCB00000000000000000000000000009978E0254
:10BCC000C05E8504A1436702102CDEFC82DC15F502
:10BCD0003BE593ECF880C8E4080B5DDDB71035D682
:10BCE0004A835ECF62B5E6C80541DAC2753155BDFB
:10BCF000D8E3CEB8147079B5AEC46EB333C3BEB258
:10BD0000AEC46EB3147079B5D8E3CEB8753155BDF5
:10BD10002327E9C29A615FC98B9D85D09F3E24D8B5
:10BD2000000000E061C1DBE775627AEF669EA0F675
:10BD3000DDD816FD63218510A4F633D38B40E94688
:10BD4000F0CEC227B477F5FEA9BDA02928482EB0B1
:10BD50001BAA57598D496C23591858FF0000000041
:10BD600000000010F3455128DB5C3A4553FFB20C4C
:10BD7000D6891911C831CE1503F2C71A0000002068
:10BD8000B9067125A3B4162BB474ED30A53FF23675
:10BD9000D37B223D56E67B433C82FC4900000000F9
:10BDA000CD4F740D261FE721D9AB363A84C0AD0ABA
:10BDB0006E0E610E1D0C5612CF238516999FE81A40
:10BDC000A4037C1F49AE3B24679C24290F42342ED8
:10BDD000856F6833FF3DBF388201373E00000000A9
:10BDE000334F500B073E821C559AF33062CDFA0850
:10BDF0001963170C22356B0FADE2EF12669EA01689
:10BE000017A3791A01E3771EB4D59822FC56DA26D7
:10BE10002A903A2BE7E7B72F50F650340000000085
:10BE2000057F8309D710F917A9C72929FA0D8D07AE
:10BE300061E62A0A5431F70CCB91EC0F0AFE061387
:10BE40006C4A431695E59E193DAE171D6AD7AB2087
:10BE500051D55924BB4F20280818FE2BFFFFFF7F28
:10BE6000657EA26B9A79825A29F81B4CFAA2281493
:10BE7000D61BDB152C309617858D5919BBE8241B72
:10BE8000FAFCF71CF28AD21E2A58B4206E2E9D228C
:10BE900055DB8C24DA2F8326000080288722832A12
:10BEA000A8708C2CD8C59B2E99FFB0304AFDCB32A0
:10BEB00001A0EC3462CA123788603E39E0476F3B1C
:10BEC0001767A53DFCA5E03F72ED20425827664468
:10BED0007C3EB046871EFF48F3B3524BFDEBAA4DA4
:10BEE00097B4075062FC68529CB2CE5421C73857B1
:10BEF000592AA75935CD195C29A1905E21980B616B
:10BF00007FA48A630FB90D660BC994680CC81F6BB8
:10BF10000DAAAE6D60634170B0E8D772F92E7275EC
:10BF2000852B1078ECD3B17A091E577D94FA97656A
:10BF3000E68BA250FFFFFF7F94FA9765E68BA25035
:10BF4000FFFFFF7F94FA9765E68BA2500E0000007A
:10BF50000D0000000B0000000A00000009000000B6
:10BF600007000000060000000500000000000400BB
:10BF700008000C001000140018001E0024002C0003
:10BF800036004200520066007E009C00C200F000B5
:10BF900028016C01C00126024002000004000800D4
:10BFA0000C00100016001E002A003A004E00680027
:10BFB0008A00B400C00000008BCEAA422427E9C248
:10BFC000281C31479A615FC9EB8F864A8C9D85D0CA
:10BFD000513B914CA03E24D8CC3C414D000000E0A8
:10BFE000513B914C61C1DBE7EB8F864A75627AEF7A
:10BFF000281C3147679EA0F68BCEAA42DDD816FDDD
:10C0000051C21340FB22855172464F40BD45B3409B
:10C01000CF200B6D103CE1426D2DFA419057D94174
:10C02000449F91482134F943968DFC5E630ECB52B8
:10C03000C41BCC46971AD84A2E40E264F09C9D4A15
:10C04000B31D7D7CA924E2431137AE4F26CF6F6B21
:10C05000C1923C6EA71E6056EBF64C5F044E9E519B
:10C0600046FB404142670352EFE9454588DEF84C04
:10C07000BF6B327345BA9E53BA04BFBEBE98FCADC7
:10C08000EFE94545782107B34194CD8C45BA9E53DD
:10C0900046FB404142670352EFE9454588DEF84CD4
:10C0A000BF6B327345BA9E53BA04BFBEBE98FCAD97
:10C0B000EFE94545782107B34194CD8C45BA9E53AD
:10C0C0000000000074000000540300002C07000072
:10C0D000D41F000084500000B8660000C44902006C
:10C0E000789404003CB6FDFFB86600007CAFFFFF0B
:10C0F000D41F0000D4F8FFFF540300008CFFFFFFA3
:10C10000FCFFFFFF68000000680300004406000019
:10C11000401F0000D04A00001C5D0000E02C02001F
:10C12000C09304006099FDFF786F0000CCA9FFFF69
:10C130003C200000E4F7FFFF4003000084FFFFFF06
:10C14000FCFFFFFF60000000780300006C050000AA
:10C15000801E000024450000A0520000FC0F0200D9
:10C16000A0910400A07CFDFF6077000024A4FFFFE5
:10C1700080200000ECF6FFFF2803000074FFFFFFA3
:10C18000FCFFFFFF5400000084030000980400003F
:10C19000941D00007C3F0000444700002CF3010088
:10C1A000188E04000860FDFF707E00008C9EFFFF6B
:10C1B0009C200000ECF5FFFF1003000068FFFFFF6C
:10C1C000FCFFFFFF4C0000008C030000D0030000C8
:10C1D000781C0000E4390000003B000080D601001C
:10C1E00024890400AC43FDFFB08400000C99FFFFDC
:10C1F00094200000E4F4FFFFF80200005CFFFFFF62
:10C20000FCFFFFFF44000000900300001403000047
:10C210002C1B00005C340000DC2D000004BA01007F
:10C22000D08204009C27FDFF208A0000A493FFFF1A
:10C230006C200000D4F3FFFFDC0200004CFFFFFF86
:10C24000FCFFFFFF400000009003000064020000BC
:10C25000B0190000F02E0000D41F0000C89D01009E
:10C260001C7B0400E80BFDFFCC8E0000648EFFFFFA
:10C2700024200000C0F2FFFFC00200003CFFFFFFCF
:10C28000F8FFFFFF380000008C030000BC01000035
:10C29000FC1700009C290000E8100000D881010074
:10C2A0000C7204009CF0FCFFB49200004C89FFFF6C
:10C2B000C01F0000A4F1FFFFA40200002CFFFFFF3D
:10C2C000F8FFFFFF340000008003000020010000A1
:10C2D00018160000682400001801000044660100E0
:10C2E000A4670400CCD5FCFFE09500006884FFFF44
:10C2F000441F000084F0FFFF8402000018FFFFFFCE
:10C30000F8FFFFFF2C000000740300009000000005
:10C3100000140000581F000068F0FFFF144B0100DC
:10C32000F05B040088BBFCFF58980000BC7FFFFF57
:10C33000A81E000060EFFFFF6802000004FFFFFF7F
:10C34000F8FFFFFF280000005C0300000800000069
:10C35000AC110000701A0000D8DEFFFF5830010059
:10C36000F84E0400D8A1FCFF1C9A0000547BFFFF8C
:10C37000FC1D00003CEEFFFF4C020000F0FEFFFF42
:10C38000F4FFFFFF24000000400300008CFFFFFFCC
:10C39000280F0000B015000070CCFFFF1C16010034
:10C3A000BC400400D888FCFF3C9B00003477FFFFB2
:10C3B000381D000018EDFFFF2C020000DCFEFFFF1F
:10C3C000F4FFFFFF20000000200300001CFFFFFF20
:10C3D000680C00001C1100002CB9FFFF6CFC000071
:10C3E000503104008C70FCFFB89B00006873FFFFA5
:10C3F000641C0000F4EBFFFF10020000C4FEFFFF0E
:10C40000F0FFFFFF1C000000F4020000B4FEFFFF7D
:10C4100074090000B80C000018A5FFFF50E30000ED
:10C42000B42004000859FCFF9C9B0000F46FFFFF40
:10C430007C1B0000D0EAFFFFF4010000ACFEFFFF10
:10C44000F0FFFFFF1C000000C402000058FEFFFFC9
:10C4500048060000840800003890FFFFD0CA0000A2
:10C46000F80E04005C42FCFFF09A0000E06CFFFF55
:10C47000881A0000B0E9FFFFD401000094FEFFFF1E
:10C48000ECFFFFFF180000008C02000004FEFFFF1D
:10C49000E402000080040000907AFFFFFCB200007C
:10C4A00028FC0300902CFCFFB89900003C6AFFFFB9
:10C4B0008819000098E8FFFFBC0100007CFEFFFF28
:10C4C000A00100007C180000FC9700004CE803006D
:10C4D0002464FFFF4CFFFFFF48020000ECFFFFFF5A
:10C4E000000000010002000303000101010201033A
:10C4F0000201020202030301030203030402040314
:10C50000000000000000000000000000010000002A
:10C510000000000001000000000000000100000019
:10C520000000000006000000000000000100000004
:10C5300000000000010000000000000002000000F8
:10C5400000000000020000000000000002000000E7
:10C5500000000000020000000000000002000000D7
:10C5600000000000020000000000000002000000C7
:10C5700000000000060000000000000002000000B3
:10C5800001000000030000000200000003000000A2
:10C59000030000000300000004000000030000008E
:10C5A0000600000003000000080000000300000077
:10C5B0000A000000030000000D000000030000005E
:10C5C000040000000300000005000000030000005C
:10C5D0000600000003000000070000000300000048
:10C5E0000800000003000000090000000300000034
:10C5F0000B000000030000000D000000030000001D
:10C600000000000000000000090000004A000000D7
:10C61000000000008B0000008C0100000D020000F3
:10C620007B02000093030000F003000030050000CF
:10C630005806000011070000000000000209000079
:10C64000460B0000460B0000460B0000460B0000A6
:10C65000460B0000460B0000460B0000460B000096
:10C66000D10D0000D10D0000D10D0000D10D000052
:10C67000D10D0000D10D0000D10D0000D10D000042
:10C680006B6F6D6E67655959565653535A5A5C5CB9
:10C69000424242424141414144444444484848485E
:10C6A000101010101010101010101010101010108A
:10C6B000101010101010101010101010101010107A
:10C6C0004F4E4D4C4B4A49484746454443424140F2
:10C6D0000000000000000000000000010101010254
:10C6E0000203030302000000D04E837F1D75A37B6D
:10C6F000C1E4017464F9D9689A79825AE2F36A490B
:10C70000EE5A183683FB20215CEB270B0802070545
:10C7100006040300070605040302010005040302E2
:10C72000010706000000F0400000D0400000F0408B
:10C730000000184100002841000018410000F040AE
:10C740000000104100000041000010410000304195
:10C7500000004041000030410000104100007841DD
:10C7600000008441000084410000844100008441B5
:10C770000000844100008441000088410000904195
:10C780000000904100009041000090410000904165
:10C79000000090410E0C0408060301001F1F1F1F1C
:10C7A0001F1E1E1E1E1E1E1E03F0123101311120FF
:10C7B0001120001000100010001006F0226201622B
:10C7C0001252125222512251215021501231123153
:10C7D0001231123112311231123112310131013163
:10C7E000013101310131013101310131113011309B
:10C7F0001130113011301130113011300010001093
:10C8000000100010001000100010001000100010A8
:10C810000010001000100010001000100010001098
:10C820000010001000100010001000100010001088
:10C8300000100010001000100010001006F022621E
:10C8400001621252125222512251215021501130B4
:10C8500011301130113011301130113011301221DE
:10C860001221122112211221122112211221122130
:10C870001221122112211221122112211221012131
:10C880000121012101210121012101210121012198
:10C89000012101210121012101210121012100208A
:10C8A0000020002000200020002000200020002088
:10C8B000002000200020002000200020002008F0A0
:10C8C000328322833272327232613261326132617A
:10C8D00012731273017301733170317022722272FC
:10C8E000126212621262126222612261226122616C
:10C8F00001620162016201622160216021602160A8
:10C90000123112311231123112311231123112310F
:10C9100012311231123112311231123112311231FF
:10C9200012311231123112311231123112311231EF
:10C9300012311231123112311231123112311231DF
:10C940000131013101310131013101310131013157
:10C950000131013101310131013101310131013147
:10C960000131013101310131013101310131013137
:10C970000131013101310131013101310131013127
:10C98000113011301130113011301130113011309F
:10C99000113011301130113011301130113011308F
:10C9A000113011301130113011301130113011307F
:10C9B000113011301130113011301130113011306F
:10C9C00000100010001000100010001000100010E7
:10C9D00000100010001000100010001000100010D7
:10C9E00000100010001000100010001000100010C7
:10C9F00000100010001000100010001000100010B7
:10CA000000100010001000100010001000100010A6
:10CA10000010001000100010001000100010001096
:10CA20000010001000100010001000100010001086
:10CA30000010001000100010001000100010001076
:10CA40000010001000100010001000100010001066
:10CA50000010001000100010001000100010001056
:10CA60000010001000100010001000100010001046
:10CA70000010001000100010001000100010001036
:10CA80000010001000100010001000100010001026
:10CA90000010001000100010001000100010001016
:10CAA0000010001000100010001000100010001006
:10CAB00000100010001000100010001000100010F6
:10CAC00007F0327301732263226332623262316093
:10CAD00031601253125312531253325132513251A8
:10CAE00032512252225222522252015201520152FA
:10CAF0000152124212421242124212421242124297
:10CB0000124222412241224122412241224122411C
:10CB1000224121402140214021402140214021400B
:10CB20002140013101310131013101310131013146
:10CB30000131013101310131013101310131013165
:10CB4000013112211221122112211221122112214E
:10CB5000122112211221122112211221122112213D
:10CB6000122112211221122112211221122112212D
:10CB7000122112211221122112211221122112211D
:10CB800012211130113011301130113011301130AB
:10CB9000113011301130113011301130113011308D
:10CBA00011300030003000300030003000300030F4
:10CBB00000300030003000300030003000300030F5
:10CBC000003006F0410052005B0060006300680026
:10CBD0006B00126222512251016221601241124106
:10CBE0001241124101310131013101310131013173
:10CBF000013101311130113011301130113011304B
:10CC00001130113000100010001000100010001042
:10CC10000010001000100010001000100010001094
:10CC20000010001000100010001000100010001084
:10CC30000010001000100010001000100010001074
:10CC40000010001004F05245424552445243323520
:10CC50003235423442342235223552325232122594
:10CC600012251225122503F05221522101353234AA
:10CC7000512051204233323302F022244222121436
:10CC8000121401F04211411002F001242223322239
:10CC9000012301F01213321101F03110221208F0B9
:10CCA00001010A010F01128552811201150122842E
:10CCB0004282128442714271018441802283328215
:10CCC00012833281018331802262226222622262D7
:10CCD00001620162016201622160216021602160C4
:10CCE00012421242124212421242124212421242A4
:10CCF0001242124212421242124212421242124294
:10CD0000224122412241224122412241224122410B
:10CD100022412241224122412241224122412241FB
:10CD2000122112211221122112211221122112216B
:10CD3000122112211221122112211221122112215B
:10CD4000122112211221122112211221122112214B
:10CD5000122112211221122112211221122112213B
:10CD6000122112211221122112211221122112212B
:10CD7000122112211221122112211221122112211B
:10CD8000122112211221122112211221122112210B
:10CD900012211221122112211221122112211221FB
:10CDA00001310131013101310131013101310131F3
:10CDB00001310131013101310131013101310131E3
:10CDC00001310131013101310131013101310131D3
:10CDD00001310131013101310131013101310131C3
:10CDE000113011301130113011301130113011303B
:10CDF000113011301130113011301130113011302B
:10CE0000113011301130113011301130113011301A
:10CE1000113011301130113011301130113011300A
:10CE20000020002000200020002000200020002002
:10CE300000200020002000200020002000200020F2
:10CE400000200020002000200020002000200020E2
:10CE500000200020002000200020002000200020D2
:10CE600000200020002000200020002000200020C2
:10CE700000200020002000200020002000200020B2
:10CE800000200020002000200020002000200020A2
:10CE90000020002000200020002000200020002092
:10CEA00003F0523552344225422552135213521385
:10CEB000521302F0322542242215221501F052129B
:10CEC000011501F03214421301F05110321306F033
:10CED00041004A004F00520057005A00126442615C
:10CEE0002263326212531253325132510163316064
:10CEF0002252225201520152124212421242124254
:10CF00002241224122412241214021402140214011
:10CF100012311231123112311231123112311231F9
:10CF20000131013101310131013101310131013171
:10CF300011301130113011301130113011301130E9
:10CF40000030003000300030003000300030003061
:10CF500003F05235423532253225522352235234C2
:10CF6000013502F0422422255222122501F05211ED
:10CF7000321402F0421342135120012401F0221412
:10CF8000421201F03213411008F001010A010F01B1
:10CF900018011B0120012501128772812A012D0130
:10CFA000320112866281618037013A013D011284AB
:10CFB0004281418022833282018312731273327163
:10CFC00032713170317022722272126212621262F8
:10CFD00012622261226122612261016201620162A8
:10CFE00001622160216021602160124112411241E1
:10CFF0001241124112411241124112411241124199
:10D0000012411241124112411241013101310131EB
:10D010000131013101310131013101310131013180
:10D020000131013101310131013101310131013170
:10D030000131013101310131013101310131013160
:10D040000131013101310131013111301130113023
:10D0500011301130113011301130113011301130C8
:10D0600011301130113011301130113011301130B8
:10D0700011301130113011301130113011301130A8
:10D08000113011301130113011300010001000102B
:10D090000010001000100010001000100010001010
:10D0A0000010001000100010001000100010001000
:10D0B00000100010001000100010001000100010F0
:10D0C00000100010001000100010001000100010E0
:10D0D00000100010001000100010001000100010D0
:10D0E00000100010001000100010001000100010C0
:10D0F00000100010001000100010001000100010B0
:10D10000001000100010001000100010001000109F
:10D11000001000100010001000100010001000108F
:10D12000001000100010001000100010001000107F
:10D13000001000100010001000100010001000106F
:10D14000001000100010001000100010001000105F
:10D15000001000100010001000100010001000104F
:10D16000001000100010001000100010001000103F
:10D17000001000100010001000100010001000102F
:10D180000010001000100010001003F0723762371A
:10D1900072365237723562364227422702F07224C5
:10D1A00052266225322703F072237223422642263A
:10D1B000523552346223622301F02217721202F0B8
:10D1C000622401277110711002F06212621242256E
:10D1D000322502F0011601165223422401F03216C4
:10D1E000221602F0222552221215121502F05211B7
:10D1F00052113224422301F00115511001F0221482
:10D20000421201F03213011408F0010106010F016E
:10D2100014011701228772821C01727172711287C8
:10D2200071803286628361801F01220112856272E1
:10D230006272228601861276127662716271528162
:10D2400032845180250122844282128442810184E9
:10D25000418022732273327232721263126312633C
:10D260001263326132613261326101730173317074
:10D2700031702262226222622262225122512251A4
:10D280002251225122512251225112421242124263
:10D2900012421242124212421242124212421242EE
:10D2A00012421242124212421242015201520152E1
:10D2B000015201520152015201522150215021507C
:10D2C0002150215021502150215012311231123160
:10D2D0001231123112311231123112311231123136
:10D2E0001231123112311231123112311231123126
:10D2F0001231123112311231123112311231123116
:10D300001231123112311231123101310131013138
:10D31000013101310131013101310131013101317D
:10D32000013101310131013101310131013101316D
:10D33000013101310131013101310131013101315D
:10D340000131013101310131013111301130113020
:10D3500011301130113011301130113011301130C5
:10D3600011301130113011301130113011301130B5
:10D3700011301130113011301130113011301130A5
:10D3800011301130113011301130002000200020F8
:10D39000002000200020002000200020002000208D
:10D3A000002000200020002000200020002000207D
:10D3B000002000200020002000200020002000206D
:10D3C000002000200020002000200020002000205D
:10D3D000002000200020002000200020002000204D
:10D3E000002000200020002000200020002000203D
:10D3F000002000200020002000200020002000202D
:10D400000020002000200020002002F07227622768
:10D410007226722503F06226622642274227722472
:10D4200072245237523502F05226622532173217D3
:10D4300001F07213421602F0422552243225522383
:10D4400001F06214011701F04214221501F052128A
:10D45000011501F04213321307F081008A008F009A
:10D46000920097009A009D00A200A500A8002276D5
:10D4700062726271AD00B000B30012755271327405
:10D480004273B60022744272127432633263426194
:10D490004261226322633262326241700173316001
:10D4A00031601253125312531253325132513251CE
:10D4B000325122522252225222521242124212421D
:10D4C000124212421242124212422241224122418F
:10D4D0002241224122412241224101520152015264
:10D4E0000152215021502150215000400040004065
:10D4F0000040004000400040004012311231123123
:10D500001231123112311231123112311231123103
:10D510001231123112311231123101310131013126
:10D52000013101310131013101310131013101316B
:10D53000013101310131013101311130113011302E
:10D5400011301130113011301130113011301130D3
:10D550001130113011301130113003F07237623751
:10D5600072267226522752277225722502F06226F1
:10D5700042277224622501F05216321702F07223FC
:10D5800052252217221701F07212421601F062147E
:10D59000121702F0721172110127712001F0321678
:10D5A000621301F04215521402F042144214012693
:10D5B000012501F01216611001F03215521301F02D
:10D5C0002215521201F05110011406F041008200A0
:10D5D000C300E400050116011F01300139013E01BD
:10D5E000430146011262226101622160124112412F
:10D5F00012411241014101410141014111301130FB
:10D600001130113011301130113011300010001074
:10D61000001000100010001000100010001000108A
:10D62000001000100010001000100010001000107A
:10D63000001000100010001000100010001000106A
:10D6400000100010001000100010001006F008017B
:10D6500011011A0123012C01310136013F0144015E
:10D6600047014C01510156015B01126FF261F160FB
:10D67000600163016601E2626901126EE2616C01A0
:10D680006F017201750178017B01C266326D7E0106
:10D69000226DD262126DB26781018401C26387017B
:10D6A000426BD251D251016DD160826AA268426C44
:10D6B000C264626BB266325C325C225C225CC25233
:10D6C000C252525B525BB2658269125C125C06F018
:10D6D000C251C2519268016CC150C150B264626AB9
:10D6E000A2667269325B325BB253B2538268526A8D
:10D6F000225B225BA2656269A254A25472688267AF
:10D700009254925472677266B242B242B242B242CC
:10D71000124B124B124B124BB241B241B241B241C9
:10D72000015B015BB150B15092569256425A425A37
:10D73000325A325AA253A2535259525992559255C3
:10D74000224A224A224A224AA242A242A242A24299
:10D7500005F0124A124AA241A241015A6258A14060
:10D76000A1408256425992439243325952588255AF
:10D770006257224922499242924252577255324888
:10D78000324882438243625642577254525662551F
:10D79000725305F01239123912391239923192311D
:10D7A00092319231014901499140914042484248A9
:10D7B0008244824472427242425662542238223873
:10D7C0002238223882328232823282321238123841
:10D7D0001238123804F032472247123712377231AA
:10D7E00072315245014771403246624342455244CC
:10D7F00022466242324503F0822182210138813083
:10D80000123662310136613004F05243424422350F
:10D810002235523252320135013512251225122598
:10D820001225522152215221522103F03234423327
:10D8300051302234423232331224122402F0421187
:10D8400042110124412002F022233222121312132A
:10D8500001F03211011301F03110221203F08200A5
:10D860008B008E00910094009700E23CD23D03F0C3
:10D870009300B23EE23B923FF239E23AB23DD23BF4
:10D8800003F0823FF238C23C8D00823E9000F227C6
:10D89000F22703F0D22AD22AA23DB23CC23BF23692
:10D8A000622F622F02F0E228522F922DD22902F02D
:10D8B000F225E227A22CB22B03F0422F422FF224B2
:10D8C000F224C23AE236F223F22302F0321F321F70
:10D8D000822DD22801F0221FF21202F0622E922C29
:10D8E000011F011F02F0C229522EA21BA21B02F02F
:10D8F000722DD227421E421E02F0C228D226321EAC
:10D90000321E02F0B219B219922BA22A01F0B21AF9
:10D91000E21501F0E214821C01F0621DE21301F035
:10D92000221E011E01F0E110521D01F0D215721CE1
:10D9300001F0C217421D01F0821BB21801F0D2148F
:10D94000921A01F0A219621C01F0D213721B01F0AD
:10D95000521CC21501F09219721A01F0A217921707
:10D9600003F02300F23DE22DE22DF21FF21FF21F21
:10D97000F21F01F0E21FD21F01F0E21EC21F01F0F0
:10D98000D21EB21F01F0F21BC21E02F0D21CD21C2A
:10D99000A22FE22901F0F21AC21D01F0A21E921E6E
:10D9A00001F0721F721E01F0F21EF21C08F001015C
:10D9B000220143015401650176017F01880199012B
:10D9C000A201AB01B401BD01C201CB01D401D90157
:10D9D000DE01E301E801ED01F201F701FC010102C2
:10D9E000040207020A020F02120215021A021D02A5
:10D9F000200292812302260229022C022F02228871
:10DA00008282128882813202350238023B022287EA
:10DA1000728262841287528572813E0232866283EC
:10DA20004285528422866282128641023285627168
:10DA3000627152834284227522755272527212753B
:10DA40001275527152710185518032743274427371
:10DA50004273227422744272427232733273426190
:10DA60004261426142611274127401740174226352
:10DA70002263226322633262326232623262417016
:10DA80004170017301731263126312631263326196
:10DA90003261326132613160316031603160225215
:10DAA00022522252225222522252225222521252E6
:10DAB0001252125212521252125212521252225137
:10DAC00022512251225122512251225122510152DE
:10DAD0000152015201520152015201520152215090
:10DAE00021502150215021502150215021501231DC
:10DAF000123112311231123112311231123112310E
:10DB000012311231123112311231123112311231FD
:10DB100012311231123112311231123112311231ED
:10DB200012311231123112311231123112310141DE
:10DB300001410141014101410141014101410141D5
:10DB400001410141014101410141014101411140B6
:10DB5000114011401140114011401140114011403D
:10DB6000114011401140114011401140114000304E
:10DB70000030003000300030003000300030003025
:10DB80000030003000300030003000300030003015
:10DB90000030003000300030003000300030003005
:10DBA000003000300030003000300030003005F030
:10DBB000F25FE25FF25ED25FE24EE24EF25DC25F82
:10DBC000F25CD25EE25DB25FF24BF24BC25EE25CAF
:10DBD000D24DD24DA24FA24FF24AF24AB24EB24EAD
:10DBE000E24BE24BC24DC24DD24CD24C924F924FBF
:10DBF00005F0F249F249E24AE24AB24DB24DD24B47
:10DC0000D24B824F824FF248F248C24CC24C924EE5
:10DC1000924EE249E249724F724FF247F247A24DEB
:10DC2000A24DD24AD24AB24CB24C624F624FA25E6F
:10DC3000015F04F0C23BC23BF236F236824EE2484C
:10DC4000524F924DF235F235723E723EE237E23774
:10DC5000A23CA23C04F0C23AC23AB23BB23BD24927
:10DC6000824D423F423FF234F234323F323FF23390
:10DC7000F233D238D23804F0E236E236223F223F85
:10DC8000F232F232624EF140123F123FF231F23183
:10DC9000923C923CC239C23903F0523EA23BB23AA6
:10DCA000E235723DD237423EE23403F0823CC23864
:10DCB000323E623DD236E233923BB23904F0223E2C
:10DCC000223EA23AA23AE232E232123E123EE23161
:10DCD000E231014EE140523D523DD235D23503F0A2
:10DCE000723CC237423D823BD224D224B238923AAF
:10DCF00003F0A239623CC236323DD223D223D22273
:10DD0000D22203F0223D013D122D122D722B722BD7
:10DD1000B227B22703F0D221D221523CD130C22502
:10DD2000C225822A822A02F0A228422CC224622B17
:10DD300003F0B226B2269239013C322C322CC22397
:10DD4000C22303F0722A722AA227A227A226A226A1
:10DD5000C130013B02F0C212C212222C522B02F03F
:10DD6000B225122C8229922802F0C221422BB22421
:10DD7000622A02F0322B7229B213B21302F09227F8
:10DD80008228222B522A02F0B212B212A225122BA2
:10DD900002F0B211B211B120622902F09226422A99
:10DDA000A224722802F08227322AA213A21301F0C1
:10DDB0005219921501F0221AA21201F0121AA211A0
:10DDC00002F0012AA1206218621801F0821642199D
:10DDD00001F09214321902F0921392137227012962
:10DDE00001F05218821501F02219621701F0721623
:10DDF000921201F01219911001F04218821401F0F0
:10DE00005217721501F03218821301F06216421790
:10DE100001F07214011801F08110521601F0621520
:10DE2000321701F07213421601F00117711001F060
:10DE30000116611008F001010A011301F28F1801A7
:10DE40001D012001F2823101128FF281340145015E
:10DE500056016701780189019A01A301AC01B5015E
:10DE6000BE01C701D001D901DE01E301E601EB01EA
:10DE7000F0015281F301F601F901FC0112844281A3
:10DE8000FF01228332821273127332713271018365
:10DE90003180227222721262126212621262226156
:10DEA00022612261226101620162016201622160DC
:10DEB0002160216021601241124112411241124140
:10DEC00012411241124112411241124112411241BA
:10DED00012411241124101410141014101410141FF
:10DEE0000141014101410141014101410141014122
:10DEF0000141014101411130113011301130113017
:10DF00001130113011301130113011301130113009
:10DF100011301130113011301130113011301130F9
:10DF200011301130113011301130113011301130E9
:10DF300011301130113000100010001000100010CE
:10DF40000010001000100010001000100010001051
:10DF50000010001000100010001000100010001041
:10DF60000010001000100010001000100010001031
:10DF70000010001000100010001000100010001021
:10DF80000010001000100010001000100010001011
:10DF90000010001000100010001000100010001001
:10DFA00000100010001000100010001000100010F1
:10DFB00000100010001000100010001000100010E1
:10DFC00000100010001000100010001000100010D1
:10DFD00000100010001000100010001000100010C1
:10DFE00000100010001000100010001000100010B1
:10DFF00000100010001000100010001000100010A1
:10E000000010001000100010001000100010001090
:10E010000010001000100010001000100010001080
:10E020000010001000100010001000100010001070
:10E0300000100010001003F0E23FF23ED23FF23D2C
:10E04000C23FF23CB23FF23B03F0A22FA22FF23AC2
:10E05000923FF239F238822F822F02F0722FF2278C
:10E06000622FF22602F0522FF225421F421F01F0CA
:10E07000F214F21304F0F110F110F110F110F1109C
:10E08000F110F110F110322F322F322F322FE20027
:10E09000F300FC00050101F0221F011F04F0FA004B
:10E0A000FF00040109010C011101160119011E01F3
:10E0B00023012801E2432D0130013301360104F030
:10E0C00028012B012E01014D310134013701324C61
:10E0D0003A01124CC1403D01E232E232224E124E70
:10E0E00004F0D243224DD242D241324B2F01123D95
:10E0F000123DC244624BC243A247223C223CC24270
:10E10000B24504F0C241014C424BB244624AA246BD
:10E11000B233B233524AA245223B223BB232B23230
:10E12000123B123B04F0B231B231014BB1406249B3
:10E130009246424AA24472488247A233A233324AEC
:10E140005249223A223A04F092456248A231A23161
:10E15000824672479234923442495247623762375C
:10E16000A222A222A222A22203F0122A122A013AF9
:10E17000A130323992335238823503F022292229D4
:10E1800092229222723601391229122903F0922129
:10E19000922191304238823472353238823303F022
:10E1A00062362238822282224237723412281228A2
:10E1B00003F08221822181208120013852363227CA
:10E1C000322703F072237223623542362227222738
:10E1D0007222722203F0623452350127012712178E
:10E1E00012171217121702F07211721171203226D3
:10E1F00002F0622342255224222601F062121216F6
:10E2000002F0621162110126612002F052135213D2
:10E210003225422401F02215521201F01215011587
:10E2200001F03214421301F05110221401F0421295
:10E23000321301F00114411004F0C24E8600D23EA8
:10E24000D23EE239E239E24AD249E22EE22EE22E11
:10E25000E22EE23DE23DE23BE23B03F0B22EB22E83
:10E26000C22DC22DD23CD23BA22EA22E03F0C22C34
:10E27000C22CA23DD23A723EA23CC22AC22A03F06C
:10E28000C239723D522E522EB21DB21DB21DB21DA8
:10E2900002F0921E921EB22CC22B02F0822EE228B5
:10E2A000922DE22702F0B22B822DD228622E01F0AD
:10E2B000E216921C02F0A22BB22AE225D22702F02B
:10E2C000421E421EE224822C01F0C218321E02F0CD
:10E2D000621D621DD226922B02F0B229A22AE211FF
:10E2E000E21102F0D214D214B228A22902F0721B59
:10E2F000721BB227D12001F0011EE11001F0521D66
:10E30000D21501F0721CC21701F0421D821B01F0F0
:10E31000921A621C01F0C216321D01F0521CC21585
:10E3200001F0821AA21801F09219421C01F0B216F3
:10E33000721A01F0521B821901F09218721901F041
:10E340009217821801F0E21CD21D09F0E28FE28FD1
:10E35000F28EF28ED28FD28FF28DF28DC28FC28F5B
:10E36000F28CF28CB28FB28FF28BF28BF27AF27A5D
:10E37000F27AF27AA28FA28F928F928FF279F2794B
:10E38000F279F279F278F278F278F278828F828FED
:10E39000728F728FF277F277F277F277627F627F15
:10E3A000627F627FF276F276F276F276527F527F69
:10E3B000527F527FF275F275F275F275427F427F9D
:10E3C000427F427FF274F274F274F274327F327FD1
:10E3D000327F327FF273F273F273F273227F227F05
:10E3E000227F227FF272F272F272F272F271F27195
:10E3F000F271F271128F128FF180F180019F010290
:10E4000006020B02100215021A021F02F24FF24F0F
:10E41000F24FF24FF24FF24FF24FF24FF24FF24FF4
:10E42000F24FF24FF24FF24FF24FF24FF24FF24FE4
:10E43000F24FF24FF24FF24FF24FF24FF24FF24FD4
:10E44000F24FF24FF24FF24FF24FF24F24022902F5
:10E45000320237023A023F02420245024A024D02AC
:10E4600050025302560259025C025F0262026502C8
:10E4700068026B026E027102740277027A027D02F8
:10E480008002830288028B028E029102940297021C
:10E490009A029F02B294A402A702AA02B29382989F
:10E4A000AF02B292B202B5029296A294B8028297DB
:10E4B000329AA29352999295229AA292A29162982C
:10E4C0008296729742999294329992935298829539
:10E4D000229962977296929212999291429882949E
:10E4E00052977295329882936296229882921298ED
:10E4F000429772948291BB02529662951297BE0225
:10E500007283728332972297728272824286428627
:10E51000628462845285528572817281328632862B
:10E520006283628342854285528452842286228697
:10E530006282628212861286628162810196619095
:10E5400032853285528352834284428422852285D9
:10E5500052825282128512850195519052715271E8
:10E560005271527132843284428342832274227403
:10E570002274227442724272427242723273327355
:10E5800032733273127412741274127442714271C3
:10E59000427142710184018441804180227322735F
:10E5A00022732273327232723272327212631263C7
:10E5B0001263126312631263126312633261326177
:10E5C00032613261326132613261326101730173F1
:10E5D00001730173317031703170317022622262C7
:10E5E000226222622262226222622262125212524B
:10E5F00012521252125212521252125212521252FB
:10E6000012521252125212521252125222512251CC
:10E610002251225122512251225122512251225162
:10E620002251225122512251225122510162016272
:10E630000162016201620162016201622160216086
:10E64000216021602160216021602160124112411E
:10E650001241124112411241124112411241124122
:10E660001241124112411241124112411241124112
:10E670001241124112411241124112411241124102
:10E680001241124112411241124112410141014114
:10E69000014101410141014101410141014101416A
:10E6A000014101410141014101410141014101415A
:10E6B000014101410141014101410141014101414A
:10E6C000014101410141014101410141114011401C
:10E6D00011401140114011401140114011401140B2
:10E6E00011401140114011401140114011401140A2
:10E6F0001140114011401140114011401140114092
:10E7000011401140114011401140114000400040A3
:10E7100000400040004000400040004000400040F9
:10E7200000400040004000400040004000400040E9
:10E7300000400040004000400040004000400040D9
:10E7400000400040004000400040004002F0E22E47
:10E75000D22EE22DC22E02F0E22CD22DB22EE22BCE
:10E7600002F0C22DD22CA22EE22A02F0B22DD22B20
:10E77000C22C922E02F0E229A22DD22AB22C02F053
:10E78000C22B822EE228922D02F0D229722EE2278D
:10E79000A22C02F0C22AB22B822DD22803F0013E15
:10E7A000E130012D012DE216E216E216E21602F02A
:10E7B000622E922CC219C21901F0521EB21A02F036
:10E7C000E215E215A22B722D01F0D217E21401F02E
:10E7D000821CC21802F0422E222E321E321E01F07E
:10E7E000621DD21601F0E213921B01F0B219A21AB7
:10E7F00001F0E212121E01F0E211521D01F0D215D9
:10E80000721C01F0C217421D01F0821BB21801F008
:10E81000D214921A01F0A219621C01F0C216321D24
:10E8200001F0D213221D01F0D212121D01F0721B51
:10E83000B21701F0D211521C01F0C215821A01F078
:10E84000A218921901F0421CC21401F0621BB21608
:10E8500002F0D120012C321C321C01F0C213721ABA
:10E8600001F0A217221C01F0C212521B01F0B215D6
:10E87000121C01F08219921801F0C211421B02F021
:10E88000C120012B321B321B02F0B120012A121AC7
:10E89000121A01F0621AA21601F07219921702F010
:10E8A000A12001299110911001F0221B521A01F0B0
:10E8B000A215121B01F0B211621901F0421A72186E
:10E8C00001F00118811001F0011771101F1C1F1EAB
:10E8D0001F1E1F1F1E1F1E1F000001009118020097
:10E8E000FF00FA0402000000920200000200D600BD
:10E8F0000001000047FF000000028EFF0200FE0042
:10E900003B0002FFFF00390002000100350002FF5A
:10E9100000002E000001FF00D7FF01000000DDFF16
:10E9200000010100E2FF020000000F00000001FEF4
:10E93000F3FF000001020B000400FFFE0B000000CB
:10E9400003000A000400FE0009000201FF00F8FFB6
:10E9500002010000F9FF01000100FBFF01010000BE
:10E96000050002FFFF000400FF0000000400020198
:10E97000FF0004000000FE00040000000202FDFF92
:10E9800002FFFE00FDFFFFFF01000200000000018A
:10E990000814000001011901000001FF120102002A
:10E9A000FFFFFC00020000013B000000FF0111001E
:10E9B00002FF00FF0900000000FF090002FF010143
:10E9C000080002FFFFFF040002FFFF01FDFF02003D
:10E9D00000FF0400020002FF020004000201020026
:10E9E0000204060800000000000000000102030409
:10E9F00006070809000000000102030401020304E5
:10EA000006070809CDCCCC3D0000803F0000204126
:10EA1000000070420000003F0000F0410000A543EC
:10EA20000000C040265355BF555555410000003EDB
:10EA30000000904100007041000087430000B44294
:10EA40000EFFA73D000034430000B4433D0A43419C
:10EA500000006145424B3236060000000400000011
:10EA60000000000040000000000E1517110E00000D
:10EA70004641543332202020000000002A2B2C3A3B
:10EA80003B3C3D3E5B5D7C223F7F000073706563D5
:10EA900069616C2E747874007370656369616C646D
:10EAA00061792E74787400002C2000006665737400
:10EAB0006976616C2E747874000000002C200900C7
:10EAC000414D0000504D00005345542054494D45E0
:10EAD000203A00004C49474854204F4E20415400F2
:10EAE0004C49474854204F464620415400000000FE
:10EAF00002200000594553004E4F20002E6D703308
:10EB0000000000002E656E6300000000506C61790B
:10EB1000696E672E2E2E0000706C61796C697374BB
:10EB20002E74787400000000547261636B3A000028
:10EB3000414D503A204F4E00414D503A204F4646ED
:10EB400000000000504C4159000000004F46462094
:10EB500000000000434C4F434B204552524F52009F
:10EB60004E4F542039364D485A0000004C6F6164B6
:10EB7000696E672E2E2E0000525443204552524F8C
:10EB800052000000434845434B2044533133303753
:10EB90000000000053442043617264204572726F8C
:10EBA0007200000073657474696E67732E747874F4
:10EBB00000000000486170707942656C6C20323052
:10EBC0003235202D200000002020202000000000F1
:10EBD000303030303100000042454C4C20534F550E
:10EBE0004E443A005354415254494E47204D5553D8
:10EBF00049433A00504C4159204154204E4947481E
:10EC000054203A0042454C4C205354415254204128
:10EC100054203A0042454C4C20434C4F5345204130
:10EC200054203A005345542044415445203A0000B2
:10EC3000414D50204F4E2F4F4646203A00000000D5
:10EC40006D656E752E74787400000000454449545B
:10EC500020504C41594C495354000000686F6C6976
:10EC60006461792E747874002020544F44415920F7
:10EC7000484F4C4944415920000000005FAEAA3C77
:10EC8000365AAE3DE276383E041DA93E38F77F3F46
:10EC9000DB0FC93FDB0F4940000080BF0000C041CF
:10ECA0000000C03F398EE33B0000B4C2000034C313
:10ECB00035FA8E3C030C50398688083CABAA2A3EB4
:10ECC000EC024ABF00AD0E4763537C3FB53B8C431B
:10ECD000D1F69E394D507C3FBAC3B243882A2139C0
:10ECE000080B0834E35030388CE0883C5AC4F144B7
:10ECF0007B14FA422FA2ED3A3BAA1A3A8F423B42CA
:10ED00008195AB410000D0410000B841ACC5273B24
:10ED1000000080400000A03FE02E65438BE16A3791
:10ED2000EDD79D3BAE11F53FF6CFD3385CC8A33C81
:10ED300000004040EC8497392E73BA3B8CA19C3B79
:10ED4000E02E6542000034440000B444C13A8C43D4
:10ED5000B81EF53F0AD7A33C99C2B23F31D8BE4195
:10ED60000C3469370000C84277F3A43E14AE7B42EE
:10ED7000EE23B73B00C0A84785D2524103515A4306
:10ED800007E9CE3A4F0D4341D3EC944316AAF63A25
:10ED9000B00F2139360A5141A1F6064317380F3C0E
:10EDA0006BAB5341508BBA4245766F3B7AE3243BC1
:10EDB000844DF8366F12833A58D903430080EF42EE
:10EDC0001CB2813B0646C134B083BB412A7EB443AA
:10EDD000F63A8C4300004041D8BEFFFFFEBDFFFF66
:10EDE000D2BEFFFF06BEFFFFD2BEFFFFCCBDFFFFBE
:10EDF000D2BEFFFF06BEFFFFFEBDFFFFFEBDFFFF51
:10EE0000CCBDFFFF06BEFFFF0CBEFFFF0CBEFFFF29
:10EE10000CBEFFFFCCBDFFFFBEBDFFFFBEBDFFFFB1
:10EE200092BEFFFF6EBFFFFF92BEFFFF8CBDFFFFD4
:10EE300092BEFFFF6EBFFFFFBEBDFFFFBEBDFFFF67
:10EE40008CBDFFFF6EBFFFFFCCBDFFFFCCBDFFFF42
:10EE5000CCBDFFFF8CBDFFFF3EC2FFFF90C1FFFF97
:10EE600090C1FFFF8EC1FFFF94C1FFFF94C1FFFF60
:10EE700064C1FFFF8EC1FFFF94C1FFFF64C1FFFFAC
:10EE800094C1FFFF8EC1FFFF2CC2FFFF2CC2FFFF0A
:10EE90002CC2FFFF64C1FFFF000102020303030352
:10EEA000040404040404040405050505050505051A
:10EEB00005050505050505050606060606060606FA
:10EEC00006060606060606060606060606060606E2
:10EED00006060606060606060707070707070707CA
:10EEE00007070707070707070707070707070707B2
:10EEF00007070707070707070707070707070707A2
:10EF00000707070707070707070707070707070791
:10EF10000707070707070707080808080808080879
:10EF20000808080808080808080808080808080861
:10EF30000808080808080808080808080808080851
:10EF40000808080808080808080808080808080841
:10EF50000808080808080808080808080808080831
:10EF60000808080808080808080808080808080821
:10EF70000808080808080808080808080808080811
:10EF80000808080808080808080808080808080801
:08EF9000080808080808080839
:10EF9800FFFF010C00D8B805644500200000000000
:00000001FF
