:040000006FA0C070BD
:10000400000000000000000028880000FE870000B7
:10001400000000000AA7000000000000000000002B
:100024000AA700000AA7000000000000000000006A
:100034000AA70000000000000AA70000000000005A
:100044000AA700000AA700000AA700000AA70000E8
:100054000AA700000AA700000AA700000AA70000D8
:100064000AA700000AA700000AA700000AA70000C8
:10007400DA6E00000AA700000AA700000AA7000021
:100084000AA700000AA700000AA700000AA70000A8
:100094000AA700000AA700000AA700000AA7000098
:1000A4000AA700000AA700000AA700000AA7000088
:1000B4003A6F0000D8A600000AA700000AA70000B3
:1000C4000AA700000AA700000AA700000AA7000068
:1000D4000AA700000AA700000AA700000AA7000058
:1000E4000AA700000AA700000AA700000AA7000048
:0C00F4000AA700000AA700000AA70000ED
:10010000397101436EC619A0397141536AC866CA74
:1001100062CC5ECE19A0397101535AD056D252D456
:100120004ED64AD826DA22DC06DE330161408282CE
:1001300041114AC026C222C406C68282B24D410184
:10014000024D924C224CB24B4101024B924A224A40
:10015000B2494101024992442244B24041018280A5
:100160003D432A876373C3029377F700BDEFADE584
:10017000937606FF3D8ABA960CC34CC30CC74CC796
:100180004107E36BD7FE11E28280B306C3408A06C3
:100190009702000096966780A6002307B700A30683
:1001A000B7002306B700A305B7002305B700A304D3
:1001B000B7002304B700A303B7002303B700A302CB
:1001C000B7002302B700A301B7002301B700A300C3
:1001D000B7002300B700828093F5F50F9396850052
:1001E000D58D93960501D58D61B79396270097021B
:1001F000000096968682E78086FA9680C1171D8F4A
:100200003E96E374C3F8A5B73367B500FD530D8B75
:1002100079E7B7877F7F9387F7F710419441B372EF
:10022000F6003363F600BE92B3E262006395720C8F
:100230006318D6065041D441B372F6003363F6001A
:10024000BE92B3E262006396720A631BD604104545
:100250009445B372F6003363F600BE92B3E26200D7
:10026000639F7208631ED6025045D445B372F600F0
:100270003363F600BE92B3E26200639872086311C2
:10028000D60210499449B372F6003363F600BE9269
:10029000B3E26200639172085105D105E30FD6F60F
:1002A0001317060193970601631CF7001357060105
:1002B00093D706013305F7409375F50F91E98280D6
:1002C0004183C1833305F7409375F50F91E1828037
:1002D0001377F70F93F7F70F3305F740828010215C
:1002E0009421050585056313D60075FA3305D640BC
:1002F000828011059105E314D6FE01458280210517
:10030000A105E31ED6FC014582803105B105E31845
:10031000D6FC014582804105C105E312D6FC0145AA
:100320008280375700408356474183578741C20731
:10033000D58FE98F3385A74013351500828015C10D
:100340000327457C8327057CB73600209386469695
:10035000B387E7020327457BB387E702014763437F
:10036000F700828013161700369623100600050743
:10037000FDB70D466371A6063727002013074748CF
:1003800014239307F00F01456398F6041C3393067A
:10039000000E93F5070E6391D50493D637008D8A2E
:1003A0006398C60285838D8B85466393D7023C2371
:1003B00093D64700ED1693F6B60F99EA89838D8B95
:1003C00089466397D70028331981751513351500B1
:1003D0001375F50F828001458280B7360020938720
:1003E00086273166C83301478547938686271306DB
:1003F000C6FB63C9A702894763F3A702FC22938760
:10040000077D13F6370011E61306400633E6C702F0
:1004100011E613060019B3E7C70291E30507C822E6
:100420003A95828093952700B2958C4185072E9747
:10043000C9B79C41FD1795CF9CC118418841894798
:100440006311F5029377370099E793054006B3658A
:10045000B702F54689ED930700193367F702F546B1
:1004600019C7B167938707EFAA9783C6F7FF14C22E
:100470008280B1479CC11C41FD171CC17DBFB9479B
:10048000B1468D8FB3C7D70205671307072C3A957E
:1004900015471D8DB387D702AE97F51793059009C1
:1004A000B387B7028907B3C7E70213070019B297EA
:1004B0001306D0163306C502B29711463346C5025D
:1004C000B2971306C0F93346C5023345E502B29729
:1004D000AA973725DAFF1305A5A73E958280EFF28C
:1004E0003FC5411136C6613FEFB08044B7C7000039
:1004F00083A5C7E1EFB02005B246B7C7000083A5CA
:1005000007E22A843685EFA01019AA852285EFA07C
:10051000E061410181B1EFF2BFC1AA85AA84EFA0D9
:100520009059B7C7000083A547E22A84EFA0B058CE
:10053000B7C7000083A587E2EFB0E000A285EFA077
:100540009057B7C7000083A5C7E2EFA0205EA28541
:10055000EFA07056B7C7000083A507E3EFA0B07EF9
:10056000A285EFA05055B7C7000083A547E3EFA0D1
:10057000E05BA685EFA03054F1BEEFF2DFB92E8A22
:10058000AA89930500005285EFA0304AD2846356B1
:100590000500B7040080B3C44401930500004E85F4
:1005A000EFA0B0484E8963560500370900803349F3
:1005B0003901930500002685EFA0103909E993055C
:1005C00000004A85EFA050381304000031C5CA85E9
:1005D0002685EFA0303D63430504A6854A85EFA03C
:1005E000900B153F2A84930500005285EFA0F0433D
:1005F000635A0500B7C7000003A50768A285EFA0EE
:1006000090742A84930500004E85EFA01042635534
:100610000500B70700803D8C228505BECA8526856A
:10062000EFA07007CD3DB7C70000AA8503A5C76737
:10063000EFA0707145BFEFF2BFAF930500002A84B1
:10064000EFA0B03E635DA004B707C01F9354140031
:10065000BE94A6852285EFA01004A685EFA0004DCC
:10066000B7C4000083A5C4E1EFA0F0442A89AA859D
:100670002285EFA05002CA85EFA0404B83A5C4E1BC
:10068000EFA07043AA852A892285EFA0D000CA85F1
:10069000EFA0C04983A5C4E1EFA0F04165BC1305FC
:1006A0000000EDBFEFF2DFA8B7C4000003A9446764
:1006B0002A84CA85EFA0102F634CA000B7C70000A2
:1006C00003A987672285CA85EFA0303663530500EA
:1006D0004A84A2852285EFA0103EAA8503A544671F
:1006E000EFA07066893FAA852285413DA5B4EFF24F
:1006F0003FA4B7C4000003A904E22A8493050000C4
:100700002285EFA09032634C050083A404E2A68505
:100710002285EFA03029635A0500228525BC228559
:10072000CA85EFA0A0402A84D1BF2285A685EFA06C
:1007300090612A84E9BFEFF23F9DBE89B7C70000F0
:10074000AE8B83A5C7EB2A8B3A85BA84328CB68CE4
:10075000428A37C90000EFA0603D832509ECAA8AD0
:100760002685EFA0A03C032909EC2A84A2855685A2
:10077000EFA050236355050013050000A9A82285AA
:10078000029A630D3505B7C7000003ADC7E12149E3
:10079000A6852285EFA08039EA85EFA0D031AA8A0C
:1007A000029A638BA90256847D19E31309FE93060E
:1007B00000006286DE855A851D33AA852285EFA05A
:1007C0009058B7C7000083A507E2EFA0D02EE685BA
:1007D000EFA0C035293FADB2D684F9B72285CA85CE
:1007E000EFA0C034A2842A8451B7EFF27F94B7C43B
:1007F000000083A544392A84EFA0E069EFB0200D02
:10080000EFB0001383A54439EFA0F02AAA85228512
:10081000EFA07053930500002A84EFA010216358C5
:10082000050083A544392285EFA040302A84228523
:100830006FF05F92EFF2DF8F4D3FB7C4000083A5EA
:1008400044682A84EFA01016635AA000B7C70000BE
:1008500083A547392285EFA0104F2A84B7C700002F
:1008600083A587682285EFA0F0136358A00603A52F
:100870004468A285EFA0304D2A84B7C7000083A545
:1008800047692285EFA03023AA852A84EFA0B022F1
:10089000B7C7000083A58769AA84EFA0D021B7C796
:1008A0000000AA8503A5C769EFA0F049A685EFA0BF
:1008B0009020B7C7000083A5076AEFA0D048A6859F
:1008C000EFA0701FB7C7000083A54767EFA0002601
:1008D000A285EFA0501E6FF0FF87B7C7000083A569
:1008E000C7682285EFA07014E35905F8B7C7000068
:1008F000A28503A50769BDBFEFF29F83B7C70000BC
:1009000083A58768EFA0802235376FF0BF84EFF2B0
:100910009F804111AA89328532C62E84EFA0307B98
:10092000B7C7000083A5C7E1AA842285EFA00020F5
:10093000EFA0F0792A893385A402930780163365E6
:10094000F502EFA0F07ECE85EFA0401EAA89268595
:10095000EFA0107EAA844A85EFA0907DAA8522850B
:10096000EFA0703EA685EFA01015CE85EFA0001C6D
:1009700032462A89A6853285EFA0F03CA285EFA0F9
:100980009013CA85EFA0801A8D3541016FF0EFFBFF
:10099000EFF20FF719713684930600003ACE42D277
:1009A0003ED0353EB7C700002AC603A5C76AB7CCFC
:1009B0000000894B41352AC82285AD3D2ACA2285CF
:1009C000253FB7C7000083A7076B2ACC930500001B
:1009D0003EDCB7C7000083A7476BB7CA00003ED410
:1009E000B7C7000083A7876B3ED6B7C7000083A7B1
:1009F000C76B3EDEB7C7000083A7076C3ED8B7C7FA
:100A0000000083A7476C3EDAB7C7000083A7876C56
:100A1000BEC0B7C7000083A7C76CBEC2B7C700007F
:100A200083A7076DBEC4B7C7000083A7476DBEC6C6
:100A3000B7C7000083A7876DBEC8B7C7000083A7EC
:100A4000C76DBECAB7C7000083A7076EBECCB7C7C5
:100A5000000083A7476E03AC4C67BECEB7C700004B
:100A600083A7876EBED0B7C7000083A7C76EBED26C
:100A7000B7C7000083A7476FBED4B7C7000003AD58
:100A800087673245EFA0800AE255AA84EFA0A04014
:100A90002A84A255325526869D3DF2552A89228503
:100AA000EFA07001A285EFA01001CA85EFA0000899
:100AB0002D3B2A89C25552552686913D8645AA84EA
:100AC0002285EFA0407FA285EFA0E07EAA85268543
:100AD000EFA07027193B9645AA892285EFA0A07D3B
:100AE000A645EFA0A004A285EFA0E07CAA8536452C
:100AF000EFA07025C645AA842285EFA0C07BAA85F9
:100B00005645EFA05024AADEC53BE6452A8B228538
:100B1000EFA0607AAA857645EFA0F022A285EFA02B
:100B200080798655EFA08000A285EFA0C078AA85C5
:100B30001655EFA05021B7C7000083A5076FEFA09F
:100B40008035A655EF90907E83A50A6FEFA0A03464
:100B5000B7C7000083A5876FEF90507DB7C700002F
:100B600083A5C76F2A8A5A85EFA0E074AA855285AB
:100B7000EF90D07B37C700008325C7E1AADCEFA048
:100B800080732A8B45392A8A5A85BD33AA855285B6
:100B9000EFA06030AA85EFA000722A8ACA854A8534
:100BA000EF90D078AADA7931AA855285EFA0A070AB
:100BB000AA8D4E8541312A8BA6852685EF90107728
:100BC000DA85EFA0406FAA856E85EFA0D017B7CD6C
:100BD000000083A50D70AAD82685EFA0C06DD28530
:100BE000EFA0606DDA85EFA0006D5653AAD61A8586
:100BF0002133B658AA854685EFA0E06B4658C285DA
:100C0000EF90D07237C700008325C7E1AAD652857E
:100C1000EFA0606AD285EFA0006A83A50D702A8AD2
:100C20004A85EFA040693931AA855285EFA0A068B6
:100C30003658AA854285EFA01011B7C5000083A5DC
:100C40004570AAD62685EFA00067A685EFA0A0660E
:100C5000CE85AA844E85EF90706DE93E2A8AAA85DA
:100C60002685EFA040653657AA853A85EFA0B00DDE
:100C700037C7000083258770EFA0E06337C7000007
:100C80008325C770AA842285EFA0E06237C70000E1
:100C900083250771EF909069A285EFA0C06137C7E7
:100CA0000000AA8503254771EFA0F009DA85EFA0BF
:100CB000806037C70000832587712A8B2285EFA0CB
:100CC000805F37C70000AA850325C771EFA0B00772
:100CD000D285EFA0405EAA855A85EF90306537C770
:100CE0000000832507722A844E85EFA0C05C9936E8
:100CF00076562A8A32853D3E37C7000083254772E3
:100D0000AA895285EFA0205BA285EF903062CA8548
:100D1000EF90D06137C7000083258772EFA0B00243
:100D200037C700008325C7722A844E85EFA0A058DC
:100D3000AA852285EFA03001E6562A893685DD3C5A
:100D40002A844A85C53CAA852285EFA0C056EFF0CB
:100D50007F9537C9000083250973EFA0C055AA8984
:100D6000D13CAA855245EFA00055AA854245EFA087
:100D7000807D2A844E854936AA856245EFA0A0531E
:100D8000AA852285EFA02011E285AA89EFA08041E3
:100D90006E846347A00AEA854E85EFA0004963533D
:100DA0000500EA89CE854E85EFA0E050AA8503A50F
:100DB0004C67EFA04079EFF01F88CE85EFF0EFFB96
:100DC00083250973EFA0204F925781C7B707008092
:100DD0003D8DF245EFA0207783250470EFA0A04D54
:100DE000B7C7000083A54773EF905054A685EFA0C6
:100DF0008075930500002A84EFA02043B7C400004B
:100E00006358050083A584732285EF9030522A84AD
:100E100083A584732285EFA000088547AA85639F78
:100E2000FB0083A50A6F2285EFA0E0068255EF90B4
:100E3000F04FEFF0DF8B09616FF04FB0854B91B150
:100E4000E2898DB7EFF22FAD0548BE892A84AE84C2
:100E50003289EFF0FFB3CE85EFA0E06EAA864A8616
:100E6000A6852285EFF0AFE76FF02FAEEFF24FAC23
:100E7000B7C7000083A5076CB7C700002A842A867D
:100E800003A5476CEFF0BFA8B7C7000083A5476B69
:100E9000B7C70000AA8403A5C7652286EFF03FA765
:100EA0002A892685EFF01F99B7C7000083A507663A
:100EB000EFA06040CA85EF907047A6852A892685F5
:100EC000EF90D046EFF01F97B7C7000083A54766A5
:100ED000EFA0603ECA85EF907045EFF01F91B7C755
:100EE000000083A5076BAA842285EF90D07AB7C74C
:100EF000000083A587662A84EFA0E03BB7C7000007
:100F000083A5C766EF909042B7C7000083A5076727
:100F10002A892285EFA0203AA285EFA0C039AA85B0
:100F20004A85EF90B040AA852685EFA0C061EFF01A
:100F3000DF8B6FF02FA2EFF22F9DB7C7000003AB3E
:100F4000476AB7C7000083AB4767B7C7000003AC69
:100F5000876A2A842E8AB28A3549C1494A8693060D
:100F6000000091452285EFF08FD7AA8C0137DA85F2
:100F7000EFA040230509635AA004DE856685EF9043
:100F8000F03AED35E285EFA0402A6350050456861D
:100F9000D2852285EFF0AFCEAA844A86914522857C
:100FA000EFF0EFCD33A5A400934715001305E483BC
:100FB00093C717001D8D1304C00333658502634476
:100FC000A0001305C5036FF0AF97E31939F9814706
:100FD000F1BFEFF24F940148BE892A84AE84328972
:100FE000EFF01F9BCE85EFA00056AA864A86A68505
:100FF0002285EFF0CFCE9D3DB7C7000083A5876A5D
:10100000EF907069EFA0B00C6FF02F94EFF24F8F5C
:1010100037C40000AE8A8325046B41112A89EF9002
:101020009067B7C7000083A5C72B130A0000EFA085
:101030008028B7C7000083A5072CAA84EFA0A027AB
:10104000B7C7000083A5472CEF90502EB7C700000C
:1010500083A5872CAA892685EFA0E025A685EFA089
:101060008025AA854E85EF90702CB7C7000083A518
:10107000C72CEF905062CA85EF90502B8325046BEC
:10108000AA84EF905061AA85AA89EFA0C022B7C7B1
:10109000000083A5072DB7C700002A8403A5472DAC
:1010A0002686EFF0DF86B7C7000083A5872D2A8943
:1010B0002285EFA04020AA854A85EFA0C048EFF026
:1010C000CFF2B7C7000083A5C72DB7C700002AC05D
:1010D00003A5072E2686EFF09F83B7C7000083A5E0
:1010E000472E2A892285EFA0001DAA854A85EFA0F8
:1010F0008045EFF08FEFB7C7000083A5076CB7C737
:101100000000AA8C03A5476C2686EFF05F80B7C766
:10111000000083A5872E2A892285EFA0C019AA8501
:101120004A85EFA04042EFF04FECB7C7000083A51F
:10113000C72EB7C700002A8C03A5072F2686EFF01D
:101140000FFDB7C7000083A5472F2A892285EFA08E
:101150008016CA85EF90901DEFF02FE9B7C7000009
:1011600083A5872FB7C70000AA8B03A5C72F2686A4
:10117000EFF0EFF9B7C7000083A50730AA842285F6
:10118000EFA06013AA852685EFA0E03BEFF0EFE526
:10119000B7C7000083A547302A8B4E85EFA0A0116A
:1011A000B7C40000AA8503A54467EFA0C039B7C73C
:1011B000000083A587302A892285EFA0C00FAA8569
:1011C0004A85EFA0403883AD4467B1672A84138D08
:1011D000872003091D00EE85630C09009306290092
:1011E00093F6B60FA28589E62285EFA0C00CAA85EA
:1011F00003154D002EC2190DEFA080739245EFA08C
:10120000800B2AC40305ADFFEFA08072E685EFA036
:10121000800A2AC24A85EFA0A071E285EFA0A0094A
:101220001246AA853285EF9070102AC20305CDFFC1
:10123000EFA00070DE85EFA000081247AA853A856E
:10124000EF90D00E2AC20305DDFFEFA0606EDA85B5
:10125000EFA060061247AA853A85EF90300DEFF0B7
:101260006FDDA246AA853685EFA0E004AA855285E7
:10127000EF90D00BB1679387C72B2A8AE39BA7F522
:10128000B167138D471B83A74467930D4D05130961
:1012900000003EC283041D00924599C89386240035
:1012A00093F6B60FA28589E62285EFA0C000AA8535
:1012B00003154D002EC4190DEFA08067A245EF90D5
:1012C000907F2AC60305ADFFEFA08066E685EF900C
:1012D000907E2AC42685EFA0A065E285EF90B07DC0
:1012E0002246AA853285EF9070042AC40305CDFFFB
:1012F000EFA00064DE85EF90107C2247AA853A8536
:10130000EF90D0022AC40305DDFFEFA06062DA850A
:10131000EF90707A2247AA853A85EF903001EFF07E
:101320006FD1B246AA853685EF90F078AA854A85B6
:10133000EF90C07F2A89E39FADF537C40000832575
:10134000C4305285EF9030778245EF90207EB7C74A
:10135000000083A50731AA844E85EF90D075B7C7EA
:10136000000083A54731EF90607CEFF0AFCCB7C7AA
:10137000000083A58731EF901074A685EF90007B65
:10138000EFF0AFC68325C43023A0AA004A85EF90B2
:10139000907223A2AA0041016FE05FDAEFE2DFD68C
:1013A000B7C70000AE8983A5471A4111328CAA84C1
:1013B000EF907070B7C70000AA8503A5871AEFA049
:1013C00080182A8B2C002685EFF05FC4A24B5E8527
:1013D000EFF04FC62A8A5A85EFF00FD2AA852A84E9
:1013E0005285EF90506DB24AAA8C5685EFF08FC4AB
:1013F0002A895685EFF04FD0AA85AA8A4A85EF90B0
:1014000090292A8D5A85EFF0EFC2AA852A8B6A852A
:10141000EF90706AAA856685EFA0E012AA8C5E85BF
:10142000EFF08FCDAA856685EFF02F95AA8BDA8530
:101430005685EF905068D285EF90F067CA852A8A6A
:101440002285EF905067AA855285EF90206EEFF0CD
:101450006FA537C4000083250473EF90D065B7C72C
:10146000000083A5C71AB7C700002A8903A5071B78
:101470002686EFF0CFC9E285EF90406BEFF0EFB634
:1014800083250473AA845E85EF90F062AA85268581
:10149000EFA0600BEFF06FB5B7C7000083A54768FA
:1014A000AA84EF903050635AA000B7C7000083A50C
:1014B00047392685EFA02009AA844E85EFF08FB723
:1014C0002A8A4A85EFF00FB7AA855285EF90B05E61
:1014D0002A8A4E85EFF04FC2AA894A85EFF0CFC124
:1014E000AA854E85EF90305D2A892685EFF0CFC022
:1014F000AA854A85EF90305CD285EF902063EFF0AB
:101500006F9A83250473EF90105B41016FE05FC316
:10151000EFE21FC241112C002A84EFF03FAFB7C7A2
:10152000000083A5076B2285EF90F016B7C7000077
:1015300083A587662A84EF901058B7C7000083A55B
:10154000C766EF90A05EB7C7000083A50767AA84AF
:101550002285EF905056A285EF90F055AA852685FA
:10156000EF90C05CAA852245EF90F07DEFF0EFA7E9
:1015700041016FE03FBEEFE2BFBBAA84513F2A8426
:101580002685EFF0BF8EAA852285EF90D07BEFF005
:10159000CFA5B7C7000083A5C773EF90D00FEFA00A
:1015A000003305056FE01FBBEFE29FB89537B7C763
:1015B000000083A50732EF90100EEFA04031050523
:1015C0006FE05FB9B7F700E0D8438146799BD8C395
:1015D000372700200357C77A3306A70290CBD4CB16
:1015E00098431367070198C398431367170298C37A
:1015F000D843058B75DF9843799B98C38280B7F7F2
:1016000000E0D8438146799BD8C3372700200347A1
:10161000E77A3306A70290CBD4CB98431367070130
:1016200098C398431367170298C3D843058B75DF97
:101630009843799B98C382800DC51C41254799CF5B
:10164000982305C35621FA23639DE600370700203F
:10165000034707009433058B558F01E79CC13A85FA
:10166000828025478147DDBFEFE29FAC41116C00CE
:101670002A84D93719E12320040041016FE09FAD8E
:101680001C4185C73E87930500021306A00305078A
:101690008306F7FF13F8F60F63F10503E399C6FE1F
:1016A0008386070089076304F700FD5701A8130626
:1016B0000003FD576394C60018C181473E858280B0
:1016C0005845F915791763F8E5003E254851B38769
:1016D000B7023E958280014582803C313821A207C5
:1016E000D98F1831A2070821D98FA2075D8D82807A
:1016F000930700483305F502B737002093874796D4
:10170000014601473E95AA866311B7069306F01F6E
:1017100083D761811387618163F4C602B7067F00B6
:10172000B3D6C6020968C206C18236866373D80082
:10173000096693160601C18263E5D70612A3B68730
:101740001A23014663F7E70089C51D8F4207335608
:10175000B70213970701814637280020930800F845
:101760001303F007639AB60482808397060013D8A8
:10177000F741B347F800B38707416375F600139646
:10178000070141821388C185035308006376F30083
:10179000C207C1832310F800050742074183890669
:1017A000A5B71386071032884206418263F3C6004C
:1017B00036882310070169B7031E050093570701F8
:1017C000B387C703130EA87A034E0E00A187B38711
:1017D000C703C18763D41701930700F86354F3006C
:1017E0009307F007850693870708C2061EA1329764
:1017F000C182090585BFB70600209387A6009C23F8
:101800001307F00F9386A6006310F70EB73500207C
:101810001386453F834806003737002085471388E5
:10182000453F1307C73E638417051032638FC70A0D
:101830005DED1C2393F7F70FC5EBB7070240D04FC0
:10184000C165F9156D8ED0CF373600201306E63E00
:1018500090D71306000290D3D04F1376F6F5136697
:101860000602D0CF7D5690A2854614A395A80146C6
:101870009387815D8C2393F5F50F91C9B7450020BF
:10188000938585518841050588C123800700B707E6
:101890000240CC4F41657915E98DCCCF93050048C6
:1018A000B305B6023735002013054596AA958CD7A7
:1018B000B7350020131516009385053FAA958E2194
:1018C0000945C205C1818CD3CC4F93F5F5F593E55D
:1018D0000508CCCFB305C80088A190A2230007005B
:1018E000D84F13671700D8CF8280054651B7238C95
:1018F000F15C81B7B16681479386C6316393B700C7
:1019000082803387C7000D8B3308F50036978348F4
:10191000080018238507334717012300E800F9BFA3
:1019200011C58327C57C0D476381E70223A005000D
:1019300023A2050023A4050023A6050023A8050073
:1019400023AA050023AC050082800327057B98C1EC
:101950000327457BD8C10327C57BDCC98327057DC9
:1019600098C54147D8C51307004898C99CCD8280C7
:101970000323C503832805035051144D5845B388EC
:101980006840330616411C41918E33086640158F1E
:10199000998F37F6D96E3307074185870587130678
:1019A00016BAB316D6021395160093D61840BE96F3
:1019B000330ED500B3871741898E3316060393582B
:1019C00013400606BA983775A37B33081601130532
:1019D000D551331505033788825A0A053307674006
:1019E0001308A8993317E802B388C84037062121A5
:1019F0000A07130636B8331616033308AE000A0674
:101A000023A005013388E70023A205013387E740BF
:101A10003388C6003305AE40918E23A40501D4C59A
:101A200098C9C8C98280411103238500032F05018D
:101A30004AC25449032905001C4D0328C5018328C7
:101A40000502B302E341B7F3D96E4EC022C626C4E5
:101A50004C41330EF940B30FE301B3890641B38221
:101A60001241938313BA832EC500B39ED3033387E9
:101A7000D54033070741B393E30237C70D6213071D
:101A8000B7E83314F70337263A161306E6A746934A
:101A900033136602B388E841B31817033316F6030D
:101AA000B7EF4652938F9FD4B3943F03373F0E7ED8
:101AB000130F2FE32E9833180F03B695B396BF027A
:101AC000331F3F038587CA97860E2293B38FFE008C
:101AD000060313D712402698B387D7410608B30EE2
:101AE000C701B388C84033876F0013961800429728
:101AF00093981300B386E64118C13387D801860650
:101B000058C13387C700B305C3003697338F0641EA
:101B100018C53387B7403307E74158C53387CF002F
:101B2000158F3244B385BF409A9718CD330E5E406F
:101B3000FA9533871E41B38707412328C5014CC955
:101B400058CD1CD1A2441249824941018280AA8702
:101B500013751600ADEE63070518056703AE071889
:101B600003A3072883A8073803A8074803A5075835
:101B700083A5076803A6077883AE07083E978326E8
:101B80000788B30ED041330EC04133036040B30821
:101B90001041330800413305A040B305B04033067F
:101BA000C04023A0A75823A0D70923A0C71923A06A
:101BB000672823A0173923A0074923A0B76823A0CB
:101BC000C778B306D0402320D78801458280B70864
:101BD00000800567B3D8D80013070790FD18338637
:101BE000E70059C17D4301453303D340984313585F
:101BF000F741335E67406304C80133471801331768
:101C0000D7001358F74198C33347070133080741FA
:101C100003A707083307E040135EF741B35E674050
:101C20006304DE0133471E013317D700135EF7410B
:101C300023A0E7083347C7013307C74133670701CC
:101C4000598D9841938707101358F741335E6740C9
:101C50006304C8013347180191053317D70023AE39
:101C6000E5FEE395C7F882807D433303D340984374
:101C70001358F741335E67406304C80133471801C6
:101C80003317D7001358F74198C333470701330878
:101C9000074103A70708135EF741B35E674063047B
:101CA000DE0133471E013317D700135EF74123A02F
:101CB000E7083347C7013307C74133670701598D29
:101CC0009841938707101358F741335E67406304C8
:101CD000C8013347180191053317D70023AEE5FE3D
:101CE000E397C7F882808947631EF60EB7E7CEB840
:101CF0009387873D1445B396D702372731071307DB
:101D000087C2104D3316C702B29694C137C8BEB20F
:101D1000130838335441B316D8023746410D83288F
:101D2000C5011306D6CC33161603B296D4C114419E
:101D3000B396D70210513317C702369798C5B766C6
:101D40005FC99386A61910413396C60237A7A0F63D
:101D5000130767E683280502B31817034696D0C514
:101D600083284500370600E0B31816030323C50196
:101D7000331366029A9823A8150183288500B318A7
:101D8000170303238501339366029A9823AA15014A
:101D900083284501B398170323AC15018328050157
:101DA0003318180323AE05010328C500B3970703B2
:101DB0009CD15C45B396F602D4D11C493316F60289
:101DC00090D55C493317F702D8D523A2050423A088
:101DD000050423AE050223AC050223AA050223A8AD
:101DE0000502828093070009B307F6023D661306D9
:101DF000469E13874504130E40023E969308C6087C
:101E00008147B306F500F1183308F60003A3060076
:101E10000328880483A6480033186802B38EF500AF
:101E200023A00E017117B396660254C39107E39A7B
:101E3000C7FD828093F73600316813976700130857
:101E4000084E3A9813972700B1679387073D5D7155
:101E5000BA975ADA5ED803AB0700A2C6A6C4CAC2B4
:101E6000CEC052DE56DC62D666D46AD26ED0898687
:101E7000FD47AA8BFD4863C3D700B688F14763DAF4
:101E8000170DFD470327480037030080B782825AA9
:101E90003357F7403ACA03278800B1633164335798
:101EA000F7403ACC0327C800B72485103169B357EF
:101EB000F7403ECE931726003EC4B7C9A0299347EA
:101EC00003FC316AB16A02C8014E0145934FF3FF2A
:101ED000934DC3FF134C03FF3EC6938292999383A5
:101EE00003401304043E938434161309893A9389FA
:101EF00099DA130ACA3B938A0A42938CD8FF330DAE
:101F00001041B387CB0183AE070033F7BE01B3F7AF
:101F1000FE0131E718108A07BA9703A707FF598D0A
:101F200063D40E003307E040B387C50198C3A247CE
:101F3000110EE318FEFC3644A64416498649725A2F
:101F4000E25A525BC25B325CA25C125D825D6161EF
:101F5000828093873800E3D707F2814725B733F7AC
:101F60008E0119EB8A07C2979C4333D71741E3D8F8
:101F700006FA3397A70165B7324733F7EE0015E746
:101F8000C1178A07D6979C43B3976703668633D7F2
:101F9000C740E35606F83306C04033DFCF407E87A4
:101FA000E34FFFF63397C7009DBF13971701370F15
:101FB000000801466355E701139757011146B7071B
:101FC00000206354F7000A070906B707004063546E
:101FD000F7000607050663C6E204CE87528FB39763
:101FE000E70203234F009A97B397E70203238F007A
:101FF0009A97B397E7020323CF009A97B397E70224
:1020000003270F010A06BA973387C3001843B39713
:10201000E7028E07B3976703229610423386C840C3
:10202000BDB7A6874A8F65BF81473307F5002300F8
:1020300007008507E39BF5FE828019E17D558280CC
:102040001C41EDDF94211307F00FE399E6FE983170
:102050009306000F1377070FE312D7FE23A00700A4
:1020600003C315008D4E1353130013773300114330
:102070003303E34023A267009831137E1700134710
:10208000F7FF058B98C703C825001358480023A6FF
:102090000701B42189828D8A94CBB82105831376F8
:1020A0001700D0CBB821058B98CF83C8350093D8C3
:1020B000680023AE1701B83111830D8B98D3B83166
:1020C0000D83058BD8D3B8310983058B98D7B831E8
:1020D0000D8BD8D798310D830D8BE311D7F7894E2F
:1020E000E39ED6F5E31CE3F41307B8FF1377B70FAD
:1020F00031F7E39568F43D6713074709D8DB23A060
:1021000007020547232CE57A232AE57A216713077E
:1021100007D0232EE57A130700242322E57C232011
:10212000D57C2326157D2328057C15476307E80405
:102130007D6713070740930600092328E57A3307D4
:10214000D702A166938606D03347D70293361E0086
:1021500086062D17158F32972324E57C63130E0214
:10216000D831D42119452207558F93168700218332
:10217000558F4207418398DB82804167130707A090
:102180005DBF23A80702114582805841AA87FD89B7
:102190007D450D8D3355A7003317B700D8C3984739
:1021A0000581B308B74023A4170163DA0806998DA7
:1021B000D8478D4663D6E6069443711713861600FA
:1021C00090C303C806001386260090C3620823A2AA
:1021D000070190324206336806011386360023A2B7
:1021E000070190C3B0222206336606011388460019
:1021F000D0C323A00701B432D8C7558E930600027E
:10220000D0C394C7D84393860802B356D700558DE0
:1022100094473317B700D8C3B69823A41701828018
:1022200023A207003A887D537D18D043631D6800C0
:102230008D46998E8E06B316D6000E07D4C398C766
:1022400023A60700C1B79443138E160023A0C7012D
:102250009422D18EA206D4C3C1BF371702405C437B
:102260009146B18B6385D700A1466382D706B71725
:102270007A00938707201CC1371602405C42316701
:102280001307C7E09183BD8BBA9794231C41B3D742
:10229000D7005CC15442A1829D8ABA969422B3D6DB
:1022A000D70014C55442AD829D8A36971823B3D700
:1022B000E7005CC5584239839376370031671307CE
:1022C00087DF36971823B3D7E7021CC982805C43A7
:1022D0005843C166C983BD8B758F8907C546639313
:1022E000D700C94701EF3747024003270780418BDA
:1022F00009CF37177A001307072021A837170240A4
:1023000058439316E700E3D606FE37173D00130740
:102310000790B387E70285B79C4513F7070113F8C9
:10232000F70001C7D8413368E80037270240145B43
:102330003707000F758F4DEB85462387D180371700
:1023400001406315E5009A2135839AA18E2113F788
:10235000F50F39C318418146854E3D4F930F8002DA
:1023600093028004214E3396DE00B3F8C50063115A
:1023700016039398260033131F011343F3FF33779B
:10238000E300B318180133E7E8006397F70750C973
:102390008506E39AC6FD18C11307F00F6375B704ED
:1023A00054412146854E3D4F930F80029302800495
:1023B000414EB398CE0033F715016392E80213172C
:1023C000260001173313EF001343F3FFB376D30056
:1023D0003317E800D98E6395F703232A1501050604
:1023E000E319C6FD54C1828037170140E310E5F6BA
:1023F00003C7E18021DF81BFE39C57F810C949BFC3
:10240000E39F57FC23281501D9BF1C41584163F9AC
:10241000E7001387170018C18CA31C412380070015
:102420008280EFD2FFD02A894111014729452548F2
:102430001408930717003697B3F6A50293F7F70F22
:1024400093860603230AD7FEB3D6A5023E876369A7
:10245000B80244003387F4009306000363E4C70224
:102460001384F7FF1374F40F2694830504004A8540
:10247000693F9307F4FF639D840041016FD09FCDB6
:10248000B6857DB7850714A393F7F70F0507F9B74E
:102490003E84E1BFEFD2DFC9AA842E848305040005
:1024A00099E16FD03FCB268505048537C5BF9307DB
:1024B00000026308F5005D151375F50F133555001F
:1024C000828005458280EFD21FC541112A84830492
:1024D00004002685E93FAA870DE5138754FD13778D
:1024E000D70F054A19E71307D00205046393E400E8
:1024F0007D5A37C7000093040000A549832A87DD71
:102500000DA00504E9B7D6852685EF80D05A2AC6E6
:102510004A85EF90E041B2450504EF802061AA842E
:10252000854703070400130907FD9376F90FE3FCC1
:10253000D9FC9306E0026311D70237C700000329D4
:1025400047DD0504A549CA8A03050400130505FDF6
:102550001377F50F63F7E90463810710830704001D
:102560001307500493F7F7FD6393E7020307140082
:10257000930757FD93F7D70FB9C7050485461C206D
:102580002547938707FD93F7F70F637EF70AFD57FB
:102590006315FA00B7070080BD8C268541016FD016
:1025A000DFBAEF90E038CA85EF80F050AA85268523
:1025B000EF80C057AA84D6854A85EF80D04F0504A6
:1025C0002A89854751B79307D00209048546E31845
:1025D000F7FAFD566DB76345F600B3870703BA9760
:1025E000050403070400130707FD1375F70FE3F451
:1025F000A5FE3384D70241DC9357F44133C98700E9
:102600003309F940B7C7000083A94767B7C700007F
:1026100083AA87DD9377190091C74E85D685EF8011
:102620009049AA89D6855685EF80F048135919003C
:10263000AA8AE31109FECE852685635D0400EF803A
:102640009005AA84A9B709668147A5451306F670C7
:10265000294841BFEF803046EDB79304000035BFF5
:10266000EFD21FAD41112A848304040032C62EC468
:102670002685EFF0DFE3A245324621E5138754FDBE
:102680001377D70F854619E79307D00205046393A4
:10269000F400FD56182081472945130707FD13371D
:1026A000A70018A225461820130707FD1377F70F78
:1026B000637BE600B387D70222859CC141016FD0BE
:1026C0007FA9050455B7B387A7020504BA97E1BFF0
:1026D000EFD21FA60111AE84328901449315240064
:1026E0001306F101A69536C6EFF09FF78347F10177
:1026F00099CB050463098900B24603060500B68735
:102700000387070009E7228505616FD0BFA485070D
:10271000E318E6FE0505D9B7EFD29FA141111306D4
:10272000B1006C00EFF0DFF39C85014591C33245A9
:1027300041016FD03FA2BD67938707A6B73601401E
:102740009A26098B19CF42054181BD67CAA6938796
:1027500007A6B73601409A26058B09EBFD17E5FF62
:1027600019A0FD17F1FF1305F00F8280CA2613751B
:10277000F50F8280EFD23F9AAA89AE843289130482
:1027800040061305F00F453F9307F00F6306F50071
:102790007D141374F40F75F413E50904EFF0BFF919
:1027A00013D58401EFF03FF913D504011375F50F2C
:1027B000EFF07FF813D584001375F50FEFF0BFF736
:1027C00013F5F40FEFF03FF74A85EFF0DFF62944F9
:1027D0001305F00FEFF03FF693178501E18763D8FB
:1027E00007007D141374F40F65F41305F00F6FD018
:1027F000DF95EFD25F9203C7418185472E8963132E
:10280000F700260537140140C144232A9480AA8585
:102810001306F00F454513040480EFF0BFF51DC902
:1028200004C81305F00FEFF01FF105456FD0FF91BD
:102830001305F00FEFF03FF06315350315E4B717FC
:102840000140414723A8E7801305F00FEFF0BFEEEA
:102850000945E9BF37440F0013040424FD549309CC
:10286000E00F7D14E31694FC01449304002013054B
:10287000F00FEFF05FECB307890088A30504E318BD
:1028800094FE1305F00FEFF01FEB1305F00FEFF0C0
:102890009FEAB7170140414723A8E7801305F00FCF
:1028A000EFF07FE9014559B75C49638BB702EFD27E
:1028B0003F88B707002083C707001831AE84858B97
:1028C000D98F2A849305850291E72685EFF07FF260
:1028D000814719C18547FD5444C83E856FD09F8705
:1028E00081473E858280854763F1B70CEFD2BF8276
:1028F00058452A8463F7E50218218946AE846303AC
:10290000D7068D466301D708631DF70013D915005C
:102910005C4D2E9993559900BE95EFF0FFF809C5CF
:10292000FD573E856FD07F825C4C9309190093D58B
:1029300099001379F91F2299BE95228503498902CE
:10294000EFF09FF671FD93F9F91F4E9483478402CF
:102950008588A207B3E7270199C09183D9B7D20729
:10296000D183C1B75C4DA181BE95EFF0FFF34DF966
:1029700086041304840293F4E41F26941C30182068
:10298000A207D98F79BF5C4D9D81BE95EFF0DFF135
:1029900041F913952400130484021375C51F229571
:1029A000EFE0BFD3931745004DBF85473E8582803A
:1029B000EFD26FF60329850023280500AA84004181
:1029C000631909021820894763F4E7001C508DE35E
:1029D0001E2481E709456FD04FF71C509CCC9C4CBE
:1029E00023AA2401E5DB13048402C0CC0145E5B72A
:1029F0003E893E24FD59054A91EF8840CA85EFF093
:102A00009FEE2A89630E3501E376AAFC5C44E366F7
:102A1000F5FEC9B7CA852285EFE09FCA88CCC1B749
:102A2000054555BFEFD22FEF41112E896C002A8446
:102A3000EFE09FC0AA8909ED83491401639A090058
:102A4000444463739900CA845C48232A040099ECC7
:102A50004E8541016FD06FEF01455C4893F7F71F3A
:102A6000E5DB5C4CE386A7FE48CCDDB73247035973
:102A7000A7002609B1C3FD171387F4FF33572703B7
:102A8000B3D62703636AD702330720410C4CF98F72
:102A90005CC89D8CF1D17D5A854A5C48636199027E
:102AA000A6975CC893F7F41FC5DB3245EFE05FC122
:102AB0001DC9A580269555B70C440CCCE1BF084034
:102AC000CA975CC8EFF03FE2B3842441AA8563163D
:102AD000450185471CB88549A5BF63F6AA00B247E2
:102AE000DC476366F50089471CB8894995B708CC6F
:102AF0006DB75C31894678210348450063D6F604FA
:102B00001307077D850735453385A70293054006E2
:102B1000930700191546B366B702B347F702334768
:102B2000B7023345C5023307C702429536958986F9
:102B300036953E959D473A953365F50219053365FF
:102B4000F5021375F50F8280B1071307F77C5DBF9F
:102B5000EFD20FDEB73400204C21411193870428B7
:102B60001387F700238007002A84094628003AC605
:102B70003EC4EFF01F8B28009305A003EFF0FF8801
:102B80004C3009462800EFF0DF8928009305A003A8
:102B9000EFF0BF876C2009462800EFF09F8893056F
:102BA00000022800EFF07F862285EFF09FF4B167E6
:102BB0009387C7DD93152500BE952800EFF09F8D04
:102BC0001385042841016FD0EFD837570040835751
:102BD000074093E707202310F7408280EFD2AFD35E
:102BE0001421A947411133D7F6026164B7040300E9
:102BF0001304146A8504B3F6F6021207558F1431D4
:102C0000588433D7F602B3F6F6021207558F3421F3
:102C1000D88433D7F602B3F6F6021207558F343153
:102C2000588533D7F602B3F6F6021207558F5421B2
:102C3000D88533D7F602B3F6F6021207558F543112
:102C4000588633D7F602B3F6F6021207558F742171
:102C5000D88633D7F602B3F7F6021207D98F5C870E
:102C6000375700408357074093E707102310F7407A
:102C70002685EFD00FEB25CDB75700401307000D89
:102C80006164B70407002398E7401304146A93842F
:102C900024082685EFD0EFE83DC1B75700406164B6
:102CA000B7040700239807401304146A9384440868
:102CB0002685EFD00FE739C5B70407000144B75A9E
:102CC0000040616A938444089D493C00A297982380
:102CD00013091A6A2398EA402685EFD08FE415C5B8
:102CE0000504E31434FFEFF05FEE014531A07D14DD
:102CF00041F0EFF09FED114541016FD00FC57D14FC
:102D000049F8C5BF7D144DF4EDB77D19E31609FCF4
:102D1000CDB7EFD26FBF3757004083570740E1640C
:102D20003709030093E7071041112A842310F74065
:102D30009384146A05094A85EFD0AFDE6301051656
:102D4000B75700401307000DE164370907002398C7
:102D5000E7409384146A130929084A85EFD06FDC91
:102D600063080514B7570040E1643709070023984A
:102D700007409384146A130949084A85EFD06FDA33
:102D8000630C05123757004083570740E164370949
:102D9000030093E707102310F7409384146A050992
:102DA0004A85EFD00FD8630D0510B75700401307C1
:102DB000100DE164370903002398E7409384146AF7
:102DC00009094A85EFD0EFD563000510370A0300E3
:102DD0008144994B37590040616B130A0A049D4A9C
:102DE000835709406396740FC207C18393F7F7BFF7
:102DF000C207C1832310F94093091B6A5285EFD0A3
:102E00004FD271C9035709413C00A69798A3850486
:102E100093090940E39654FDEFF03FDB83570940E7
:102E20002947014593E707402310F940148493D7BD
:102E300046009D8BB387E702BD8AB69794841CA099
:102E400093D746009D8BB387E702BD8AB69714855A
:102E50001CB093D746008D8BB387E702BD8AB69727
:102E60003CA09C8514869D8B3CB093D746008D8BEF
:102E7000B387E702BD8AB69794865CA093D74600D5
:102E8000858BB387E702BD8AB69714875CB093D76A
:102E900046003387E702BD8A369778A039A0FD1433
:102EA000E39B04E8EFF07FD20D4541016FD04FA9BD
:102EB000FD14E39404EAFDB7FD14E39004ECDDB7E0
:102EC000FD14E39F04ECF9BFFD14E39C04EED9BFAD
:102ED00093E7074005B7FD19E39209F23757004021
:102EE0008357074093E707402310F74065BFEFD2B1
:102EF0002FA4B717014013771500938707C035C378
:102F00001307004098CBB71701400567937625005B
:102F1000938707C013070780A9CA98CBB71701404A
:102F200013774500938707C039C3056798CBB71758
:102F300001402189938707C01307001005CD98CB66
:102F4000371401409164232894C00945EFE02FEB2A
:102F50000945232A94C0EFE08FEA130404C06FD020
:102F60006F9F13070040D8CB79BFD8CB45BF05670B
:102F7000D8CB75BFD8CBE9B7EFD28F9BB71701403D
:102F800009671374F50F23A8E7C013554400EFF049
:102F90001FF61375F400EFF09FF513052003EFE023
:102FA0000FE66FD02F9BEFD2AF982A840305040061
:102FB00019E16FD02F9AEFF03FFC0504C5BFB7179A
:102FC000014003A78780938707809C470945898B29
:102FD00081C71345F7FF0589B7170140938707801D
:102FE0009C47918B91E31145B70700209387970089
:102FF00098236304A70088A3828001458280373725
:103000000020130707341E233725002003260579E7
:103010008507C207C1831EA3F176372700209305D9
:10302000077B938676EE96A105069306077BBEA1E5
:103030001D8A9385060F8147130505791307077BC2
:1030400003C886008506C297C207C183E39AD5FEEE
:103050005EA3B7056745FD57232CF70E232EF70E09
:1030600023130700B727024093853512B796EFCD9B
:10307000CCC39386B69AD4C3CCC3D4C3CCD3D4D355
:103080008C4BB70608009386860F37080200B3E51D
:103090000501B2968CCBA206D4CB8C4B93E50504EC
:1030A0008CCBCC478589F5FD8C4B01787D18B3F529
:1030B00005018CCB8C4B4168B3E505018CCBB72562
:1030C0000240DC45858BF5FFB7250240DC45898B46
:1030D000F5FFB7250240930800103308F7000323DB
:1030E00008003388F6002320680003A8C500137881
:1030F0002800E31C08FE9107E39117FF9C4937075E
:103100002000D98F9CC9B7270240D847058B75FF8F
:10311000984BC176FD16758F98CB984BA166558F4D
:1031200098CB984B1367070898CB10C18280EFD2D9
:103130002F80B71602409C4E05671107D98F4111A9
:103140009CCE371401409307000A130504807C824B
:103150000D49E1474C003EC64AC4EFF0EF9B930790
:103160000004130504807C824C0091473EC6EFF0BA
:10317000AF9AC147C144130504804C007C8226C627
:103180004AC4EFF06F99B737014023289480962303
:103190000D6713070704758F1367C7339AA3D62FDC
:1031A0007D771307F77F758FDAAF1D479AAB9A23A8
:1031B000136707049AA32328948029447D141305D8
:1031C000F00F1374F40FEFF00FD76DF8B71701403D
:1031D000414723A8E78041016FC0DFF7EFC25FF5E9
:1031E000B717014009672A8423AAE7C01181EFF0CD
:1031F0001FD01375F400EFF09FCF7D141374F40FFC
:10320000854763E787000945EFE0CFBB6FC09FF4B8
:1032100013052003EFE0AFBED5BFEFC27FF1B707C4
:1032200000209387870088231375E50F88A3EFF0AC
:10323000FFFA6FC03FF2EFC2BFEFB70700209387DE
:10324000870088231375D50F88A3EFF03FF96FC06F
:103250007FF0EFC2FFED0545EFF05FF80945EFE0C5
:103260006FB66FC03FEF19E16F20D004EFC25FE986
:103270002E898C41B70400200571938704012147F2
:10328000D8A32A8436D8B289EFE03FDB93870401C4
:10329000AA8A3ECA695563C30A1E83270900D2461B
:1032A0002547D6972320F900D8A218406304071CAD
:1032B000032A440063000A1C232CF118A545C547C6
:1032C000280B2322F11A232E01182320011AEFE0E4
:1032D000DFEB2320AA009545280BEFE01FEB23220C
:1032E000AA0093048A00130B8A018545280BEFE09E
:1032F000DFE988C09104E39A64FF814B930C80045A
:10330000514D9D4D8327047C63DAFB12B3849B03EC
:10331000139B2B00229B014CD294D1A0B145280BCA
:10332000EFE0BFE688CCA545280BEFE01FE6C8CC50
:10333000A145280BEFE07FE588D09145280BEFE011
:10334000DFE4C8D08545280BEFE03FE488D44DC9C1
:103350008945280BEFE07FE3C8D48545280BEFE0D3
:10336000DFE288D89545280BEFE03FE2C8D89545C5
:10337000280BEFE09FE188DC8D4523AE0402280B8B
:10338000EFE0BFE0A8C08D45280BEFE01FE0E8C0EC
:103390008D45280BEFE07FDFDC54A8C4B9E723AEEE
:1033A000040023AC040023A20402FC44B307FD4044
:1033B000BCC88545280BEFE05FDDE8C88545280BD4
:1033C000EFE0BFDCA8CC8545280BEFE01FDC9C4C70
:1033D000E8CC050C232EFB7C93848404110B8327FB
:1033E000847BE34DFCF2850B31BF09476397E7000F
:1033F0009C5881E7A147FCC44DBF23A6B40575B70F
:10340000954523A6040223A80402280BEFE0FFD76A
:10341000C8D89545280BEFE05FD788DC9545280B89
:10342000EFE0BFD6C8DC9145280BEFE01FD6E8C41B
:103430008D45280BEFE07FD5A8C8A5BF83270A00DC
:1034400083250900C50A232AF47C83A70900C50542
:103450002320B900B38A574123A0590152470326BC
:10346000847CA9475CA363FECA002285EFC03FEDC0
:103470007D5529A02285EFC09FEC65553D616FC049
:10348000FFCB0325847D8327447D1307C4013ACEF7
:10349000634CF508B305F540BA953E863A85EF8052
:1034A000A0760325447D0326847C832509009307A9
:1034B000C4013E95EF80206A0327847C8327447DE6
:1034C00002CC02C6BA97232CF47C8327090002C4DD
:1034D000BA972320F90083A70900998F23A0F90048
:1034E0008327847D8E073EC8B16793870774BEC665
:1034F000BD67938747042326F1148327047C224762
:103500006344F7006F20405B93172700A29793094D
:1035100080043ED0B3073703624981443ED6B56785
:1035200093870784BEC041A09307C4013E95EF80F6
:1035300080620327847C8327847D2285BA97232C8D
:10354000F47C83270900BA972320F90083A7090098
:10355000998F23A0F900EFC09FDE795505B7832727
:10356000447B63C5F410825783A7C77D63C50700FA
:1035700042476357F7002285EFC07FDC5D55FDBDF4
:10358000324772463E97935637401D8B3AC64247A4
:10359000B29636CEB307F7403EC88257850413096A
:1035A000E90391073ED08327847BE3CAF4FA5247AC
:1035B000032D0400B5475CA3E3060D4C83294400AA
:1035C000E382094C832B8400E38E0B4A0323C4005F
:1035D000E30A034A03280401E306084A32578567D1
:1035E00093870790BA996247B30CF3003EDAB1674C
:1035F0009387075EBA9B1309883101473EDC832716
:10360000447BE346F720B167938747E4814DBEC40E
:103610008327447BE3CEFD4622478326447C330642
:10362000D702373700209305479613074796BAC449
:1036300042573306F60206062E9619C36F10A049AC
:103640005247BD475CA322478327447CB307F70258
:103650000327447BB387E7025844860719C36F10DA
:1036600020492285EFC0BFCD515509BD5247AD4716
:103670005CA31C4063850730032B440063010B30BF
:1036800083298400638D092EF2473247232E0118C7
:10369000232CF118C2472320011ABA979D0721470E
:1036A000B3C7E7022322F11AB24789C7BE85280BA8
:1036B000EFE0BFADA247338AF40093078004B3075D
:1036C000FA02DA97D853931617003167130747DBCE
:1036D0003697D457830A0700830B17000947639A6C
:1036E000E61083AC070363800C02014CA14CD68525
:1036F000280BEFE09FA9B3072C01CE9788A3050CF8
:10370000E3179CFF8D4C130CE003338C8403E247DA
:10371000194D3E9C8D47B387FC023E9C4E9CD6853E
:10372000280BEFE09FA6A30BAC00D685280BEFE09B
:10373000DFA5230CAC00D685280BEFE01FA5A30C5A
:10374000AC00850C0D0CE39CACFDB38A2901314C17
:10375000DE85280BEFE07FA3A384AA02DE85280B79
:10376000EFE0BFA22385AA02DE85280BEFE0FFA1D0
:10377000A385AA02850C8D0AE39C8CFD9307E003C8
:10378000B307FA02BE99A38E0902238E0902A38D04
:10379000090293078004330AFA0202575A9A8327D0
:1037A0008A01232EF77C724783278119998F03277B
:1037B000011A8E07998F13D7374093FD7700B246D1
:1037C000724693173700958F82563A9632CE83A66B
:1037D000C67D4246EE97B388F640B307F6403EDA20
:1037E000634407006350D61A2285EFC05FB5615568
:1037F00071B1A24795EF9307E003B387F402014C40
:10380000AD4CBE99D685280BEFE03F98B387890170
:1038100088A3050CE3189CFFD54ADE85280BEFE052
:10382000DF96B387890188A3050CE3185CFF95B781
:10383000139C4400210C5A9C832C0C00639F0C00A9
:10384000194DD685280BEFE05F94B3872C01CE97F6
:1038500088A3850CE397ACFF0DA09307E003B38723
:10386000F40201479946CE97624683850700050713
:103870003E960CA28507E319D7FE83274C0099EFEB
:10388000994C2D4DD685280BEFE03F90B3872C0146
:10389000CE9788A3850CE397ACFF05A89307E003B8
:1038A0003387F402B307FA024E9783066700CE9778
:1038B000F4A383067700F4B38306870094A78306F6
:1038C000970094B70307A700B8A783278C00A5CF5C
:1038D0009307E0033387F402B307FA024E97830697
:1038E000B700CE97B4B78306C700D4A78306D70026
:1038F000D4B78306E700F4A70307F700F8B78327D8
:10390000CC00A5C39307E0033387F402B307FA02A0
:103910004E9783060701CE9794AB8306170194BB9D
:1039200083062701B4AB83063701B4BB0307470105
:10393000D8AB9307E003B307FA02BE99A38A090044
:10394000238B0900B9B5AD4AC14CDE85280BEFE0E9
:10395000DF83B3872A01CE9788A3850AE3979AFF6E
:1039600079BFC14A554CDE85280BEFE01F82B38733
:103970002A01CE9788A3850AE3978AFF5DBFB24DDF
:103980007D5735BD5247B1475CA31C40E38507BE58
:10399000032E4400E3010EBE1844E30E07BC54445A
:1039A000E38B06BCE3C908BCCC5BA24713078004C9
:1039B0003386F4003307E60272977C470857850781
:1039C000630105200328C7020945631CA81E185B74
:1039D0006314071E0D47B3C7E702C1078607BE95EC
:1039E0008397E5003387E70293070024930580045B
:1039F0003306B6027296484E130600240605635439
:103A0000A600130500242322A11A2A8663D3A70047
:103A10003E862320C11AAA876353A700BA87232EA4
:103A2000F11893972400B6973ED422578567232C2C
:103A300001183E9793870790B387F4022320A7903D
:103A400032577246930981196EC6B70E0080E14263
:103A5000B6973EC893078004B387F402BA97F297EB
:103A60003ED2B5679387078C3EDE83A5090003A38A
:103A700049003303B340635F6046E3CE08AE92571C
:103A8000364703A8470393173800BA9703AA47009D
:103A9000B247B307F0409D8B63870714034F0600BE
:103AA000130700021D8F930616003317EF00424FD5
:103AB0008A05FA95631C0A12814723A0050023A2F8
:103AC00005008907A105E3CA67FE014CB2479109C9
:103AD000B3888841E29713D737409D8B3EC69257F3
:103AE0003A9691073ED25C13E39137F981466353CE
:103AF0001009A24713078004A697B387E70231672E
:103B0000130707603E9E8327CE0593962700B16773
:103B10009387875FB69703AE0700B247369783292E
:103B20000700B307F0409D8B6388073C14221307FE
:103B300000021D8F930516003397E60093030002E1
:103B4000C246B383C341032EC11413182500930E3C
:103B5000D02336983385AE403383F840014A8146FE
:103B6000BD4B214CB70E0080C14A614BF299A54C68
:103B700063C7A63822578567BA9703A70790BA96F6
:103B800023A0D7901307F023635BD746B247BE98B4
:103B900093F778003EC6F24793D8384046961D8E7C
:103BA000E34B069CB2973ECEB2470E063306B641B3
:103BB0003E96D257918FCDB28607BE9503970500EA
:103BC00025B5130580043305A602139717002E9719
:103BD0000317070072952849AA9785078607AE97AD
:103BE0008397070021B5B2860147D1B5864F131FD1
:103BF0002800338CF8407E9F032F0F00F25F060FE2
:103C00007E9F854F631BFA0F835F0F00130800022E
:103C1000014B93FFFF00214AC143B30FF841A94A6A
:103C20003D486359880983CB06003388F240B38C42
:103C3000F34033980B0183CB1600C107411CB39BA3
:103C40009B01B36B78013367770189063358F7011D
:103C5000050806087A9803580800935C4800935BAF
:103C6000C80093FCFC00B387774133177701814B81
:103C700063880C00B37BD701B3EB9B010607FD17EC
:103C8000135888001378F800814C63080800B37C4F
:103C9000D701B3EC0C010607FD17E3CE678D23A017
:103CA0007501A10523AE95FF7913635A6022E3CF16
:103CB000FAF8BDB73308FC00E35F008B635B80015B
:103CC00003CB0600B38BF2408506331B7B013367C1
:103CD0006701635A8A0183CB0600B387F3408506E8
:103CE000B397FB005D8F9307F8FFB3D7FE407D8F3E
:103CF0002D4B9307B800014C91BF9303EAFFE3EC0F
:103D00007F86B64F0E08014B7E9883230800130868
:103D10000002FA8F938B1300B30C78403D48635533
:103D2000880783CA06003388F240414D33980A0160
:103D300083CA1600330DFD40411CB39AAA01B36A31
:103D4000580133675701C10789062948E358F8FC31
:103D500083DA0F001308000293FAFA00330858417F
:103D600033580701050806087E9803580800135DBC
:103D7000C80063100D060608C29FB387574133176A
:103D800057012E88C285D1B73308FC00635500FF68
:103D9000635B800183CA0600338BF2408506B39AC9
:103DA0006A0133675701A14A63DB8A0183CA0600AF
:103DB000414BB307FB40B397FA005D8F850693072D
:103DC000F8FFB3D7FE407D8F2D4B9307B800014C11
:103DD000ADBF935A480013588800B387A7413317E3
:103DE000A7011378F80093FAFA003D4DC28F63944F
:103DF000AA050D4DBD4A6312AA05B33A0001DE9A29
:103E0000338D870163495DF76ADC625C330CFC40EB
:103E100063C0570B635A0C00E297938AF7FFB3DA3B
:103E20005E4133775701014CB35A9701BD0AB387FE
:103E300077403317770063880A00337DD701B36A70
:103E40005D010607FD173D4D631FA8030D48BD4FDB
:103E5000631D0A03338D8701634F7DF1330CFD40F1
:103E600063C47707635A0C00E2971388F7FF33D8CF
:103E70000E4133770701014CB35F9701BD0FB38744
:103E800077403317770063880F003378D701B36F1B
:103E9000F8010607FD1763C067EF23A0550123A2B1
:103EA000F501791313888500635B6002FA8FD9BD31
:103EB000850603CCF6FF628D338CF240331C8D01F6
:103EC00033678701A10791B7850603C8F6FFB38F53
:103ED000F240A1073318F8013367070141B7B387F0
:103EE00067413E9C338C884163470CE8E3D088BF30
:103EF0006FF06FE8014CDDBFB285014781B163DD32
:103F00006B0A03CF0500330EFB40B38FFA40331E1C
:103F1000CF0103CF1500C1074113331FFF01336FDA
:103F2000EE013367E7018905335E77004E9E034E4D
:103F30000E008142135F4E00B387E7413317E7015C
:103F4000137F8E0063080F00B372D70193E2120053
:103F50000607FD17137F4E00814F63080F00B37FE4
:103F6000D70193EF1F000607FD17137D2E00014FA9
:103F700063080D00337FD701136F1F000607FD177D
:103F8000137E1E00014D63080E00337DD701136DB3
:103F90001D000607FD17E3CF47BD2320580023224D
:103FA000F8012324E8014108232EA8FF9106E3D15C
:103FB000A6BCE3CBFCF66DBE330EF300E35CC0BBE6
:103FC000635B600003CF0500B30FFB408505331F23
:103FD000FF013367E701635A6C0003C30500B38731
:103FE000FA408505B317F3005D8F9307FEFFB3D743
:103FF000FE407D8F294A9307AE00014335B7C24585
:10400000939726008506AE9723A00700B5BED2572A
:1040100083A6C902B307F7029A973ED28947639EE7
:10402000F60083AD0903014A638B0D0083270D0061
:104030000D4A994D89E7A14D19A0354AD94D232C38
:10404000011883A7890503AC0902850786073ED0BE
:1040500083270D02858791C3791C090C9308200DD5
:10406000014B8144814AB388884163806D0983266E
:104070004D03130E1B0093171E00B69703960700FF
:1040800093171B00BE9683970600B3866B01838649
:104090000600B307F64003A6490509C662565A96BC
:1040A00003060600BAC2125793952A00B296BA9533
:1040B00002573E862E85B386E602F2C4C2C01ADEDF
:1040C00046D63ED4C696EFD0FFD6A257B25872530A
:1040D000BE9A06481647264E19C1232C611983A79C
:1040E0000C00C98C728BE3C2FAF8232009008327E5
:1040F00081192326090023240900232AF9002322F9
:10410000090023280900AD4763D74703930700023E
:1041100081C4814763DE0400FD1723A2FC0005076C
:10412000910C610993898904938BEB036FF02FCD78
:1041300085078604C5B79387DBFF3ED49307200D20
:10414000B3878741232C4119232E41192320411B7A
:104150008D433ED683264D0393171A0093021A000F
:10416000B697039C07038397E702A256139B2A0086
:10417000330CFC40B3877202131E2C00C28DC28E1A
:10418000CE8F8148B6979256369B5A8F8386770199
:10419000BEC2825703A60F04BACCB386F6023257CA
:1041A0000E06F6853A967A85F2D2C6D096CEC2CA67
:1041B000B29662869AC8FEC4F6C07ADEEFD09FC778
:1041C000725F864E9647A64F464356486647F6426C
:1041D0008658165E8D4309C5340BC69623A046014A
:1041E0009108B146C98C910F8507729FF29EE39F9B
:1041F000D8F8B3077C0293163C00BE9A814763C18E
:10420000870783A70C0063D6FA00B547168AE393A5
:10421000F2F423A05C0183A70903B337F0008507FC
:104220002320F900832781192322F9000326C119CD
:104230002324C9008326011A2326D90063D3C7008B
:10424000B28763D3D700B6872328F900930700020B
:10425000E38404EC8147E3C104EC85078604E5BFF1
:1042600003A60D008507310B232ACBFE3386CD0133
:104270001042232CCBFE3386DD001042910D232EFD
:10428000CBFEB5BF2285EFC08F8B59556FF00F9FC6
:104290005247B9475CA31C4099E72285EFC02F8A9B
:1042A00055556FF0AF9D58403AD065DB5444F5D674
:1042B00083284401E38308FE9043D85BA14711C2E1
:1042C00099478607BA978397070049460257B3C7AD
:1042D000C7023ED2A247B385B70193078004B387D4
:1042E000F502BA97C85709476304E51C13870D24E4
:1042F0000A0736971C4313076022930400026347A2
:10430000F70093847700B3C4C40285041387F4FFD5
:10431000856793870790B38BFD023753C26D370EC5
:1043200025BEB7FEDC70375F9EC3B77F8D79B7427D
:10433000E3D7B743DD7D3719B7E8B7296D7FB3877A
:104340007601370AE5F3B78AE47F3EDE3A8B130342
:10435000033F130EAE0A938E4EBE130F9F94938F9E
:104360003FE79382A2F49383730A13096917938931
:10437000790B130AFAE2938A0AE46344601549460A
:104380003307C70293972D00BE960566369603261F
:10439000069021076353C700328705653386A60060
:1043A0002320E690450749463347C702C697BEC05B
:1043B000AA97BAC803A707D8BACA03A747D883A73A
:1043C00087D83ADA3EDC93078004B385F50282573A
:1043D000BE959C5991E302D21309004833892D03FD
:1043E0008567BE9603A74690938707901D4A3AD4E7
:1043F00082C2330AEA403E99B38778013ED6994794
:10440000469963C3E700D2C2F257B25C4A8C9385E7
:10441000C7FFA247014B014DB389B7019307800441
:10442000B389F9028257BE99634F9D1E63D304007E
:10443000814493098004B3893403F257139A24000A
:104440009D4ABE9993074002B387F4023E99B25742
:104450003E9AA257B38AFA40C64763C9F43EA6897A
:10446000D64763C9F45CFD46494663D59664930616
:10447000000263060B00DA87814663DB0764864728
:10448000056713068004BA972247FD1623A037D983
:104490006E973307C7020256850D3297585723A6E9
:1044A000D7D823A2E7D8125723A4E7D86FF04F96A6
:1044B000985B8144E30E07E492571387F7FFBE84AD
:1044C00081BD9387870403A8C7FF90433315030377
:1044D000331CCE0233058541060523AEA7FE3316F5
:1044E000C30233180E034296060690C303A887FF43
:1044F000D04333950E03331CCF02330585410605A7
:1045000023ACA7FE3396CE0233180F03429606065D
:10451000D0C303A847FF904733950F03339CC202D3
:1045200033058541060523AAA7FE3396CF023398AB
:1045300002034296060690C703A807FFD0473395AB
:104540000303331CC90233058541060523A8A7FED2
:104550003396C3023318090342960606D0C703A850
:10456000C7FE904B33950903331CCA0233058541BE
:10457000060523A6A7FE3396C90233180A034296FE
:10458000060690CB03AC87FED04B33958A0337A841
:10459000C1FA1308783CB31CC802330595410605DF
:1045A00023A4A7FE3396CA02331888034296060650
:1045B000D0CB37B6FC7F03AC47FE83AC8701130634
:1045C00036263318860337C52EFE130565DC331DEA
:1045D00095033308A841060823A207FF3316960364
:1045E000331585032A96060690CF37C6FF7F03ACA6
:1045F00007FE83ACC701130646693318860337C527
:1046000086FF1305D525331D95033308A8410608F9
:1046100023A007FF33169603331585032A96060653
:10462000D0CF7D1B99BB83A7090383AAC90289C781
:1046300092576353FD00814AE25752566353FD007F
:104640000146A25693878504BECC3E87994763C531
:10465000D7129C0A93080C02014381460843611754
:10466000F11733554541B306D5404843338366407F
:1046700023A4670433554541B306D540D4D303A5DD
:104680000800F1183355454123A2A800E318B7FCF0
:1046900083274117880AB2CE8587232AF1168327FC
:1046A000011585872328F114EFD0EFB7C81AEFD092
:1046B0008FB77646B3EBCA0063840B0E3C0BBE8506
:1046C0006285EFD04FE2130600093386CA02BD6748
:1046D0009387479EA648980A130840040145814BDA
:1046E000130E40023E963C0BBE850323070283A7B0
:1046F00008027443B397D70213532340B306F34021
:10470000B30EAC009A9723A0FE00B307A6009C430B
:10471000B397F6023383A500032303009A9733036C
:1047200006018A0703230300B3966602338305015B
:1047300003230300F11871179A961313550066931B
:104740002320F300131358008A0666932320D30016
:1047500093DEF64113D3F741B3C76700B3C6D60162
:10476000B3876740B386D641D58F1105B3EBFB0005
:104770007118E31CC5F75DA89C0A01458146832892
:1047800007006117F117B386D840832847003385A7
:10479000A640A8C7B386D840D4D3E312B7FECDBD98
:1047A0008567264313880788B165900A6698E6886E
:1047B0006285938585FF130E4C021C5283260302EB
:1047C0007842B396E602832E05008987338FF64040
:1047D0001105BE96232ED5FEB306D041B386E64121
:1047E00098413397E602A1050A077A9783A7C5FF88
:1047F000B397F6028A07B387D74123A0E800935600
:10480000F74193DEF7412320F800358FB3C7D70176
:10481000158FB387D7415D8FB3EBEB007113711622
:1048200093880808130808F8E319C5F99646E28545
:104830006A866685EFD0AFB133657501336BAB0027
:10484000130C4C02050D910CE645F9BEE257525689
:1048500063D3F400014622579947814663CCE702AF
:10486000D686CE874A87130549028C431107A107D4
:10487000B3D5554123ACB7FE83A5C7FFB3D555418A
:1048800023AEB7FE8325C7FFB3D55541232EB7FE10
:10489000E31DA7FC8C0A4E85B6CC32DEEFD04F8DDF
:1048A000AC1213854900EFD0AF8C0C03138589003F
:1048B000EFD00F8C72564A852C0BEFD0CFC2BD675C
:1048C000E646130E01151388479E93070A189308AE
:1048D0008119728572835287014CBEC203A60800FB
:1048E0000A0610C3135DF641B347A60103A6C8002C
:1048F0000A06935CF6412320C718B342960183252C
:10490000C30003260812B315B60203A688010A06DF
:104910002E96935FF641B345F6012320C7302EDE75
:104920000326C8124C49B315B60203A648020A066C
:104930002E96935BF6412320C748334F760183259B
:1049400088131045B395C50283230812032643023A
:10495000B393C30203A60803931E26003386750093
:1049600076969353F6412320C760B34E7600832595
:10497000481403260300B395C5020326C8128320FA
:10498000C5023316160283A0C803B3829241B387CF
:10499000A741B3E75700F2528A002E960696B38FCE
:1049A000F2419350F641B3E7F701330F7F41B3452E
:1049B0001600B3E7E701B38E7E40B3E7D701B385B6
:1049C0001540CD8F336CFC0096472320C778130722
:1049D00007089108110811037115E391E7F0832787
:1049E0008116930BC9001307490289872320F90018
:1049F0008327C11689872322F90083270117898716
:104A00002324F90083270E03910B110E898723AE0F
:104A1000FBFEE399EBFE2686CA855285EFD02F93E5
:104A20003365AC00336BAB00938989045E898504E0
:104A3000110A1DB4E257525663D3F40001464A8569
:104A40002C0BEFD04FAAB2579398F4019396240001
:104A50004A8693D8F841280BBE96014813F31400F8
:104A6000130949021841110621050A0798C2832734
:104A7000C5FF135EF741B345C7018A07B3C71701E6
:104A80009A975D8F3368E80013D7F74123A0F608A3
:104A9000B98FB385C541998FCD8F232E06FE336B19
:104AA000FB0093860610E31FC9FA63030800A6897A
:104AB00085047DB2325793972400BA97014723A00B
:104AC0000700050793870708E31BC7FE850471BA33
:104AD000850686075DB2B386D702A245C257014755
:104AE0000145829719E16FE0BFB54D556FE01F9901
:104AF00058483AD219E36FE0DFB6032C84016314FF
:104B00000C006FE01FB6264793870702856C330BB6
:104B1000F70033079C013AD437C713401307172512
:104B2000BACC372785511307B72FBACE37474F4036
:104B3000130727673ADA3747B3401307D75BBAD072
:104B400037270B6D1307F70CBAD23747E14213072B
:104B500007C13ADC3737FA411307D7D6BAD43757EB
:104B6000D94113070779BAD637A79148130747F4F5
:104B70003ADE3737F94313071742BAD83797FC5E46
:104B8000130767D9BADA3717CB52130737E6BAC01B
:104B90003727CC46130747BCBADC3727D84A130758
:104BA00077A9BADE31671307C7EFBAC8096792570A
:104BB000130D47FD2167930DF7FF3D67130747C2AC
:104BC0009387070802D0BACA82552257938607F8FE
:104BD00093FB1500925515453686E69583A5C5D8F5
:104BE000032707100148634DB50019483308B84042
:104BF0000C421106B3D50541232EB6FEE39AC7FE3B
:104C000003A607F883A8C7FF83A5C7FB03A307FC78
:104C100033051601E644330616413396C402B388C1
:104C200065000606B3856540F644B395B4023303C8
:104C30001501960523A067F833051541D254339525
:104C4000A402060523AEA7FA3305B60023A0A7FCED
:104C50000D8E3396C402060683A887FF23AEC7FED7
:104C600003A647F883A587FB03A347FC330516017A
:104C70008654330616413396C402B388650006068F
:104C8000B38565409654B395B402330315018E0580
:104C900023A267F833051541E2543395A4020605B3
:104CA00023ACA7FA3305B60023A2A7FC0D8E3396DA
:104CB000C402060683A847FF23ACC7FE03A687F8F5
:104CC00083A547FB03A387FC33051601A6543306CF
:104CD00016413396C402B38865000606B385654065
:104CE000B654B395B402330315018E0523A467F8B7
:104CF00033051541F2543395A402060523AAA7FAF9
:104D00003305B60023A4A7FC0D8E3396C402060615
:104D100083A807FF23AAC7FE03A6C7F883A507FB3E
:104D200003A3C7FC33051601C65433061641339658
:104D3000C402B38865000606B3856540D654B395B2
:104D4000B402330315018A0523A667F8330515411C
:104D500086443395A402060523A8A7FA3305B600B6
:104D600023A6A7FC0D8E3396C402060603A3C7FE36
:104D700023A8C7FE03A607F983A5C7FA03A507FD65
:104D8000B3086600E654330666403396C4023383A4
:104D9000A5000606898D7655B315B50233856800E2
:104DA00023A8A7F83745E2648A051305E502B3880E
:104DB0006840B3181503860823A617FBB308B6008E
:104DC00023A817FD0D8E3316C502060603A347F967
:104DD00023A6C7FE03A687FE03A587FA83A547FD82
:104DE000B308C3003303C34037A69D4A130606CF5A
:104DF000331666023303B500B305B54037257D7C15
:104E00000606130535DB3315B502B385680023AA02
:104E1000B7F8B725E24306059385954AB3886840FD
:104E2000B39815038A0823A417FBB308A60023AA86
:104E300017FD098E3396C5020A0603A387F923A43A
:104E4000C7FE03A647FE03A547FA83A587FDB3085F
:104E5000C3003303C3403736AE4F13061671331603
:104E600066023303B500B305B54037D56F6B060650
:104E7000130565F23315B502B385680023ACB7F8A6
:104E8000B7953C6E06059385152CB3886840B3989A
:104E900015038A0823A217FBB308A60023AC17FD4D
:104EA000098E3396C5020A0603A3C7F923A2C7FEDB
:104EB00003A607FE03A507FA83A5C7FDB308C30031
:104EC0003303C34037266056130676EA331666026C
:104ED0003303B500B305B54037F54C5F060613053F
:104EE000B56E3315B502B385680023AEB7F8B75574
:104EF0009E510605938545E0B3886840B398150335
:104F0000920823A017FBB308A60023AE17FD098E55
:104F10003396C502120623A0C7FE4646378F825A33
:104F2000130FAF99130E06068842D04E83A8C60011
:104F300083AE0601B305C50003230E00118D3315A2
:104F4000A3023383D801060503264E00B388D84157
:104F5000B3181603B38F65008E0803268E00B38541
:104F60006540B315B602B30E15018605330515412C
:104F70003316A602C84283A28601060603A3860052
:104F8000B308550083A346018324CE003305554062
:104F90003395A402B3027300060583240E01330384
:104FA000734033936402B3835800060383244E0195
:104FB000B3885840B3981403B30265008A08610EA1
:104FC000330565403395A4020A05B3847F40B314CA
:104FD0009F023383154133136F020603C6959A95DA
:104FE0009E9F86048CC623A0F601C4C223A6660039
:104FF000B3855E40B315BF02B308A6008605098ECF
:105000003316CF020606B298969EC69E3385C5001B
:10501000AE9823A8D601C8CA23AC1601D0CE938679
:105020000602E393F6F0330677411D8A1306062045
:105030000A06814863940B0093880C8883A607F8BE
:10504000B3051601E29594D194C10A0793860C88A2
:1050500063930B008146369783A647F86297130641
:10506000068414D314C303A547FE83A647FF4696C0
:10507000AA9603A547FC36952320A70A2320A70854
:1050800003A347FB03A547FA1A952320A712232061
:10509000A71003A547FDAA962320D71A2320D718C7
:1050A00083A6C7FE03A547FF369583A647F92320AD
:1050B000D7222320D72083A647FDAA962320D72ACC
:1050C0002320D72803A3C7FA83A647FB9A96232059
:1050D000D7322320D73083A6C7FC36952320A73AA2
:1050E0002320A73803A5C7FE83A6C7FF369583A64E
:1050F000C7F82320D7422320D74083A6C7FCAA960F
:105100002320D74A2320D74883A6C7FA03A3C7FB87
:105110009A962320D7522320D75083A6C7FD3695D1
:105120002320A75A2320A75883A6C7F903A5C7FFA2
:105130002320D7622320D76083A6C7FDAA96232009
:10514000D76A2320D76883A6C7FB2320A77A23200A
:10515000A7782320D7722320D770B306CC0003A6EC
:1051600047F890D290C203A587FF03A647FE2A9670
:1051700003A547FC329523A0A60A23A0A60883A86E
:1051800047FA03A587FB469523A0A61223A0A610E5
:1051900003A587FD2A9623A0C61A23A0C61803A636
:1051A00087F923A0C62223A0C62003A587FE03A655
:1051B00087FF2A9603A587FD329523A0A62A23A060
:1051C000A62883A887FB03A587FA469523A0A632C5
:1051D00023A0A63003A587FC2A9623A0C63A23A0C5
:1051E000C63803A687F823A0C64223A0C64003A55D
:1051F00007FF03A687FE2A9603A587FC329523A006
:10520000A64A23A0A64883A887FA03A507FB4695CC
:1052100023A0A65223A0A65003A507FD2A9623A0EB
:10522000C65A23A0C65803A607F923A0C66223A026
:10523000C66003A507FE03A607FF2A9603A507FD80
:10524000329523A0A66A23A0A66803A507FA83A81F
:1052500007FB469523A0A67223A0A67003A507FC12
:105260002A9623A0C67A23A0C6786310087A9306EC
:105270000022B386DB0222570146032707103AD6E5
:10528000BA968A06E296984283A9C605B315C70264
:10529000AEC23307C7021306C0F8B395C9022EC1C8
:1052A000B389C9021306403503A94600A44EB315BD
:1052B000C9022EC33309C9029305408D3395B40248
:1052C0002AC5B384B40283A38600E84AB395A30336
:1052D0002EC7B383A303ED729385C2F73318B502CB
:1052E00042C9B302B502196383AFC60003A806051D
:1052F0009305836B3395BF022ACBB38FBF0237BFB1
:10530000FDFF1305CF63B318A80246CD330FA802E3
:10531000B79E040083A8060103A8C60413858E4720
:105320003393A8021ACFB38EA802375E020013058A
:105330004E9CB318A80246D1330EA80203A346011F
:10534000A8463318B30242D33303B302956893855A
:1053500048083318B50242D5B308B50203A8860140
:10536000E842B315A8032ED73308A8039305C072EB
:10537000331AB50252D93305B50203AAC601AC42AD
:10538000B31ACA0256DB3306CA02130A4007B39A9D
:10539000450356DDB3854503370A0002964A3A9A1B
:1053A0003337EA0056978A4AD29933BA4901569759
:1053B00052971A4A4E99B339390152974E97AA49D2
:1053C000CA9433B924014E973A993A47A693B3B495
:1053D00093003A994A47CA949E92BA945A47B3B3F3
:1053E0007200A693969FBA936A47B3B25F009E92EB
:1053F0007E9FBA927A47B33FFF01969FFA9EBA9F6B
:105400000A5733BFEE017E9F769E3A9F1A57B33EEE
:10541000DE01FA9E7293BA9E2A57333EC301769EEE
:105420009A983A9E3A5733B36800729346983A93E3
:105430004A57B33818019A984295BA985A57333850
:10544000050146982A963A986A573335A600B295D0
:1054500042953A9533B6C5002A963206D181D18D50
:1054600013D6F54113D555413347B6016314A60051
:1054700013D76540B38596012310EBFE1306001A7F
:1054800003A70580331AC7023307C702096603AEB4
:1054900045801306C687B319CE02330ECE022563AC
:1054A00003A585801306C37F3319C5023303C502E4
:1054B000B7F8030003A5C5801386C884B314C502DA
:1054C000B308C502597803A5058113064842B313F2
:1054D000C5023308C5021306C0F403A54581B31203
:1054E000C5023305C502930E802403A68581B31F30
:1054F000D6033306D603B15E83A5C581339FD5039A
:10550000B385D503B70E0002BA9E33B7EE00769E80
:105510005297B33EDE014E9772937697333EC301A6
:105520004A979A98729733B36800269746981A97C5
:10553000B33818011E9742954697333805011697E0
:105540002A9642973335A6007E972A97B29533B6AE
:10555000C5007A973A963206D181D18D13D6F5419E
:1055600013D555413347B6016314A60013D76540E0
:105570002310EB0056479386060893092BFE130A67
:10558000EB01130607040C4283284600984203A946
:10559000C6053315B7022AC13305B702AAC23315AF
:1055A00017032AC333071703B30810413315190330
:1055B0002AC5330519032AC73315B9022AC9B30509
:1055C000B9022ECB08464C46C44203A9860533983F
:1055D000A40242CD3388A40242CF3398B40242D110
:1055E000B384B40226D3B305B040B314B90226D5B0
:1055F000B305B9022ED7B315A9022ED9B305A90256
:105600002EDB484A0C4A844683A346053398B402ED
:1056100042DD3388B40242DF3398A402C2C1B384AE
:10562000A402A6C33305A040B394A302A6C5338544
:10563000A302AAC73395B302AAC9B383B3020C4E1F
:10564000484E83A2C60083AF0605B394B202A6CB30
:10565000B384B202A6CDB394A202A6CFB382A202B3
:105660003305A040B394AF02A6D13385AF02AAD3CD
:105670003395BF02AAD5B38FBF020C52485203AF75
:10568000060183AEC604B314BF02A6D7B304BF029B
:10569000A6D9B314AF02A6DB330FAF023305A04087
:1056A000B394AE02A6DD3385AE02AADF3395BE0207
:1056B0002320A110B38EBE020C56485603AE4601FD
:1056C00003A38604B314BE0223229110B304BE02C6
:1056D00023249110B314AE0223269110330EAE0290
:1056E0003305A040B314A302232891103305A3026D
:1056F000232AA1103315B302232CA1103303B302C4
:105700000C5A485A83A8860103A84604B394B802E9
:10571000232E9110B384B80223209112B394A802CF
:1057200023229112B388A8023305A040B314A80223
:10573000232491123305A8022326A1123315B8029F
:105740002328A1123308B802045E0329C603CC4EF5
:1057500013060604A842B39A9502232A5113B38A6A
:105760009502232C5113B39A2503232E5113B3858D
:10577000250333092041B31A25032320511533098A
:1057800025032322211533199502232421153305DE
:105790009502B70400021A49BA94CA4A33B7E40022
:1057A0004A975A4956979A5A2699B3349900269798
:1057B000B30459018A5A33B92401938606085697CF
:1057C000CA5A4A975A5956979E4A2699B33499000D
:1057D0002697B30459018E4A33B92401A6935697EC
:1057E0004A974E49B3B493009E924A977E492697B2
:1057F000B3B372004A971E97AE53969FB3B25F0041
:105800001E971697DE527E9FB33FFF0116977E9735
:10581000832F0110FA9E33BFEE017E977A97032FF4
:10582000C110769EB33EDE017A977697832E811162
:105830007293333EC30176977297032E41129A9862
:1058400033B3680072971A97032301134698B3384D
:1058500018011A9746978328C113C2953383A50070
:105860000325811433B8050146974297B335B30039
:105870002A972E9796451645B7040002A69533B889
:10588000A5000A45EA442A983A45B388A5002A4566
:10589000B3B5B8002A987A45C295A6953388A80072
:1058A000AA54333518012E95BA552695FA54C29547
:1058B00033B80501B3889500EA544295B3B5B800F2
:1058C00026952E95BE45338EB800AE45B3381E01E1
:1058D0008324C1112E95EE4546953308BE00DE4562
:1058E000333EC8012E952A9E0E559E552A9E4E5532
:1058F000C29533B80501B388A5003E55429EB3B5A5
:10590000B8002A9E2E9EFE553385B800EE55B3385A
:1059100015012E9E83258110469E3308B5008325F0
:1059200041103335A8002E9E832541112A9E330550
:10593000B80083250111333805012E9E83250112FD
:10594000429E269EAA9533B5A5002A9E0325C11224
:10595000832481122E95B335B500269E2E9E832575
:1059600081133308B500832541133335A8002E9EDB
:10597000832541142A9E3309B80083250114333846
:105980000901135949012E9E729832083369280182
:105990001355F94113585941B345B5016314050135
:1059A00093556940320713554301598D2390B9002F
:1059B000135855419355F54133C7B501639405011B
:1059C000135765402310EA008909791AE39D69BBE2
:1059D0003257A256138B0904330777411D8B23A03E
:1059E000E61002579387070805073AD082564947C1
:1059F000639CE69CC257C9EBA24785073EC4E247B9
:105A00009387E7033ECC6FD05FAF8841FD48B388F2
:105A1000084137060080335606011353F541335EC3
:105A200015417D166304C3013345C30033150501D9
:105A300088D188C113850C803A950C4313D3F54166
:105A400033DE15416304C301B345C300B3950501BB
:105A50000CD30CC313070708E311A7FE93850C8032
:105A6000B69598421355F7413353174163046500C7
:105A70003347C5003317070198D298C293860608AA
:105A8000E391B6FE6FF0AFFE8326447C2247832766
:105A9000447BA2453306D702014505473306F6028B
:105AA000B386F602A64706063E96C257829729D5C8
:105AB0006FF0AF836D55828001456FD03F9CEFA2A0
:105AC0002FE401112E8A23A006006C082A8432C616
:105AD000B68AEFB07FB6AA892DE183491401639E8F
:105AE00009041C28858B638C07100329C4005C48BB
:105AF00032463309F940637326013289130B0020C3
:105B0000930BF01F370C0020854C7D5D6307090265
:105B10005C4813F7F71F59EF7247835DA70013D74F
:105B20009700FD1DB3FDED0063990D0299EB08444C
:105B300063EEAC0089471CB889494E8505616FA0AA
:105B4000EFDF0C4C0840EFC01FDADDB76316A5018C
:105B500085471CB88549D5B708CCF2460C4C36852C
:105B600036C6EFB0FFB579D5B387AD0063F32B052B
:105B7000B2469354990033869D00BA266374C700D9
:105B8000B304B74103470C009432058B558F69F37A
:105B9000814D6394B401A604B9A093959D00D2955C
:105BA0003385B7013EC6EFC0DFC45DF1850DB24756
:105BB000CDB75CCC5C48CA8493F7F71FB307FB40B2
:105BC00063F32701BE844C4C7245EFC0FFCD49F111
:105BD000F2455C4826869385850293F7F71FBE95AC
:105BE0005285EF50507783A70A0033099940269ACF
:105BF000A69723A0FA005C48BE9444C801BF9D4903
:105C00002DBFEFA24FD141112A8AAE840144014930
:105C10009309F6FFA94A354B636B3401A2942380A4
:105C2000040011E04A84228541016FA00FD2740064
:105C300005469305B1005285EFF07FE865F1B24764
:105C4000F1DF8307B1000549E38A57FDE38667FD6D
:105C5000338784001CA30504C1B7EFA26FCD2A844B
:105C600013054006EF407018B7170140938707806F
:105C7000214709C898CB1305C012EF4010170545FE
:105C80006FA04FCDD8CBC5BFEFA28FCAFD575CC95F
:105C9000230205002A84EFC03FC1914771E9834484
:105CA0007422834764221307B00EA204DD8C83475D
:105CB00084026388E700E10793F7F70F0547636203
:105CC000F70AAD67938757A5639DF400B7C5000039
:105CD0002146938545EE1305A407EF509065814753
:105CE00041C98347440303473403A207D98FC2073E
:105CF000C187130700206396E7060347540335C3A3
:105D00009307F7FFF98FB1EF8347740303476403E9
:105D1000A207D98FB9C7834784030547FD1763627C
:105D2000F7048347A40303479403A207D98F95CBB5
:105D30008347C4030347B403A207D98F1307F007AF
:105D40006369F70013058404EFB03F99C167636A84
:105D5000F5000347F4038347E40322075D8F81477F
:105D600001EB2D67130757A589476383E4008D472F
:105D70003E856FA02FBEEFA20FBA011123A0050030
:105D80002EC6EFB0FF8FAD476343053A931725004A
:105D9000138581803E950041B147630A0438B245BE
:105DA00080C11C20143091CBB707002003C7070027
:105DB0008147058B558F630C0736230004008D4700
:105DC00063970636EFD0AFB6238A0180EFD02FB6A7
:105DD000B7170140414723A8E780A94413894181AF
:105DE000FD141305F00F93F4F40FEFC0DF94EDF8FA
:105DF000B714014093840480C14923AA34011306D7
:105E0000500981450145EFC0FF968547AA8A630F77
:105E1000F50023A834011305F00FEFC0DF91B70799
:105E2000002005472380E7008D4711A61306700860
:105E30009305A01A2145EFC0FF932A8A63195509DB
:105E40001305F00FEFC03F8F1305F00FEFC0BF8EAB
:105E50001305F00FEFC03F8EAA841305F00FEFC0BB
:105E60009F8D639644019307A00A6301F504B71759
:105E70000140414723A8E78079BF054681451305C6
:105E80007003EFC03F8F8549E3E3A9FE0546B705E0
:105E9000004013059002EFC0FF8D6304051EE31858
:105EA00035FDEFB02FF2FD14E9F8D1B78964938482
:105EB0001471D5BF85471306F00F930500204145A7
:105EC0002300F900EFC01F8B630E051E4DB79147ED
:105ED000E311F5F48964938414712DA0054681457E
:105EE00013057003EFC01F898549E3E2A9F8054651
:105EF000814513059002EFC0FF874DDDE31935F7AB
:105F0000EFB04FECFD14F9F89DB7114785476300DA
:105F1000E52263F4A700B54719AC83474403034760
:105F20003403A207D98FC207C18713070020E39467
:105F3000E7FE0349F4038347E40322093369F900C8
:105F4000631709001305C404EFB02FF92A898344AD
:105F500084032328240105479387F4FF24B093F793
:105F6000F70F832A4401E368F7FA834954039397B0
:105F70000901C1833EA4C5D39387F9FFB3F7370165
:105F8000D9FB8347A403034A9403A207B3E747015D
:105F9000139A0701135A0A41131B0A01135B0B01E1
:105FA000231464019377FB00BDF70345C4038347C3
:105FB000B40322055D8D09E513058404EFB0EFF10C
:105FC0008347740303476403A207D98FA9D7B38615
:105FD000240313574B003E973697E36EE5F2198D75
:105FE000B3543503E36935F3370600105516E364FF
:105FF00096F241665516637096088D495697890446
:10600000D69758D044C4232C54015CCC0D476395DB
:10601000E9048347340503472405A207D98FB367F2
:10602000FA00C207C187E39807EE13054405EFB0F5
:10603000CFEA08D08A049384F41FA580E36D99EC1D
:106040001387C1801E23230034018507C207C18343
:106050001EA37EA08147E1A8E30F0BEAB6971CD0F0
:1060600089476394F9008604F9B73387E402858889
:106070000583BA94C9B78569D519B3B9990085095B
:10608000B5BF1306F00F81451305A003EFC08FEED7
:10609000E31F05DC1305F00FEFC0EFE9AA84130539
:1060A000F00FEFC04FE91305F00FEFC0CFE8130575
:1060B000F00F93F40404EFC00FE8E38D04DE89478A
:1060C0002300F900B7170140414723A8E7801305D3
:1060D000F00FEFC04FE6B7070020814522852380EF
:1060E0000700EFF07FBA8947E311F5E204081309CE
:1060F000E41E130AE422A6894A85EFB00FDE23A02E
:10610000A90041099109E31949FF1389040185494F
:106110008C400D4591C52285EFF01FB7E3FFA9DE46
:106120009104E31799FE11478547E316E5DE3E85A6
:1061300005616FA08F81EF92BFFC8329050041119B
:10614000AA8B2E841306F0029306C00503070400F1
:106150006305C7146303D71423A40B0014207D47E1
:10616000637FD7129387890293840B02130AF0028C
:10617000930AC0053EC42D46930500022685EF9084
:106180003FFE01490147A14C130D0002930DE002AF
:10619000AD46130600089308F0091303F003130E2D
:1061A000E007930EC00F714FB305E40003CB050069
:1061B000130C1700637E6D0163044B01631F5B0FBB
:1061C00033078401030707006307470F6305570F71
:1061D00062946307091C83C60B021307500E639574
:1061E000E60015472380EB0213070002114963778D
:1061F0006701830604006353D700014983A70B009E
:10620000A3852B035E853EC2EFC08FFA2A8B6318ED
:10621000051C054DFD5D83A58B011245EFC0CFE840
:106220002A8B631E051A03A5CB01182135C3383507
:106230009376F7032383DB0034353AC6A18A81EADB
:106240002D46A685EF50F00E3247630D051483A648
:106250000B01B707200003AC0B00938C060263E42C
:10626000FC0023AC0B0003A68B011DC213FBFC1F1B
:1062700063100B1283A54B01050623ACCB00F9ED8F
:1062800083558C0013D65C006364B61023AC0B00FE
:10629000114B631E0900154B19A8050445BD1307D2
:1062A00000F8A385EB025E85EFC08FF02A8B5A853C
:1062B00041016F90BFE8050C21B7630ABB136371FE
:1062C000990F6379660563F8680193050B0293F5EE
:1062D000F50F6361BF04229C1305270003070C0020
:1062E0009375F70F637EB30A6376BE00635A070A9D
:1062F00063E8BE0A1387FCFF6374E90A13071900F9
:10630000B38F240123806F01269709090CA32A8CDF
:10631000628759BDB7C70000DA8513850704EF50BF
:1063200010133DED1307FBF91377F70F6548AD46E2
:10633000130600089308F0091303F003130EE00797
:10634000930EC00F714F6365E800011B137BFB0FB9
:10635000338724012300670105095DBF0356AC00A4
:1063600013D59C007D16698E05E66285EFC0AFD718
:10637000AA85637AAD06630AB5070326CC00E377E6
:10638000C5F023AAAB006285EFB08FB323ACAB009E
:1063900013078C023A9B23A89B0123AE6B01A5BD7A
:1063A000194B31B7E31509F0418BE30607EE03A75C
:1063B0000B01A24783C509001377F71F3E97343FAF
:1063C000302FA206D18E0D466398C500503B582B46
:1063D0002206518F4207D98E23A4DB0069BB914767
:1063E000E317FBEC75B5094BD9B5054BC9B5E38986
:1063F000DCFA2149AD4C29BFEF929FD339712EC6EB
:106400002A840C086800EFF01F97AA8435E5C2477C
:10641000B24548081CC03ECAEFF0FFD1AA8429ED5E
:106420008307F10363C907048347A101C18BA1EB73
:10643000425542493C3D382D83460900A207D98F79
:106440000D476398E600583954292207558F4207B3
:10645000D98F1CC47105EFB04FA88357690048C499
:10646000232E04005EA085471EA8232A040026854B
:1064700021616F903FCE994423200400CDBF914409
:10648000E5BFEF92FFC79C415571373400203EC2F3
:10649000DC419309048B04413EC49C45032945001B
:1064A000832D85003EC0DC451306C0088145138559
:1064B00089003ECAEF90DFCAFD5723AEF90623AC30
:1064C000F90622478247924605486E86CA85268588
:1064D000EFA00FCC8247224792462A8A23A0A90028
:1064E00001486E86CA852685EFA08FCA23A2A9001F
:1064F000AA85AA8A5285EF40F04A1304048B63569A
:10650000A0002320540123224401824513050000EA
:10651000014AEF504003AA866E86CA852685EF9011
:106520001FFC22469245054DEFA05FE79307000050
:106530002A8B5CC41CC4BE8A02C66A85EF50403FE9
:10654000B7C7000083A587E6EF40F0148245AA8C08
:10655000EF40707FAA866E86CA852685EF903FF849
:1065600092452246EFA09FE3B7C7000083A9C7E684
:106570002ACC5A85CE85EF40504B635F050C6245AF
:10658000CE85EF4030421345F5FF9359F501B7C76B
:10659000000003ACC7E65A85E285EF40B040635F78
:1065A000A00A6245E285EF405048132C1500B2471F
:1065B0006390077A6384097A668BA14BDA855685E6
:1065C000EF40C056B7C7000083A5C7E1EF40B04E0B
:1065D00082452AC8EF403077AA866E86CA8526850E
:1065E000EF90FFEF22469245EFA05FDBAA86638C17
:1065F0000900B7C7000083A5C7E62ACEEF40903A4E
:10660000F246635D0500630D0C04B7C7000083A567
:10661000C7E63685EF4070416344A004424BFD1B42
:10662000E39E0BF8DA855685EF404050B7C700006F
:1066300083A5C7E1EF40304863860902EFA02F8BA6
:1066400008C463170A024EC6050D93071009624B72
:10665000E68AE314FDEE29A8814915BF014C81BFEC
:10666000C24A75BFEFA0AF88B24748C4638D073CEC
:1066700082450840EF40306DAA866E86CA85268521
:10668000EF90FFE5AA89EFA06FFE2A8C4E85EFA060
:106690003FE8AA8A4E85EFA01FEE08C84E85EFA0FE
:1066A000BFF008CC4E85EFA0BFE6AA856285EF401B
:1066B000E047EFA08F93B7C7000083A50732EF40F4
:1066C000807DEF50C020050508D04E85EFA05FE427
:1066D000E285EF405067EFA04F91B7C7000083A558
:1066E00087E6EF40407BEF50801EAD47631F0534C7
:1066F00037CA000083258A6A5CD05685EF40A079AE
:10670000EF50E01C0505824548D44840EF40B06397
:10671000AA866E86CA852685EF907FDCEFA00FF5EE
:1067200083258A6AEF402077EF50601A1C48824622
:1067300005053718000008D4130868574E876E8681
:10674000CA852685EF903FFF1C4C82463718000013
:1067500048C81308885A4E876E86CA852685EF90EA
:106760009FFD48CC894763C027319307C900138731
:10677000F4FF938A1700B547B38AFA0215469305CA
:1067800040069147832B0400832C44006685B3CADE
:10679000CA02B366B702EE9AB69AB3C6F602930778
:1067A0000019B347F702B69A3347B702BE9A9D471E
:1067B000DE853307C702BA9AB3EAFA02990AB3EA46
:1067C000FA02B16793878760D6979C233EC6EF4055
:1067D000905737C70000832507E72A8DEF40B02D7B
:1067E000930500002A8BEF405024B2476356050002
:1067F00037070080334B67011385F7FFEF504013D5
:10680000DA85EF40502BDE85EF404032AA8508D86C
:106810005A85EF40A031B16793870705D69748D8CE
:1068200088237D15EF50C010DA85EF40D028DE8533
:10683000EF40C02FDA8508DCEF40402FBD6793871B
:10684000070ED69748DC88237D15EF50600EDA8559
:10685000EF407026DE85EF40602DDA8528C0EF40DE
:10686000E02CB167139B2A0093878737DA9794430C
:1068700068C05E85B68536CCEF40402BB7C70000B8
:1068800083A587E6EF40304CEF907FE6B1679387B2
:10689000C735DA97984328C85E85BA853AC8EF406D
:1068A000E028B7C7000083A587E6EF40D049EF9006
:1068B0001FE4B16793870734DA9703A8070068C815
:1068C0006685C28542C6EF40602637C60000832534
:1068D00046E7EF405047EF909FE1B167938747321B
:1068E0003E9B032B0B0028CC6685DA85EF40002405
:1068F00037C60000832546E7EF40F044EF903FDFC6
:10690000E24642473248B7C7000083A587E734D044
:1069100078D02324040768CC232664076A85EF40D7
:106920008057B167938707FFBE9A2A8B03C50A0079
:106930007D15EF40F07FDA85EF40F017DE85EF4000
:10694000E01EAA8528C45A85EF40401EB7C7000044
:1069500083A5C7E768C46285EF40D0048147635CC4
:106960000500B7C7000083A587686285EF40F00B7C
:106970007D819347150083258A6A2326F408628562
:10698000EF406051EF40B07489473345F50222472C
:10699000824792466E86CA85EE8C268D854A930B79
:1069A00000022328A4082685EFA0AFE22A8B4A889C
:1069B000FD1C6AD4C2C0E6D06347900190108C00E1
:1069C0002810EF901FA70648225D865C8247224769
:1069D00092466686C2856A8542C6EFA08FDF63163F
:1069E000AB00850A3248E3957AFDB7C50000938570
:1069F00085E8880023286407232A540723220408F3
:106A0000EFF09F9F25E5B7CB0000130600048C1024
:106A10008800EFF00F9F05C593864BEA0D462C10BA
:106A20008810EFB0FFCA8D47E311F5FEA257E31EB1
:106A3000F9FCB257E39BFDFCC2572322F4088800FF
:106A4000EFA09FC225A8054A01B19307800363D533
:106A5000A7009307F5FC69B99D477D153365F502DD
:106A60009307150071B1CA87268721B3B7C5000007
:106A7000938545E98800EFF03F9851D5B7C50000F0
:106A8000938585EA880023200408EFF0FF962DED1A
:106A9000B7CC0000930BF00F154D130600078C10B8
:106AA0008800EFF00F9631CD614681452810EF90B8
:106AB0002FEB93868CEB19462C108810EFB05FC13A
:106AC0009947631EF510E257F25622576304770187
:106AD000E31567FD325701C71048E310C7FC425762
:106AE00001C7104CE31BC7FA52576306770101C771
:106AF0001054E314C7FA81C77858E390E7FA2320CB
:106B0000D4088800EFA05FB64E85EFA07FA0E28595
:106B1000EF407023EF907FCDB7C7000083A507E853
:106B20000D4CEF404079AA854E85EF40D021B7C784
:106B3000000003AD4768B7C7000083A74739AA8B99
:106B40003EC6B7C7000083AC47E85E85EFA05F9CF8
:106B50002AC85E85EFA08FB1C247AA853E85EF4067
:106B6000901EEF909FC8EA852AC8EF40A063C247F5
:106B70006357A000B2453E85EF40F01CAA87E6852A
:106B80003E85EF404031AA855E85EF40D01B7D1CDD
:106B9000AA8BE31C0CFAEFA06FAD83258A6AEF4045
:106BA000802FEF40D052B14705053365F50228DC50
:106BB0004E85EFA05F9C524768DC85476312F70E55
:106BC000032A8A6A8D493D4CFD4A2D4B63D08A03C6
:106BD0008D47A94A524C6389F900014569A0E31E1B
:106BE000A5EBE2568147D5B59149CDB782472247FB
:106BF00092466286CE852685EFA0CFA4AA8BEFA011
:106C0000EFA6D285EF402029EF40704C631865094C
:106C10009307FCFF26D4CEC0BED06347F00090108F
:106C20008C002810EF90FF8082472247924606563C
:106C300086452255EFA00FA1EFA0FF93AA8C5E8599
:106C4000EFA07F93635C9505CA856E862685EF90DD
:106C50001F832A896286CE852685EF905F82332541
:106C6000A900134515009384E48313451500898C0E
:106C70009307C003B3E4F402634490009384C40315
:106C80003C5C785C232494083CD878D863C5070022
:106C900085872328F40869616F904FCA050C3DB7BA
:106CA0006E86CA852685EFA00FA9524789472324FF
:106CB000A408631AF7089147268A63C92701631558
:106CC000F900B54763C4B701138AF4FF93071A00AC
:106CD00013F73700814909EF1307400633E7E7024E
:106CE000854919E793090019B3E9370393B91900E6
:106CF0006E86CA852685EF908FF8AA84914539461D
:106D00005285EF90CFF7B1663385A44081479386D3
:106D100086E32948B3393001B1453387F60018239B
:106D20000146639307014E8632976346E500850767
:106D3000198DE394B7FE2D476353F700AD47050562
:106D40003CD868D889BF23286407232A5407A1B7F1
:106D5000E3100A92E30A0C8E6FF01F86E3160A8E88
:106D6000E31C0C84324A6FF03F8EEF926FBC397196
:106D70002AC62E8468004C08EFE0FFFF2A8941ED07
:106D8000B2454808EFF02FBB2A8951E58307F1038C
:106D900063C20708B257A3040400ADCBC254014735
:106DA000814793050002154521489308E0022D46CE
:106DB000B386E400838606006381B6026393A6006F
:106DC0009556631707013303F400A30413018507E5
:106DD0003303F400A304D30085070507E31AC7FCB7
:106DE000A297A3840700BC341385C40193F7F7036B
:106DF0001CA4EFA09F8E08C0FC38F828A207D98FEA
:106E00007EA09C3C982CA207D98F5EA04A85216168
:106E10006F904FB41949A3040400CDBFEF924FB156
:106E200001112C00EFF07FF411E9034501011181FC
:106E300013451500058905616F90CFB10145E5BF88
:106E4000EF920FAF41112E842EC41389F5032380D6
:106E50000500AA84AA8528004AC6EFB0AFE3B7C5EB
:106E600000002800938545ECEFB0CFE22285EFF0DB
:106E7000FFFA15E5A68528002300040022C44AC6AF
:106E8000EFB04FE1B7C5000028009385C5ECEFB027
:106E90006FE02285EFF09FF841016F90AFAB0545A1
:106EA000E5BFEF92EFA82E8919C113050004136402
:106EB00005082285EFC08FB2C144FD1413050002FE
:106EC00093F4F40FEFC04F8BEDF82285EFC00FB1B4
:106ED0004A85EFC04F8D6F90EFA7370702401C43E4
:106EE00093F70702A9CB930700025CC3B707002002
:106EF0001387A70018239306F00F9387A700014577
:106F00006389E602138781811223C166FD166387B8
:106F1000C60016238506C206C18216A394233737FE
:106F200000201307473F3697230007007D5798A39B
:106F30000545EFA05F8C7300203037070040162B0B
:106F40005E27858AC207C183B1CA858BA1CBF95759
:106F50001EAB373700201307C7291C43A1C3B7371F
:106F6000002083A747291443373700201307072938
:106F70001043B29614C3B7360020938686290C437B
:106F8000904263E7C500904214438507918E14C375
:106F9000FD17C207C183370700405EB7730020307A
:106FA000B71702409843B706FFF01367170098C35E
:106FB000D843758FD8C39843B706F7FEFD16758F73
:106FC00098C39843B706FCFFFD16758F98C3D84346
:106FD000B70601FFFD16758FD8C337079F0098C706
:106FE000B746024003A706801367070123A0E68087
:106FF000D843B706C1FFFD16D8C3D843D8C3D8437A
:1070000013670740D8C3D843758FD8C3D843B70692
:107010002800558FD8C39843B7060001558F98C3F1
:10702000984393166700E3DD06FED843B716024087
:10703000719BD8C3D84313672700D8C32147DC42CC
:10704000B18BE39EE7FE8280B737002093876726E7
:1070500098231377F70F0DC3373700201307472600
:10706000142391C623000700238007008280B737CE
:1070700000200547A38CE73E8280EF926F88373C63
:10708000002013048C277C2015712AC49387077D68
:10709000BEC85C3008303689BECA5C20328AAE84F5
:1070A000BECCEF405015B7C7000083A5076F930C07
:1070B0008C27EF30505EAA892820EF40D013AA8594
:1070C0004E85EF30B026AA890820EF40D012B7C70E
:1070D000000083A58739EF30105CAA854E85EF301C
:1070E000F024AACE41468C080810EF40D026B725E0
:1070F00000204146938545790808EF40D0250C08CB
:107100000810EFF00FB8B737002083C7572681E784
:107110000545EFE09FB4B7C500009385C53901452B
:10712000EFF03FD8B72A002013870A7B8347370246
:1071300003472702938A0A7BA207D98F6316F904B3
:1071400083CD4A02B167938707CDB73900203EC689
:107150009389098BA24B014B03840B0021E023820E
:107160000A02EFB0DFE989C8B727002083A7477A72
:10717000014A814DE3F0F4FEEFF01FED0145EFE031
:10718000DFAD2D616F809FFB23912A03814DEFB00E
:107190001FE723820A02EFB09FE66DB793076006F0
:1071A00093851B006311F40211468800EF40D02C38
:1071B00023020104950BE3010AFA0546A68588001F
:1071C000EF30604551BF0D468800EF40F02A88003F
:1071D000A3010104EFB04FD44205418113074006DB
:1071E000910BE36BA7F693573500D6979C271D8923
:1071F000B3D7A740858BADD3930770066304F40023
:107200006F00705B050B137BFB0FE3F76DF58800D8
:10721000EFB08FD013049501060442044180930718
:10722000E00E054963E38702B3878A0003C997002C
:107230009C2722093369F9001307F9FF4207C16748
:107240004183F51763F3E70005499C10BEC48C0029
:107250009307F109A800BEC623000106EFB08FA373
:107260009305F002A800EFB04F9ACA85A800114616
:10727000EFB02F9B0C118810EFF09FBC1DE59C1008
:10728000BEC48C009307F109A800BEC62300010606
:10729000EFB04FA09305F002A800EFB00F97114692
:1072A0008545A800EFB0EF9705490C118810EFF065
:1072B0003FB91DC59307E00E63EF8700050942093A
:1072C0001359090156942304240113598900A30476
:1072D0002401EFB0DFD20546A6858810EF30A03339
:1072E00023826A03EFB0BFD185BD93078006631682
:1072F000F40003C42C006F00904D93077007631BCC
:10730000F40013058C27EFB0CFFE13140501418064
:107310006F00F04B6316E40003C44C006F00304B69
:107320009307D0046316F40003C45C006F00304A76
:10733000930770056313F40483C76C001307C0F947
:107340001D4D9387F77C33C7E70213D927403E9939
:107350003A9913070019B3C7E7023E993369A903A5
:10736000EF90AF878D473304A9007D143344A40305
:1073700063C327010504420459BF93074004631502
:10738000F400EF908F8551B7930730076316F40030
:1073900003C4DA016F00B04393072006631AF404B4
:1073A00003C92C00B14763F1270551191379F90F6F
:1073B00003C4CA019307F109130D01068C000811DB
:1073C0003ED36AD123000106EFB0CF8C9305F002C3
:1073D0000811EFB08F831146A2850811EFB06F84BA
:1073E0004A86A6856A85E9BBE31409FC3149C9B719
:1073F000930760046316F40003A409082DFCA9BBDD
:10740000930730056315F40003A44908C5BF93072B
:107410000007E313F4D400118C00A8001309F10D48
:10742000A2C4CAC62300010AEFB0CF869305F002BA
:10743000A800EFA09FFD11468545A800EFA07FFEA4
:107440000546A6852285EF30001DB7370020138D35
:10745000479483070D00E38107D09387F7FB93F7E9
:10746000F70F130780036361F70432478A07BA975F
:107470009C4382878C00A800A2C4CAC62300010ACC
:10748000EFB04F819305F002A800EFA01FF883A58D
:107490008908114693858502A800EFA09FF805464C
:1074A000A6852285EF302017050D65B78C00A80052
:1074B000A2C4CAC62300010AEFA0DFFD9305F002B3
:1074C000A800EFA09FF483A5C9081146D105E9B72C
:1074D0008C00A800A2C4CAC62300010AEFA09FFB2B
:1074E0009305F002A800EFA05FF283A509091146F9
:1074F000F9055DB78C00A800A2C4CAC62300010A22
:10750000EFA05FF99305F002A800EFA01FF083A59C
:10751000090711469385952541B78C00A800A2C4A0
:10752000CAC62300010AEFA0FFF69305F002A800E7
:10753000EFA0BFED83A5490711469385C52BA9BFD1
:107540008C00A800A2C4CAC62300010AEFA09FF4C1
:107550009305F002A800EFA05FEB13058C27EFB0B6
:107560004FD911469305A52805BF8C00A800A2C4D9
:10757000CAC62300010AEFA0FFF19305F002A8009C
:10758000EFA0BFE883A589011146A80093854506B1
:10759000EFA03FE90546A6852285EF30C00703A589
:1075A000C90170182C18EF2090788C00A800A2C494
:1075B000CAC62300010AEFA0FFED9305F002A80060
:1075C000EFA0BFE4E2551146A80093850532EFA075
:1075D0005FE50546A6852285EF30E0038C00A80014
:1075E000A2C4CAC62300010AEFA0DFEA9305F00295
:1075F000A800EFA09FE1F2551146A80093854538F9
:10760000EFA03FE20546A6852285EF30C0008C0042
:10761000A800A2C4CAC62300010AEFA0BFE79305D1
:10762000F002A800EFA07FDE1146B945B5B58C0089
:10763000A800A2C4CAC62300010AEFA0BFE59305B3
:10764000F002A800EFA07FDC83A5C9021146938554
:10765000850C99B58C00A800A2C4CAC62300010AF3
:10766000EFA05FE39305F002A800EFA01FDA83A567
:1076700009011146A8009385C512EFA09FDA0546BF
:10768000A6852285EF20307970182C1803A54901B2
:1076900019BF8C00A800A2C4CAC62300010AEFA02B
:1076A0007FDF9305F002A800EFA03FD683A5090273
:1076B000114693850519CDB38C00A800A2C4CAC693
:1076C0002300010AEFA01FDD9305F002A800EFA040
:1076D000DFD383A5490211469385451F75BB8C00F6
:1076E000A800A2C4CAC62300010AEFA0BFDA93050E
:1076F000F002A800EFA07FD111469145A800EFA0AD
:107700005FD20546A6852285EF20F07003A509000B
:1077100070182C18EF20B0618C00A800A2C4CAC653
:107720002300010AEFA01FD79305F002A800EFA0E5
:10773000DFCDE2551146A80093850532EFA07FCE3C
:107740000546A6852285EF20106D8C00A800A2C4F6
:10775000CAC62300010AEFA0FFD39305F002A800D8
:10776000EFA0BFCAF25511469385453835B38C005A
:10777000A800A2C4CAC62300010AEFA0BFD1930586
:10778000F002A800EFA07FC811469545A800EFA021
:107790005FC90546A6852285EF20F06770182C1872
:1077A00003A5490085BF03A5890093050000EF30BC
:1077B000B019E30B05CE8C00A800A2C4CAC62300F2
:1077C000010AEFA03FCD9305F002A800EFA0FFC390
:1077D00011469945A800EFA0DFC40546A68522857D
:1077E000EF20706370182C1803A5890025B703A536
:1077F000C90093050000EF303015E30705CA8C007F
:10780000A800A2C4CAC62300010AEFA0BFC89305FE
:10781000F002A800EFA07FBF11469D45A800EFA091
:107820005FC00546A6852285EF20F05E70182C18F3
:1078300003A5C900C5B58C00A800A2C4CAC6230010
:10784000010AEFA03FC59305F002A800EFA0FFBB1F
:107850001146A545A800EFA0DFBC0546A6852285F8
:10786000EF20705B03A5090370182C18EF20304C33
:107870008C00A800A2C4CAC62300010AEFA09FC1C1
:107880009305F002A800EFA05FB8E2551146A800EA
:1078900093850532EFA0FFB80546A6852285EF2027
:1078A00090578C00A800A2C4CAC62300010AEFA00A
:1078B0007FBE9305F002A800EFA03FB5F255114638
:1078C000A80093854538EFA0DFB50546A68522853B
:1078D000EF2070548C00A800A2C4CAC62300010A7D
:1078E000EFA05FBB9305F002A800EFA01FB2114606
:1078F000B545A800EFA0FFB20546A6852285EF207A
:10790000905170182C1803A5490371B98C00A80078
:10791000A2C4CAC62300010AEFA0DFB79305F00294
:10792000A800EFA09FAE1146A945A800EFA07FAF29
:107930000546A6852285EF20104E03A58903701801
:107940002C18EF20D03E8C00A800A2C4CAC6230089
:10795000010AEFA03FB49305F002A800EFA0FFAA30
:10796000E2551146A80093850532EFA09FAB05466E
:10797000A6852285EF20304A8C00A800A2C4CAC682
:107980002300010AEFA01FB19305F002A800EFA0A9
:10799000DFA7F2551146A80093854538EFA07FA8D0
:1079A0000546A6852285EF2010478C00A800A2C4BA
:1079B000CAC62300010AEFA0FFAD9305F002A8009C
:1079C000EFA0BFA41146B545A800EFA09FA50546AE
:1079D000A6852285EF20304470182C1803A5C90312
:1079E000D9B68C00A800A2C4CAC62300010AEFA021
:1079F0007FAA9305F002A800EFA03FA11146AD4574
:107A0000A800EFA01FA20546A6852285EF20B04062
:107A100003A5090470182C18EF2070318C00A80001
:107A2000A2C4CAC62300010AEFA0DFA69305F00294
:107A3000A800EFA09F9DE2551146A800938505324E
:107A4000EFA03F9E0546A6852285EF20D03C8C0006
:107A5000A800A2C4CAC62300010AEFA0BFA39305D1
:107A6000F002A800EFA07F9AF2551146A800938576
:107A70004538EFA01F9B0546A6852285EF20B0392B
:107A80008C00A800A2C4CAC62300010AEFA09FA0D0
:107A90009305F002A800EFA05F971146B545A80036
:107AA000EFA03F980546A6852285EF20D0367018B6
:107AB0002C1803A54904C5BC8C00A800A2C4CAC6E2
:107AC0002300010AEFA01F9D9305F002A800EFA07C
:107AD000DF931146A145A800EFA0BF940546A685F7
:107AE0002285EF20503303A5890470182C18EF204D
:107AF00010248C00A800A2C4CAC62300010AEFA06B
:107B00007F999305F002A800EFA03F90E25511463F
:107B1000A80093850532EFA0DF900546A685228553
:107B2000EF20702F8C00A800A2C4CAC62300010A4F
:107B3000EFA05F969305F002A800EFA01F8DF2550D
:107B40001146A80093854538EFA0BF8D0546A68550
:107B50002285EF20502C8C00A800A2C4CAC62300A6
:107B6000010AEFA03F939305F002A800EFA0FF8960
:107B70001146B545A800EFA0DF8A0546A6852285F7
:107B8000EF20702970182C1803A5C90429BC8C009B
:107B9000A800A2C4CAC62300010AEFA0BF8F9305A4
:107BA000F002A800EFA07F8611468D45A800EFA047
:107BB0005F870546A6852285EF20F02503A50905E8
:107BC00070182C18EF20B0168C00A800A2C4CAC6EA
:107BD0002300010AEFA01F8C9305F002A800EFA07C
:107BE000DF82E2551146A80093850532EFA07F831E
:107BF0000546A6852285EF2010228C00A800A2C48D
:107C0000CAC62300010AEFA0FF889305F002A8006E
:107C1000EFA0AFFFF2551146A80093854538EFA0BD
:107C20005F800546A6852285EF20F01E8C00A80007
:107C3000A2C4CAC62300010AEFA0DF859305F002A3
:107C4000A800EFA08FFC1146B545A800EFA06FFD7E
:107C50000546A6852285EF20101C03A5490570184E
:107C60002C18EF20D00C8C00A800A2C4CAC6230098
:107C7000010AEFA03F829305F002A800EFA0EFF801
:107C8000E2551146A80093850532EFA08FF905460D
:107C9000A6852285EF2030188C00A800A2C4CAC691
:107CA0002300010AEFA00FFF9305F002A800EFA048
:107CB000CFF5F2551146A80093854538EFA06FF631
:107CC0000546A6852285EF2010158C00A800A2C4C9
:107CD000CAC62300010AEFA0EFFB9305F002A8003B
:107CE000EFA0AFF21146B945A800EFA08FF305460B
:107CF000A6852285EF20301203A5890570182C185F
:107D0000EF20F0028C00A800A2C4CAC62300010A1A
:107D1000EFA04FF89305F002A800EFA00FEFE25597
:107D20001146A80093850532EFA0AFEF0546A68562
:107D30002285EF20500E8C00A800A2C4CAC62300E2
:107D4000010AEFA02FF59305F002A800EFA0EFEBDA
:107D5000F2551146A80093854538EFA08FEC0546F3
:107D6000A6852285EF20300B8C00A800A2C4CAC6CD
:107D70002300010AEFA00FF29305F002A800EFA084
:107D8000CFE81146B545A800EFA0AFE90546A685A6
:107D90002285EF20500870182C1803A5C9056FF034
:107DA0009F808C00A800A2C4CAC62300010AEFA0CD
:107DB0006FEE9305F002A800EFA02FE511468D4568
:107DC000A800EFA00FE60546A6852285EF20B004A7
:107DD00003A5090670182C18EF2060758C00A80008
:107DE000A2C4CAC62300010AEFA0CFEA9305F0029D
:107DF000A800EFA08FE1E2551146A8009385053257
:107E0000EFA02FE20546A6852285EF20D0008C004A
:107E1000A800A2C4CAC62300010AEFA0AFE79305D9
:107E2000F002A800EFA06FDEF2551146A80093857E
:107E30004538EFA00FDF0546A6852285EF20A07DFF
:107E40008C00A800A2C4CAC62300010AEFA08FE4D8
:107E50009305F002A800EFA04FDB1146B545A8003E
:107E6000EFA02FDC0546A6852285EF20C07A03A56A
:107E7000490670182C18EF20806B8C00A800A2C453
:107E8000CAC62300010AEFA0EFE09305F002A800A4
:107E9000EFA0AFD7E2551146A80093850532EFA0B9
:107EA0004FD80546A6852285EF20E0768C00A800F5
:107EB000A2C4CAC62300010AEFA0CFDD9305F002D9
:107EC000A800EFA08FD4F2551146A800938545383D
:107ED000EFA02FD50546A6852285EF20C0738C0024
:107EE000A800A2C4CAC62300010AEFA0AFDA930516
:107EF000F002A800EFA06FD11146B945A800EFA08D
:107F00004FD20546A6852285EF20E07003A589069D
:107F100070182C18EF20A0618C00A800A2C4CAC65B
:107F20002300010AEFA00FD79305F002A800EFA0ED
:107F3000CFCDE2551146A80093850532EFA06FCE54
:107F40000546A6852285EF20006D8C00A800A2C4FE
:107F5000CAC62300010AEFA0EFD39305F002A800E0
:107F6000EFA0AFCAF2551146A80093854538EFA09F
:107F70004FCB0546A6852285EF20E0698C00A8003E
:107F8000A2C4CAC62300010AEFA0CFD09305F00215
:107F9000A800EFA08FC71146B545A800EFA06FC895
:107FA0000546A6852285EF20006770182C1803A5CA
:107FB000C9066FF04FDF63140A006FF0EF99930763
:107FC000D0066304F4006FF04FB203C41C00528962
:107FD0006FF04FBEEF822F94B73900209387892727
:107FE000A0239307C0032A8A3304F402B737002082
:107FF00003CB57269389892763150B0083C7190084
:108000003E945285EF20C05CAA8413052A00EF201D
:10801000205CAA8A03054A0093FAFA0FEF20605702
:108020002A8903055A00EF20C05693F7F40F9304F2
:10803000C003B387970213174900498F1377F70FCF
:1080400013056A008145D6973386E70009CF3727A5
:1080500000208326477A3D67B3058640130707A6AD
:10806000B385E502B69583C64900AE06DD8EC2062D
:10807000C182631CF40063030B0081450546EFE0F9
:10808000DFFF05473A856F804F8C0147E36CF4FEB4
:108090000904E359C4FE0146DDB7EF826F89AA8463
:1080A00003050500EF20E04E2A8403851400120426
:1080B000EF20204E2A8937350020130585273364A9
:1080C0002401EFA01FA31374F40F3354A4400588B8
:1080D000014509C413852400EFF0DFEF6F808F871F
:1080E000EF826F832D71B7C50000938545ED0A853A
:1080F000EFE08FB081473DE93739002089691309E6
:10810000892793890971130600100C100A85EFD096
:108110005FAF11E50A85EF902FD5814781A88307CE
:108120000102130710036397E70413051102EF2000
:10813000204A83476900E398A7FC13053102EF202A
:10814000204983475900E390A7FC13055102EF2013
:10815000204883474900E398A7FA13057102EFF01E
:108160007FE755D10A85EF902FD085473E85156171
:108170006F70BFFD13072003639DE708130511020D
:10818000EF200045AA8413053102EF206044AA8A3B
:1081900013055102EF20C04383475900034A690089
:1081A000130B4006B387670393F4F40F93FAFA0FA7
:1081B0001375F50F330A3A03B38434033E9A8347A9
:1081C00049003E9AB38A6A03D694AA94E36D9AF260
:1081D00013057102EF20C03F2A8413059102EF209E
:1081E000203FAA841374F40F93F4F40F3304340380
:1081F0001305B102EF20C03D1375F50FB38464037E
:1082000026942A941305D102E36F44EFEFF0FFE8C0
:1082100089BF13073003E398E7EE13051102FDB79A
:10822000EF721FF1B737002013876726182341111B
:10823000AA851377F70F1384672609C72AC6EFE0CC
:10824000BFE0B2459384C1811306F0031385C18159
:10825000EF309022854737370020A38F04021CA0FF
:108260002302F726054541016F70DFEEB737002086
:1082700093874727882301C5238007008280EF72F8
:108280003FEBEFA0DFD36F70FFECEF72FFE713045B
:10829000400637390020B73900201D4AB73A002080
:1082A000372B0020930B4006372C0020B73C0020D2
:1082B000EFF0DFFBAA8405E9930769269C2393F777
:1082C000F70F81CF93074C7A9C43238C493F23AE11
:1082D0000A3E23127B7923A8FC26130540067D1451
:1082E000EF20A03071F426856F709FE5EF72DFE11B
:1082F000B72400209384047B0111AE942AC63289EE
:10830000B6893A8A8024EFA0DFF43245B7CA00006C
:10831000314BEFA05FC9A94B6368240563F3890063
:108320004A8480A4EFA0BFCD93854A0F0545EFE0B6
:108330005FB7B3676403A30E01008DEB93070003DF
:10834000230EF10011453C083E95EFA0DFC5528594
:10835000EFA07FC5EFF07FF329C58947631BF502C6
:1083600005041374F40F4DBF4E8465BFC207C1836B
:10837000380815452546B3F677037D151375F50FB7
:108380009386060354A3E370F6FC7D17854765F5D5
:108390005DBF91476314F5007D14E1B78547E31D88
:1083A000F5F605616F70DFD9EF721FD669712E8403
:1083B00013090101B7C50000AA84938545ED4A85DC
:1083C000328AEFE06F833DE993091003930A20039B
:1083D000130B3003930B6006130600100C184A852C
:1083E000EFD03F8209E54A85EF900FA881A8830767
:1083F00001039305D103638B370163875701E39D25
:1084000067FD9305910319A0930551048387050027
:10841000E1D7639477019505D5BF6396F40285058E
:108420000D460A85EF3050054A85A3010100EF9003
:10843000AFA30C180A85EFE05F9301C98544268538
:1084400055616F70FFCF9105D1B783478103C18B11
:10845000F5D7EFA01FE02285EFA0FFB4B7290020D9
:108460009387097BD29780279389097B930A4006DB
:10847000130B1102B7CB000037CC0000B7CC0000C3
:1084800063E78A0A45C8094D93850B6128004AC4F1
:108490005AC623080100EF90FFFF0D46A285280071
:1084A000EF903FF8CA850545EFE0BF9F1C183EC41A
:1084B0008A859307F10628003EC623080102EF9043
:1084C0007FFD9305F0022800EF903FF41146A2854E
:1084D0002800EF901FF5280093054CECEF909FFBD0
:1084E0000818EFE0BF9329E91C183EC48A8593075A
:1084F000F10628003EC623080102EF90BFF993055C
:10850000F0022800EF907FF01146A2852800EF903E
:108510005FF128009385CCECEF90DFF70818EFE0CF
:10852000FF8F19E985476303F4060544B1BF1304BF
:10853000400691BF054481BF0818EFF07FCEEFF0F1
:10854000DFD4AA8409C98547631EF500D299238424
:108550008900EFA0DFAAEFE03FAF13054006EF2050
:10856000C008F1BD631AA501630554010504137425
:10857000F40FEFE07FAD29B71147E31CE5FE63156B
:10858000F400EFE07FAC09B77D14D5B78544E1B7BF
:10859000EF729FB785470111AA896317F50E48004E
:1085A000EFA02FF711C501494A8505616F705FB9CA
:1085B00000838482EFA0FFC985476396F90E37C513
:1085C000000013050562370A0020130A8A00EFA095
:1085D0009F9D03490A00B7CA0000B7CB000013658E
:1085E0002900EFA0BFBF136539002300AA0037CAD6
:1085F0000000EFA0BFBE0149130B4101130CF101B4
:10860000130A8A61938ACA6193858B640545EFE0FA
:108610005F89B14763F6870A930544FF93F5F50F29
:10862000094668005AC662C8230A0100EF907FDF3E
:108630009305A0036800EF905FDD0946A6856800FA
:10864000EF903FDE930500026800EF901FDCAD471E
:10865000D28563F38700D6856800EF90BFE35A8523
:10866000EFA07F940D456303090019451305050428
:1086700013650508EFA09FB6EFF03FC131E5EFA00D
:108680009FBBEFA09FB905B7B72700200947938785
:10869000077B6315E500E02FE43F29BF03C4070211
:1086A00083C4170201BF89476397F90037C50000EB
:1086B0001305C56209BF37C500001305856321B7DF
:1086C000A28539FCB145A9BF85476316F500630A49
:1086D000A904054915BF894763170902631FF500FF
:1086E00005041374F40FDD4763F387000144930717
:1086F000B003E3FB97F0814401BF9147E315F5FE1A
:1087000019CC7D14F9BF6316F500850493F4F40FBA
:10871000D9BF9147E319F5FCB5C8FD14C5BF5D4449
:10872000F9B7EFA05FB1EFA05FAF639A29034800EC
:10873000EFA02FDEE31905E648004083C482EFA0D6
:108740004FBB0505C8834800EFA04FC9373500204F
:108750001D464C0013058527EF30E03FB1B5372AA1
:1087600000208947130A0A7B639BF900230F8A00C4
:10877000EFA0FF88A30F9A00EFA07F8835B52300F4
:108780008A02EFA0DF87A3009A02FDB7DD479304BA
:10879000B003E3FB87E6014485BDEF72DF97372422
:1087A00000201304047B41112E942AC60424EFA058
:1087B0005FAA324537C90000B7C90000EFA0AFFE7D
:1087C0001309496593898965CA8591E0CE85054578
:1087D000EFE02FEDEFF07FAB05C19307E5FF93F7D7
:1087E000D70F81EB93B414002AC604A4EFA03F81F5
:1087F00032458547E31AF5FC41016F701F95B707B5
:10880000002093870701D8231377F70FD8B3375782
:108810004648130747C598C3B707EFBE37E700E0E0
:10882000938707083CC701A001A0EF72DF8EB7292C
:1088300000209387497A9843B737002083C6773F53
:108840003739002041119389497A9387773F13097B
:10885000C92681CA83260900158F9306703E63FBE3
:10886000E608054798A3B72700209387077BE42FE6
:1088700083CAF70103C4070203CA1702DD4763F383
:10888000970081449307B00363F35701814ADD47A2
:1088900063F3870001449307B00363F34701014A80
:1088A0002800EFA00FC739E110859306C003338776
:1088B000D402B307D40256973306D6029484D297D3
:1088C00036966378F7008146636AE600B336F600B1
:1088D00031A063F4E7028546E36AE6FE93F7F60FFC
:1088E00089CFB7170140054723A8E7C083A7090030
:1088F0002320F90041016F705F85B71701400547DC
:1089000023AAE7C0E5B7EF72BF820545EF809FCB92
:10891000EFF0BFF1B727002003A7477AB737002051
:1089200083A7C73F81CB63F7E700B73700208546B1
:10893000A38CD73EB727002003D647781DCEB73784
:108940000020938707279443B306D74063E7C60206
:1089500098C3EFA0CFE6B737002083C7873FE98FE2
:1089600089CFB737002093874727982311E388A33F
:10897000B73700200547A38CE73E6F70AFFD054871
:108980006377B8007D5582807D556F700FFC9387AB
:10899000F6FF1305F023E367F5FE93070048B3875E
:1089A000F5023735002013054596AA97E31CF6FC1F
:1089B000EF726FF63A892E8449C3E31707FD93944B
:1089C0000601C180B709002099471375F40F9389F8
:1089D0000901A6852382F900EF809FD1B7370020D7
:1089E000131714009387073FB7350020BA97938574
:1089F000453F86A32E94230024019D4701452382F1
:108A0000F900EF805FDF014549B7FD14C204C18062
:108A1000A5DCEFF05FEF1C201307993F93F7F70FEA
:108A200089C71C2393F7F70FEDD308231375F50FB0
:108A30003335A0003305A04089BFB73500209385AA
:108A4000453F9304501F2E9437390020E9B7B737BC
:108A50000020938747269823E3090720EF724FEA07
:108A6000372C0020197123800700B70900209307D5
:108A70004C483ED69384090185479385C18188106F
:108A8000DCA002DAEFD05F97938709013EC2130999
:108A90004C4811C923820400B737002023830726DE
:108AA00009616F70AFE99305E0021385C181EF3072
:108AB000E01E814429C18306150095CE03072500D9
:108AC0001DCB8307350085CB030645000DE693F6E5
:108AD000F6FD13065004639EC6001377F7FD930658
:108AE000E0046318D70093F7F7FD9387D7FB93B49F
:108AF000170093F4F40FB73700209387074023A89B
:108B0000070023A0070023A2070023A4070023A631
:108B100007008145881084ABEF90DFF001C9881011
:108B2000EF809FB4924723820700BDB7D400294647
:108B300093054C488810EFC09FF875F196458D4716
:108B4000E3FFB7FC91C4014613054C48EF809FDA60
:108B50001645A9476311F52A0347090093079004B6
:108B6000631BF72803471900930740046315F72890
:108B70000347290093073003631FF72699472947C6
:108B8000B306F90083860600E3CB06F88507E39970
:108B9000E7FE834769003707E00FB7C61F00D60717
:108BA000F98F034779003A07758FD98F03478900FA
:108BB0009166938606F81E07758F8346990093F693
:108BC000F6073697BA970347590013844701418B3C
:108BD00019E31384A700B657E3E387F48549A28518
:108BE0008810EF903FE405FDB3E99900638A09021C
:108BF000D400114693054C488810EFC05FEC05F196
:108C000016479147E31DF7F099C422869145130555
:108C10004C48EF803FCE1645EF70AFF5E30105F00D
:108C2000A2858810EF901FE0E31B05EE03A70186E5
:108C3000938701863EC8E31407EE424785479305B4
:108C4000407E138541861CC3EF900FBE138441867E
:108C500093878137373D00201CC0B73C0020930725
:108C60004D345CC0B71B002093870C2A1CC493872B
:108C7000CBDE5CC4B71A0020938781041CC8373A46
:108C8000002093874A6F5CC89305800393074A418D
:108C9000138581371CCCEF902FB913054D34930504
:108CA000800AEF906FB813850C2A9305000AEF90A5
:108CB000AFB70564930584901385CBDEEF90CFB6F4
:108CC0001385810493050033EF900FB6930504D903
:108CD00013854A6FEF904FB59305441013054A4131
:108CE000EF908FB4B72700207D572385E77A8966F8
:108CF000239BD180B747002023AC0750239E0184DB
:108D0000239C0180373D0020238C015C373B0020F1
:108D100093079D3F2380070093074B3FA3800700E5
:108D200023800700B70700209386A7009387A7003A
:108D30003ECAB7370020B70D002037340020938794
:108D4000E73E98A2014A814B814C814A130D9D3F19
:108D5000130B4B3F938D0D01130404403ECC83470E
:108D60000D0093F7F70F6395071C639C0A04D25715
:108D70001307002A6367F7049246B2553E860947F7
:108D800013054C48D8A23EC4EF201068A247130632
:108D9000003014181D8EB305F9008810D65AEFC0A4
:108DA0001FD26317051899C45255C25556864A9565
:108DB000EF805FB4C25AD2574AD6D6973EDA93BAFA
:108DC0001A00D2570D476375F71692461385F7FFC1
:108DD0001308F00FD8A2B25601479308000FB685CA
:108DE0006343A70263960A14F517B6973ED68D47DC
:108DF0003EDA814AADB789C4EF70AFD7E30105D23F
:108E000081490144E9BB9021631706019031137633
:108E1000060F6307166105078505D9B785052ED6A8
:108E2000FD173EDAE38D0AF2D25795FB11A2B25735
:108E300085073ED6D257EDB796474167130707A07F
:108E40006387E7007D6713070740639AE7601307AE
:108E50000009B387E7022167130707D033D7E7027A
:108E6000BC228583858BBA97416763FAE75E1397C7
:108E7000070141833AC66384075E32479307003097
:108E800063E8E70A9307501F03470B001377F70FB8
:108E900063820C0811C703470D001377F70F35C322
:108EA00083470D0093F7F70FC1E7930760F963015C
:108EB000FA085257B25781463AC411472382ED004F
:108EC0003ECE63860C00B79600009386E697501856
:108ED0006C1013854186EFA00FB97D572A8AF2479F
:108EE0006313E504639E0A102247A2463ED63ADA8F
:108EF00013070030E39FE6EE85073ED69307F02F79
:108F0000C5BDFD17C207C1833EC499CBEFF0BF9F1B
:108F1000A2479DBF49F303471B001377F70F9DBF7F
:108F2000130A60F9B5BF4D576318E50C83470D0070
:108F30001304501F9304F00F83470D0093F7F70FAE
:108F40008DE383470B0093F7F70F6393074C834739
:108F50001B0093F7F70F639D074AD2479C23639941
:108F6000F44AB7060240DC4E41677917F98FDCCE30
:108F7000B7070040DA27B73601409305407E420725
:108F80004183799B42074183DAA779579AABDA2765
:108F900013854186420741831377F7EF42074183E8
:108FA000DAA79A2342074183799B420741839AA318
:108FB00093070008239AF6C283D706C05247C20718
:108FC000C183F99BC207C1832390F6C083D746C4EF
:108FD000C607C5832392F6C4FD571CA3B7370020EC
:108FE0002386073EA3000B0023000B00EF90CF83E6
:108FF000C24723A0070025B679576309E54005C598
:1090000063880C00850B93FBFB0F1D47E36277F32E
:109010003257E399E7E052576306074485077D1707
:109020003ED63ADA01B5CC0013854186EF805F8FDA
:1090300066478D47E31EF7EE764AE31B0AEE464786
:10904000C147E317F7EE26478547E313F7EE3647A8
:10905000A167938707D0E31DF7EC564793070048B5
:10906000E318F7EC1647C167938707A06307F7007B
:10907000FD6793870740E31DF7EA63940C32954739
:109080002382FD00B707002003A74700B7E7B80514
:1090900093870780E31EF7E8B7170240D84393068B
:1090A000004013770770E315D7E80567130687BB01
:1090B000B7360020B73B002023AAC6289386CB29C9
:1090C00023A00600A16637360020938606D0232C05
:1090D000D628B736002023A80628944F13065780B9
:1090E00013070780D18E94CFD44F4166791693E64B
:1090F0001600D4CFD44B938BCB2993E61600D4CB58
:10910000D447558FD8C7D847FD769386F67F758F9D
:10911000D8C7984B1367170098CB984B799B98CB7F
:10912000B7070240D44FF18ED4CF23AE070023A05F
:10913000070223A2070223A40702D8431367070FDD
:10914000D8C337270240145BB70701403707000F29
:10915000DC43758F01EB13D71700F976CE07758FB7
:10916000CD83D98F3707000F93F7F7F3D98F3707E0
:1091700001405CC393070010231CF1023715014026
:10918000E147BEC02C188D47130505803EDEEF90E9
:10919000AF9837370140835607C0930707C005468D
:1091A000C206C18293F6F6C8C206C1822310D7C098
:1091B0009306F00FD6B72394070223980702D2AB89
:1091C0009633C206C182F99AC206C18296B396331B
:1091D000CA238E2FC20642054181C2051375F5CF01
:1091E000C181420593F5C5F84181CAA393E50506FF
:1091F000C1828EAFC59A93050008CEBB93E61600D8
:1092000096B3962FA165C206C182DD9A93E68600C9
:1092100096AF835607C093E606082310D7C083D6BF
:109220004704CD8E2392D704835707C093860181CC
:1092300093E717002310F7C0B70700409A234207AF
:1092400041831377F7C8420741839AA30567130741
:1092500077BBDAB723940702D2AB9A234207418344
:109260001377F7F7420741839AA379579AABDA2726
:1092700013670710DAA783A70B0085C798428547B5
:109280006316F700B7E700E023860742B7E700E080
:10929000056723A2E710370700405E2793E7170012
:1092A0005EA7624793070008E1751EA3B707024057
:1092B000D84FBD056D8F8965938505534D8FD8CFE8
:1092C0001307000298D337370140130747C3D8D399
:1092D000624798D7D84F13672700D8CF9842854761
:1092E0006318F700B7E700E0130700F8238EE740A4
:1092F000B7E700E03707001023A0E710B70700200A
:109300007D572385E700B737002005472386E73ED2
:10931000370702405C4F93E717005CCF37070040E8
:109320001E2393E717001EA3B6471CC096475CC0D8
:10933000B2471EA4D6473EA4C6475CA4A6475CB469
:10934000E6477CA4F6477CB4D6459307004863956E
:10935000F508814BE3980CAC99479305002401452F
:109360002382FD00EF80CFB8930500240545EF80F0
:109370002FB8B73700209387073F13070024BAA3FD
:109380009AA3B73700209387473F054798B398A320
:109390009D4701452382FD00814BEF80CFC5854C61
:1093A00051B41840A167938707D0E313F7B8582446
:1093B000C147E31FF7B658348547E31BF7B6782457
:1093C0008D47E317F7B67C34E39407B63A24930746
:1093D0000048E30BF7F6A9BE9387F5FF1307F023C8
:1093E000E368F7B4C2059947C18101452382FD00B6
:1093F000EF800FB003574105B73700202398E73EB1
:10940000B73700200547238AE73E59B7814B19BC7F
:109410007D1442044180E30604B4EFF0CFCE29BEB0
:10942000998F2ED63EDAB8318D461983E318D79E30
:10943000138541863AC4EF805FC0FD57E309F59E6E
:109440009387418683A7C77C2247E392E79ECC009F
:1094500013854186EF80CFCCB256E39F069C8506EC
:1094600036D6C9BAE3960AACDDB88280EF625FC92E
:1094700093870181054798C3371702405C43B706BD
:1094800000201146B18B3571938901819386460086
:109490006385C7002146638EC720B7177A0093877C
:1094A00007209CC2371602405C42804237150140BB
:1094B000918313F7F700B1679387C7DFBA979C23AF
:1094C000372700208C003354F400B7177A009387B5
:1094D0000720B357F40280C21305058093F7F70FF6
:1094E0002307F77A1307803EB387E7023727002068
:1094F0002316F77A1C4E11671107D98F1CCE9307DC
:1095000000202310F1048D47BEC2E147BEC4EF80A6
:10951000BFE0B747014083D6078175777D17758F08
:109520002398E78083D6C7807D771307379F758F91
:10953000136787002396E78003D747818810420787
:1095400041831377F7CF42074183239AE780EF8067
:10955000DFD0B657654537160700B335F5028146AB
:10956000130606803305F502EF102023930640060C
:109570003357D502120793574700B387F6021D8D64
:1095800093174500138527039307F06363F8A71625
:10959000130507014205B747014041812394A78085
:1095A00003D7C7808966B7140140558F2396E7809B
:1095B000371702401C4F8C10138504C093E78700B7
:1095C0001CCFE17793C707D02310F106C147BED463
:1095D0008D47BED2EF805FD4A167938707D023AABF
:1095E000F4C05145EF701FFE896723AAF4C00D45F2
:1095F000EF90FF8F1545EF70FFFC0D45EF903F8F0B
:1096000013056009EF70BFFF0D45EF905F8E1305E6
:109610006009EF70DFFE0945EF907F8D130560094B
:10962000EF70FFFD13058002EF905FBB3145EF90B7
:10963000FFBA1945EF909FBA0545EF903FBA09452B
:10964000EF705FF813050008EF905FB91305000590
:109650003169EF90BFB881441309C964214AB30747
:109660009900038507008504EF901F91E39944FF5B
:1096700013050008EF909FB6B7E7B80593870780FA
:109680006302F408EF90FFBC37C500001305C5075F
:10969000EF907F911305000CEF905FB437C5000089
:1096A00013058508EF903F901305401FEF709FF161
:1096B000E5BF5C4358434166C983BD8B718F890701
:1096C00045466393C700C94701EF37470240032768
:1096D0000780418B09CF37177A001307072021A88D
:1096E0003717024058431316E700E35606FE3717B4
:1096F0003D0013070790B387E70265B33355D502E2
:10970000598D49BD371402401C4CB71401401385D4
:10971000048093E747001CCC9D472310F1060D49B8
:10972000930780048C10BED4CAD2EF80FFBEB70767
:1097300000207D57A384E700B7370020238A07263F
:109740001C4C37072000138504C093E787001CCC0E
:109750005C4C8C00B7540040D98F5CCC9307000C54
:109760002310F104F147BEC4CAC2EF80FFBA93844C
:1097700004408810C220EF805FAE2657B7470F0025
:1097800093870724B357F70242044180137404FC03
:109790004204B786930341809386F66FC207C18364
:1097A0005D8C63F4E6009307C00337560040C2A007
:1097B00083560640C206C182F99AC206C1822310AE
:1097C000D640B7160300938606D43357D702914686
:1097D0006373D70011478507C20737540040C18320
:1097E00042072310F4424183231EE4408357044080
:1097F00037170240B714014093E717002310F440D5
:1098000083570440138504808C10C207C18393F7EB
:1098100057BF93E707402310F44091672314F440A7
:109820008357044093E717002310F44023110106E7
:109830001C4F93E7C7001CCFC147BED48947BED297
:10984000A1472310F106EF803FAD214723AAE48012
:1098500085478C10138504C02310F106EF80DFAB21
:10986000854723AAF4C013054006EF70BFD537C55E
:10987000000013054509EF900FF383570440B70428
:109880000300850493E707102310F4406164130478
:10989000146A2685EF60FFA84DC5B757004013072F
:1098A000000D6164B70407002398E7401304146AAD
:1098B000938424082685EF60DFA65DCDEF90EFB09E
:1098C000B73400201385842737240020EF906FC41D
:1098D0008347847A1304847AD5E7B7C70000938757
:1098E000470F1387013B88103ED23AD4BED0EF70A9
:1098F0003FD9634B05021387818093162500369765
:1099000010439387818009C62320070023000600A7
:10991000225711C708B323000700B69798C32C102D
:109920004810EFC04FC529CDEF90BF9237C500005A
:109930001305C50BEF902FE71305401FEF709FC86D
:10994000E5BF7D1439F4EF904FA8EF909F9037C595
:1099500000001305050AEF900FE51305000CEF90CA
:10996000FF8737C500001305C50AEF90CFE3130545
:10997000401FEF703FC5E5BF7D14E31D04F2E1B762
:1099800085471CA0372400201305047B1306000F15
:109990009305F00F2105EF60AFFC372700209D47AE
:1099A000B73600202328F7783168B70701082390DD
:1099B00006349387878F01439D487D5A01461304DF
:1099C000047B372500201389063413070779130811
:1099D00078EEA14E83D687F0138E87F06398060346
:1099E000035F4E00938507F1814683CF050085050F
:1099F000FE96C206C182E39AB7FE6319DF00835662
:109A00002E006355DA00B288368A0543050693872F
:109A10000710E311D6FD6304030023201701FD574F
:109A20006302FA020C43B70708009387870FBE95BD
:109A3000A2051306000FA1051305857BEF20A011D9
:109A4000231049018145130600048810EF604FF18F
:109A5000B7C500009385C50C8800EFC0FF99631857
:109A6000051E130600048C108800EFC08F99B747BD
:109A700000209387C751B7C5000013876704238070
:109A800007009385C50D48183EDA3ADC1309010634
:109A9000EF805FA0130A11098305090099C5050924
:109AA0004818EF809F96E31949FFB7C500009385DA
:109AB000050F4818EF801F9E130600028C108800C7
:109AC000EFC02F94372A00208810EF80DF9F130902
:109AD0004A79130600028C102320A9008800EFC0E9
:109AE0004F928810EF803F9E2322A90013060002A8
:109AF0008C108800EFC0EF909010130A4A799306FB
:109B000000022547830706006383D7066381E706C3
:109B10001307B002639FE70405060549B287814A2F
:109B2000A546294883850700138705FD1375F70FA0
:109B300063F9A6041307A0036391E53A850793052B
:109B40000002A546038707006302B7046300D70439
:109B5000130707FD1377F70F63FBE6363285EF80B7
:109B60009F962AC64A85EF10B05CB24571A00506E3
:109B700051BF1307D0020549E392E7FA05067D5964
:109B800071BFB38A0A038507BA9A69BF85075DBFAB
:109B90003305050385073A9503870700130707FD7B
:109BA0009375F70FE3F6B6FE1307B003E348A7FA81
:109BB00093050002A54603870700630EB730630CC8
:109BC000D73009C79307A003E31AF7F8EF105056F0
:109BD000B7C7000083A5076FEF10E02B2A8B5685CF
:109BE000EF101055AA855A85EF005074AA8A4A854D
:109BF000EF101054AA855685EF10E06B1306000293
:109C00008C102324AA008800EFB0BFFF8810EF80DB
:109C1000BFB02326AA00130600028C108800EFB004
:109C20005FFE37350020130945947D468C101305DF
:109C30004594EF2060048307010699C78810EF2040
:109C400080024A95A30F05FE8800EF70FFA1B73789
:109C500000202383072637290020B73700202382DE
:109C600007269307497A23A00700B7170240D84F69
:109C7000B70600401309497A13672700D8CF984BDD
:109C80001367270098CB984B759B98CB83D70640DA
:109C9000C207C18393F7F7C8C207C1832390F64078
:109CA0009307703E2396F6429307F0052394F642FD
:109CB0008547239AF640F9572398F64083D7C64044
:109CC00093E717002396F64003A70900854763171B
:109CD000F700B7E700E00157A386E742B7E700E0E7
:109CE000096723A2E7103707004083570740B73CB6
:109CF0000020372A002093E717002310F740938BAA
:109D00000C28130A0A7BEFE09FD4EFE01FB237372D
:109D100000208346673F832709001307673F89CAEE
:109D2000B726002083A68678958FCD4663FAF66C19
:109D300085471CA3EFE08FD393774500AA89A1C381
:109D40007C2895CFEFE06FD4118915C9834A54015F
:109D500013BB1A005A85EFB05FF0A30A6401EF90BD
:109D60000FAAEF900FCF638C0A2437C500001305AC
:109D70000506EF904FA31305007DEF00100793F742
:109D80002900A1CBEFE06FD0098921C5EF906FCCFE
:109D900037C500001305C539EF90EFA00545EFB0BA
:109DA000DFEB13054006EF00500437C50000054601
:109DB00081451305850FEF00100613371500B737DF
:109DC0000020A382E72611C5EFD00FA80145EFB010
:109DD000DFE813F51900630C0540EFE00FCB854772
:109DE0006317F540EFB07FE7630D0520B7C50000AE
:109DF00051469385051013052006EFE0EFDA630264
:109E00000520B7C5000055469385C51013053007DA
:109E1000EFE08FD96307051E0145EFB01FE4630231
:109E2000051E37C50000C1451305C511EFE0FF96BB
:109E30006309051C1C2C638907180545EFE04FF5E5
:109E40006301051C8810EF80DFEC631C051AEF909E
:109E50004FC037C50000B70A0020938A8A00130557
:109E6000C514EF904F9483C90A00814D37CC000090
:109E700013E52900EF908FB613E539002380AA007F
:109E8000254BEF90AFB5894A91496D4D93058C6490
:109E90000545EFD00F818810EF809FCBEF90AF90FA
:109EA0000D4563870D00854719456383FD002545F2
:109EB0001305050413650508EF904FB2EFE0EFBC02
:109EC00063150514EF902FB7EF902FB51DAA01452C
:109ED000A5462948D1B18507F9B913F7F5FD9306D1
:109EE00080046313D7021387170013080002254567
:109EF00083060700638E0607638CA606938606FD1D
:109F000093F6F60F6373D50AF5991307C002E3972A
:109F1000E5C4E375F6C4838617002547938606FDDE
:109F200093F5F60FE36CB7C203852700130505FD13
:109F30009375F50FE364B7C229473387E6029306AA
:109F4000B0032A97E3CCE6C08D0793060003838510
:109F500007006382D50613050002A5458386070026
:109F6000638DA604638BB604E39A06BE3A85B9B93D
:109F70000507BDBF33056502050736958306070053
:109F8000938606FD93F8F60FE37618FF9306B00369
:109F9000E3CCA6F693080002254883060700638AEF
:109FA000160163880601ADF215B101452548294324
:109FB000F1B70507DDB7850759BF850745B737C531
:109FC00000001305850575B337C7000037C50000CD
:109FD00013078761A5460D46C5451305C512EFE079
:109FE000EFB005C137C7000037C500001307C761D0
:109FF000DD464546C9451305C513EFE02FAFE31E07
:10A0000005E20145EFB07FC5F9AA85466312D50880
:10A01000850D93FDFD0F63F1BA51EF90CFA1EF9045
:10A02000CF9F0945EFE0CFD669DD0D45EFE04FD674
:10A0300069D937C50000B94513058515EFE0EFF57F
:10A0400069D1B7C50000938585168800EFC0CFBAE7
:10A05000631B0518EF90EF9F37C5000013054517E8
:10A06000EF807FF4B7C7000037CB0000814A9385AB
:10A070008765130B4B65938987650545EFC07FE2C4
:10A08000EFE0AFA0631005128800EF70EFDD95BF21
:10A0900063940D0683474106631555058507230222
:10A0A000F10683464106FD4763F5D7008547230245
:10A0B000F106834751060346610693F6D70F638482
:10A0C0003601639C660783454106F94663F7B60689
:10A0D0002302D106B14663FBF6088547A302F106C9
:10A0E00071A0E31035FD7D4663F5F600FD1713F60C
:10A0F000F70F2302C10675B76393DD42631855015C
:10A10000834751068507A302F10661BFE31B35F9BA
:10A1100083475106B14663F5FD00FD1793F6F70F2F
:10A12000A302D106BDBFE31E35F7BE8663F3A701C8
:10A13000ED46FD162303D106ADB7E39D57F98346DF
:10A140004106F14763F4D7029307067D93F6370083
:10A1500091E693064006B3E6D70289EA9306001912
:10A16000B3E7D70281C7F1472302F1069307200323
:10A1700063F5C700E9472303F1068810EF807F9756
:10A180000505A301A1068810EF805FA51D468C1070
:10A1900013858427EF10301CD5B9DA85E39F0AECCC
:10A1A000CE85E1BD9307E5FF93F7D70F99E393CAF7
:10A1B0001A008547E313F5FEB7C700009387C7066B
:10A1C0003EC8B7C70000938747073ECA638A0A00A4
:10A1D000130600048C108800EFB0BFA2631F050CAB
:10A1E0008800EF706FC8EF900F85EF900F83B7373F
:10A1F000002003A7872683260900B73A002013060C
:10A2000070253387E64003CB5A2693878726938AA7
:10A210005A266364E600630F0B1C13858427B73945
:10A22000002094C393898927EF80BFAE63140B028B
:10A2300003C70900894763EEE7165C38639B07167E
:10A240001C2C89EB83C72900183C63E4E716382CE3
:10A250006361F716B7C50000938545188810EFC0F5
:10A26000AF9929E583C569009307D10309466810B2
:10A27000130B41033ED85AD6230A0102EF806F9A8E
:10A2800083C5590009466810EF80AF9983C549001E
:10A2900009466810EF80EF9841468C008810EFB0B7
:10A2A0005F966318050E8810EF700FBCB72700206B
:10A2B00023860778EFD0DFE2DDA89147E3F8A7F027
:10A2C0009305A0038810EF109018AA89E30005F009
:10A2D000230005008810EF802FC4138D1900137B15
:10A2E000F50F6A85EF103018C14763F4A700A38803
:10A2F00009009306400613573B00937D7B00014CF9
:10A3000063E96601B307EA009C27B3D7B74113FCA2
:10A3100017003ACCEF80FFF36A858549EF80BFC80C
:10A32000B399B901E209624793D9894193C7F9FF0B
:10A330003EC6930D4006330DEA00C24563130C0080
:10A34000D2450545EFC0FFB5EFD03FF4E30E05D28F
:10A350009306E5FF93F6D60F85E613461C0063E8E7
:10A360006D0383068D0063110C02B3E6360132CE15
:10A370002ACC2304DD00EF809FC872466245328CF0
:10A380008546E31CD5FA99B5B247FD8ECDB7328C20
:10A39000C5BFDA858800EF503FE7E31F05EE881060
:10A3A000EF708FACB727002005472386E77823801E
:10A3B0000A00B72700201305000883CAC778EF807A
:10A3C000FFE15C38B1C3B7C5000001459385850541
:10A3D000EFC03FAD0545EFB05F8863890A0A83C7C8
:10A3E0000900858BC5C7B7C50000938505190545CC
:10A3F000EFC03FAB03270900B727002023A4E7786D
:10A400000545E5226FF03F9013050008EF801FDD42
:10A41000B74D0020014B414DB726002013066004C4
:10A42000938DCD5185453548A94883C7967A1387C2
:10A43000967ADA97634FF600EE9703850700930745
:10A44000150093F7F70F63F6F50063040501631732
:10A45000150103850D0023000700014BEF80DFB1DC
:10A460007D1D050BB7260020137DFD0F137BFB0F11
:10A47000130660041387967A85453548A948E31684
:10A480000DFA1C23014585071CA3B1B71305000C69
:10A49000EF80DFD4B737002083C529009387F728E2
:10A4A000BED2DED023800B00B14763FFB704D115C5
:10A4B00093F5F50F09468810EF70BFF69305A003DA
:10A4C0008810EF709FF483C5190009468810EF705B
:10A4D0005FF503C72900AD4763FBE702B7C500007E
:10A4E0009385C5618810EF70FFFA13850C28EF8003
:10A4F0009FAB13050002EF803FA813858427EF80F0
:10A500002FE5EF805FAAFDB5D5F5B14565B7B7C5B5
:10A51000000093858561F9B7E385ADB8894D834720
:10A520006106E31255C185072303F1069DBEEF5274
:10A530003FC0411132C62E84AA84EF10403908C0B2
:10A54000EF10003FAA852685EF00F07FB7C7000017
:10A5500083A5076FEF003056B7C7000083A5C7E19A
:10A56000F123EF10C0369307B003324663CCA70047
:10A5700008C21C405D476354F700A1171CC041018D
:10A580006F505FBD130545FC08C21C4085071CC009
:10A59000CDB79377F50F138507FD1375F50F254795
:10A5A000637DA7001387F7F91377F70F954663E7E5
:10A5B000E600938797FA13F5F70F82801387F7FB6E
:10A5C0001377F70F0145E3EAE6FE938797FCE5B7BB
:10A5D00083070500294703051500938707FDB38707
:10A5E000E702130505FD3E958280EF527FB4B72741
:10A5F000002083A4477A41113E842AC6EFE02FC58C
:10A60000EFE0AFA28327447A3245858FE3E7A7FEC8
:10A6100041016F503FB4EF523FAF3971AE898A8527
:10A620003284EFC0FF8141CD373A0020894BB73AE1
:10A630000020372B0020294C3729002041C00A85F3
:10A64000EFD01FBE8327497AB7C50000B73400207A
:10A650009385450F0545230C7A3F23AE3A3F2312DD
:10A660008B7923A8F426B73C0020EFC09F8383C7D3
:10A670006C2693F7F70F99EF8327497A7D141374AB
:10A68000F40F230C0A3E23AE0A3E23120B7823A8B4
:10A69000F4266DB7EFE0AFBB638609028327497AE2
:10A6A00063F2F902EFC05F9A8327497A230C0A3ECE
:10A6B00023AE0A3E23120B7823A8F4260545216118
:10A6C0006F501FA8EFD09FBA098919C1EFC0DF975B
:10A6D0002945EFF09FF161BFB707004083D60741DE
:10A6E00003D7C74093870740858A4207418381CEBD
:10A6F000058B11CB79579AAB372700208327477AF0
:10A7000085072322F77A7300203001A09761FF1F8D
:10A710009381411017B1FF1F1301C18E175500001F
:10A720001305C5B89765FF1F9385C58D1766FF1F75
:10A730001306468E63FAC5008322050023A0550048
:10A7400011059105E3EAC5FE1385818097A5FF1FDA
:10A75000938585E16377B500232005001105E36D3E
:10A76000B5FEFD42739002BC8D427390428093020D
:10A770008008739002309762FFFF9382E28893E231
:10A78000320073905230EFC0BF8197F2FFFF938287
:10A7900022CE7390123473002030B687B2882A8399
:10A7A0002E88639B061463F8C50A4167636BE61A3B
:10A7B000B70700016360F63493568601E1471757E7
:10A7C00000001307A79E36971823BA9713070002B5
:10A7D0001D8F19CB3398E500B357F500B318E60089
:10A7E00033E807013313E50013D608013355C802D7
:10A7F00093960801C182935703013377C802B3854A
:10A80000A60242073368F700637AB80046989307B8
:10A81000F5FF636418016365B8303E853308B840BE
:10A820003357C8024203135303013378C802B38677
:10A83000E602420833686800637BD80046989307B5
:10A84000F7FF6365180179176363D8003E874205F7
:10A85000598D8145828001E60547B358C70241679B
:10A8600063E8E80EB707000163EAF82893D6880189
:10A87000E147175700001307679336971423BE96D6
:10A8800093070002958FFDE7939E080133871541DA
:10A8900013DF080193DE0E018545935703013355FD
:10A8A000E7033377E703B306D5034207D98F63FA8B
:10A8B000D700C6971307F5FF63E4170163E5D726B2
:10A8C0003A85958F33D7E703420313530301B3F758
:10A8D000E703B30ED703C207B3E7670063FBD701F3
:10A8E000C6979306F7FF63E51701791763E3D7016E
:10A8F00036874205598D828063E1D504C16763E1E3
:10A90000F604B707000163E3F61E13D7860161481A
:10A910009757000093878789BA979823130E0002F0
:10A920004297330EEE40631A0E0C63EDB61C3335BE
:10A93000C50013451500814582808145014582800F
:10A940009307F00F63F3D71C13D786002148C9B7CC
:10A950001307F00FC686E37E17F193D68800A14750
:10A9600009BF1307F00FB286E37BC7E49356860056
:10A97000A147B1B5B398F80033D6D50013DF08016D
:10A98000335EE6033397F500B356D500558F939E9B
:10A99000080193DE0E013313F50093550701B376DA
:10A9A000E603B387CE03C206CD8E63FBF600C696E0
:10A9B0001306FEFF63E4161763F2F616791EC696B9
:10A9C0009D8E33D6E60393170701C183B3F6E603E2
:10A9D0003385CE02139706015D8F637BA7004697F0
:10A9E0009307F6FF636817136376A71279164697E5
:10A9F00093150E01098FD18D4DB5B357E600B3966F
:10AA0000C601DD8E33D3E50013DF0601B357E30340
:10AA1000939E060193DE0E013398C5013357E5007E
:10AA200033680701935808013316C6013373E303F3
:10AA3000B385FE024203B368130163FBB800B69806
:10AA40001387F7FF63EAD80C63F8B80CF917B698C8
:10AA5000B388B84033D7E803420813580801B3F865
:10AA6000E8033383EE02C208B3E5080163FB650027
:10AA7000B6951308F7FF63EDD50863FB65087917F2
:10AA8000B695C207416FD98F1307FFFFB3F6E700F2
:10AA900093D80701718F4182B38EE602B38565407A
:10AAA000B386C60213D80E013387E802BA96C2965F
:10AAB0003386C80263F3E6007A9693D80601469679
:10AAC00063E2C5026385C5003E858145828041679A
:10AAD0007D17F98EC206B3FEEE003315C501F6965A
:10AAE000E374D5FE1385F7FF8145828013D70601F5
:10AAF000414839BD93560601C147D1B193D60801EB
:10AB0000C14785BB8145054582803687014809B527
:10AB1000428785BF3E86E9BDBA871DBF328E4DB5DF
:10AB200079154698E5B97915C69761BB4111370784
:10AB300080007D1713D8750126C2935475013373B5
:10AB4000A70093F4F40FB376B7004AC01378F80F58
:10AB50001359F50106C622C4FD819A8726854A86C7
:10AB6000131E3300939E3600B3880441630AB90E66
:10AB70006350100D630408149307F00F638BF414F3
:10AB8000B7070004B3EEFE00ED4763C11729930732
:10AB90000002B3871741B397FE00B3D81E01B33745
:10ABA000F000B3E7F800B307FE4013975700635E69
:10ABB0000718370400047D147D8C2285EF00907007
:10ABC0006D15B317A4006348951A058D130415007D
:10ABD00013070002018F3397E7003337E000B3D744
:10ABE0008700D98F814413F7770019C713F7F7004F
:10ABF00091466303D700910713975700635B0714CF
:10AC000085041307F00F4A866383E4169A07A58329
:10AC100013F5F40FB2402244A6079314750113D51F
:10AC20009700458D7E0692440249518D41018280F4
:10AC30006399080A138714001377E70F6317071443
:10AC400063900422630D0E1EE3860EFCB307DE4103
:10AC50001397570063500722B387CE412E8961B7FF
:10AC6000635C100B630E08089307F00F6383F40610
:10AC7000B7070004B3EEFE00ED4763C9171F930743
:10AC80000002B3871741B397FE00B3D81E01B33754
:10AC9000F000B3E7F800F297139757006357070ADD
:10ACA00085041307F00F6384E40CB706007E13D706
:10ACB0001700FD16858B758FD98F35B7638D0E08FC
:10ACC000FD18B307DE41E38208EE9307F00FE39D22
:10ACD000F4EA630D030801461305F00FB7074000BF
:10ACE00015BF33079840EDE863020E147D17630823
:10ACF00007189307F00F6319F80E2E893683D1BF1A
:10AD0000638B0E04FD18B307DE01E38708F8930791
:10AD1000F00FE393F4F675BF63950808850413F705
:10AD2000E40F6313071263170510630F0E14E38318
:10AD30000EEEB307DE0113975700814463570700F7
:10AD4000370700FC7D17F98F854413F77700E31F61
:10AD500007E813D337009307F00FE38CF4F693174B
:10AD60009300A58313F5F40F4A866DB54A86130543
:10AD7000F00F814745B5370700FC7D17F98F13F7B2
:10AD80007700898CE31407E6E9B73304DE419317B3
:10AD9000540063C3070CE31204E2014601458147F6
:10ADA00095BD33079840ADC49307F00FE308F8F45E
:10ADB000B7070004336EFE00ED4763CCE70C930742
:10ADC0000002998FB317FE003357EE00B337F0003F
:10ADD000D98FF697C284C9B59307F00FE30FF8F047
:10ADE000B7070004336EFE00ED4763C3E708930620
:10ADF0000002998EB316DE00B357EE003337D00051
:10AE0000D98FB387FE40C2842E8945B3854761BB85
:10AE1000630E0E067D17B307DE01C284E30E07E65C
:10AE20009307F00FE31AF8F8368365B53683C284CA
:10AE30002E8915B7E3040EECE38D0EE869BD638D32
:10AE40000E022E86B687F9B39307F00FE381F4F272
:10AE5000B307DE018583D5BD3384CE412E89B1BBD6
:10AE6000E31C0EFCE3890EE62E8949BD854725B516
:10AE7000854741BFE39B07EC0146814761BBB38730
:10AE8000CE41C2842E8915B3B68769B33683C28496
:10AE9000D9B585473DBF3971935775014AD856D208
:10AEA0005ECE931A95001359F50106DE22DC26DAF0
:10AEB0004ED652D45AD093F7F70F93DA9A00CA8B32
:10AEC000638207121307F00F6384E7128E0A3707B5
:10AED0000004B3EAEA00138A17F80144014B93D740
:10AEE00075019394950093F7F70FA58093D9F50119
:10AEF000FDC71307F00F6387E7028E04938717F8E7
:10AF000037070004D98C330AFA408146558C17471D
:10AF100000001307A71D0A043A941C403349390165
:10AF2000BA978287130A1AF0F9E88946558C1747B1
:10AF300000001307A71F0A043A941C403349390143
:10AF4000BA97828701491307F00FB707400013959E
:10AF50009700F25062549317770125817E095D8D29
:10AF600033652501D2544259B259225A925A025B92
:10AF7000F24B216182801307F00F8147C9BFA68A77
:10AF8000CE8B368B8947630BFB1A8D47E30CFBFA9C
:10AF90008547630AFB0A1307FA0713F91B00635777
:10AFA000E01293F77A0099C793F7FA00914663830A
:10AFB000D700910A93974A0063D90700B70700F8B2
:10AFC000FD17B3FAFA0013070A089307E00FE3C46A
:10AFD000E7FA93976A00A5831377F70F8DBFB9E45B
:10AFE0008546A9B763940A021144014A054BC5BDC1
:10AFF00063990A002144130AF00F094BCDB58D4621
:10B0000031B73144130AF00F0D4BD1BD56852EC612
:10B01000EF00502B9307B5FFB39AFA009307A0F8FF
:10B02000338AA7400144014BB24555BD2685EF0048
:10B0300070291307B5FFB307AA00B394E400138A7D
:10B0400067078146E1B513F91B000147814701B746
:10B050004166139554007D1693570501698E63FA76
:10B060009A0AB3D5FA027D1AD68601473388C502FB
:10B07000B3F6F602C206558F637B07012A979386C3
:10B08000F5FF6368A70A6376070BF9152A9733075C
:10B090000741B356F7023377F702B38AC602931714
:10B0A000070163FB5701AA971387F6FF63E1A7081F
:10B0B00063FF5707F916AA97C205B38A5741D58D82
:10B0C000B33A5001B3EA5501CA8BF1B58546998E62
:10B0D00011C76D4601478147E34BD6E6130AEA09DB
:10B0E000339A4A01B3D7DA00B33A4001B3E75701C4
:10B0F00013F7770019C713F7F70091466303D700DA
:10B10000910713975700634807029A07A5830147E1
:10B110003DBD93D61A00B3D5F6021397FA014183C9
:10B120003388C502B1B7CE8B368B814AA1BDBA86B2
:10B1300061B7B685A9BF0547814711BD13F91B004B
:10B140001307F00F814721B593567501B7078000AB
:10B15000FD1713D6750193F6F60F1308F00FB3F829
:10B16000A7001357F501ED8F1376F60FFD81638469
:10B1700006031305F00F6304A60205456383C600AA
:10B180008280E39FF8FE0145E30CB7FE0545EDFA2A
:10B190003335100182800545E38D08FC828005452A
:10B1A000E9DF828093567501B7078000FD1713D63B
:10B1B000750193F6F60F1308F00FB3F8A7001357B5
:10B1C000F501ED8F1376F60FFD8163810603630CA5
:10B1D00006018DE211E2B1C3638E08026305B70474
:10B1E00005451DE78280F5D779558280E39E08FEEC
:10B1F0006309D60211E2EDD7E314B7FEE342D6FEAF
:10B2000063C7C600E3EE17FD0145E3FDF8FC01E767
:10B210007D558280F5DD054582800145E39208FC7D
:10B220008280F9DBD1B78146E1BF93567501B7073C
:10B230008000FD1713D6750193F6F60F1308F00F73
:10B24000B3F8A7001357F501ED8F1376F60FFD81C4
:10B25000638706036309060185EA11EA89EB014564
:10B26000639B080082800945F5FFE5DA31A8638C0D
:10B2700008026300B704054575D77D5582800945EE
:10B28000639808026304D60211E2F5D7E315B7FE0E
:10B29000E343D6FE63C7C600E3EF17FD0145E3F3C2
:10B2A000F8FC19E3D9BFF1D905458280E5D3828046
:10B2B00082808146C5B7797122D4135475014ECE70
:10B2C00052CC9319950006D626D24AD056CA5AC8EF
:10B2D0001374F40F93D99900135AF50169C49307B5
:10B2E000F00F6308F40E9397390037070004B3E9B1
:10B2F000E700130414F88144014B13D77501939AA6
:10B3000095001377F70F93DA9A0013D9F50145CF1B
:10B310009307F00F630CF7028E0A130717F8B707AD
:10B320000004B3EAFA003A94014633452A01BD47C6
:10B33000AA869305140063E09710174700001307CF
:10B34000E7E28A04BA949C40BA9782871304F40F08
:10B3500063960A0C93E424000946C1BF0145130714
:10B36000F00FB7074000B2502254A6075E07A5832E
:10B370007E05D98F92540259F249624AD24A424B11
:10B380005D8D45618280CA86D689328B8947630F7D
:10B39000FB088D47E304FBFC854736856310FB1AE9
:10B3A00001478147C9B7639D090413D77501939A73
:10B3B00095001377F70F91440144054B93DA9A00F7
:10B3C00013D9F50131F7639D0A0093E41400054693
:10B3D000A9BF63920902A1441304F00F094B31BFC6
:10B3E0005685CD259307B5FF098CB39AFA0013044F
:10B3F000A4F801461DBFB1441304F00F0D4BF5BD79
:10B400004E852EC6C1259307B5FF1304A0F8B39946
:10B41000F900098C8144014BB245C5B593E4340071
:10B420000D4621B78947D286E315FBF6368513070B
:10B43000F00F81470DBF41639306F3FF13D6090157
:10B4400093D80A01B3F7D900B3FADA003388570367
:10B45000B389F80213570801B30A5603D6994E97D9
:10B4600033061603637357011A96C167FD17B37647
:10B47000F7003378F800C206C29693996600935796
:10B480000701B3393001E982B2979A07B3E6D900D0
:10B49000B3E9D7009397490063D9070013D7190080
:10B4A00093F71900B369F7002E841307F40763506C
:10B4B000E00493F7790099C793F7F9009146638305
:10B4C000D70091099397490063D90700B70700F89F
:10B4D000FD17B3F9F900130704089307E00F63CBD6
:10B4E000E70493976900A5831377F70FADBD8547F0
:10B4F000B386E74011C76D4601478147E345D6E66D
:10B500001307E4093397E9003337E000B3D7D900D4
:10B51000D98F13F7770019C713F7F7009146630324
:10B52000D700910713975700634C07009A07A5832C
:10B53000014715BD1307F00F814735B52E84B5B708
:10B54000054781470DB53707800041117D17935698
:10B55000750113D87501B377A70093F6F60F935EC4
:10B56000F5013376B70026C24AC01378F80F06C635
:10B5700022C41303F00F3E8E3689F684139F3700E2
:10B58000FD8113153600B38806416302681093C528
:10B590001500638CBE106354100D63100810630413
:10B5A000051EFD18B307AF40638608029307F00F2E
:10B5B0006388F616ED4763C71729130700023307A0
:10B5C00017413317E500B35715013337E000D98F22
:10B5D000B307FF40139757006351071A370400045D
:10B5E0007D147D8C2285F9296D15B317A400634E57
:10B5F000251B330525411304150013070002018F95
:10B600003397E7003337E000B3D78700D98F01497C
:10B6100013F7770019C713F7F70091466303D700B4
:10B62000910713975700635E0714930619001307D9
:10B63000F00F93FE14006386E6169A07A58393F62F
:10B64000F60FA607B240224413D59700DE06939763
:10B65000FE01558D924402495D8D410182806392C5
:10B66000080A138716001377E70F631B0714639408
:10B67000062263020F2071D5B307AF40139757001E
:10B6800063550722B307E5410149AE8451B7E30092
:10B6900005F0638ABE0AE35410FD9307F00F63813F
:10B6A000F608B70700045D8D31B7635E10096301CA
:10B6B00008089307F00F6385F606B70700045D8D51
:10B6C000ED4763C0171F13070002330717413317F5
:10B6D000E500B35715013337E000D98FFA97139778
:10B6E0005700635C070805091307F00F630BE90AAD
:10B6F000B706007E13D71700FD16858B758FD98F7F
:10B7000001BF3307D84063950610630D0F147D17F2
:10B710006303071A9307F00F6314F810AE84328E98
:10B72000630F0E06814E9306F00FB707400011BF5E
:10B7300039C9FD18B307AF00E38308FA9307F00F88
:10B74000E390F6F8F1BF63990808138916001377A0
:10B75000E90F63160712639B061063030F16E302DB
:10B7600005EEB307AF001397570001496357070071
:10B77000370700FC7D17F98F054913F77700E31CA5
:10B7800007E813DE37009307F00FE30BF9F8931780
:10B790009E00A5839376F90F93FE14005DB593FE8A
:10B7A00014009306F00F814769BD370700FC7D1731
:10B7B000F98F13F777003309A940E31E07E4D1B7E7
:10B7C0003304AF409317540063C3070CE31C04E039
:10B7D000814E81468147B5B53307D840B5C693073A
:10B7E000F00FE30EF8F2B7070004336FFF00ED47E8
:10B7F00063CDE70C93070002998FB317FF0033570F
:10B80000EF00B337F0005D8FB307A7004289C1BDD9
:10B810009307F00FE304F8F0B7070004336FFF005D
:10B82000ED4763C2E70893070002998FB317FF0043
:10B830003357EF00B337F000D98FB307F540428993
:10B84000AE8449BB854769B3630E0F067D17B30706
:10B85000AF004289E30507E89307F00FE319F8F812
:10B86000328E7DBD328E4289AE8431BFE3090FEA4C
:10B87000E30805EA45BD0DCDAE8EB287D9B3930777
:10B88000F00FE300F9F2B307AF008583FDB5330491
:10B89000E541AE8481BBE31D0FFCE30505E8AE8402
:10B8A000BDBD854725BD854749BF0149E39707ECE5
:10B8B000814E814779B3B307E5414289AE8419BB14
:10B8C000B28741B3328E42897DBD054735BF370609
:10B8D0008000135775019307F6FF1377F70F930551
:10B8E000E007B3F6A7009357F50163FCE500930565
:10B8F000D00963FAE500370500801345F5FF3E9552
:10B9000082800145828093055009D18E63CDE50088
:10B91000130660093307E64033D7E6003305E040FD
:10B92000F5F33A8582801307A7F63397E600FDB753
:10B93000411106C622C426C20DCD9357F54133C42A
:10B94000A7001D8CAA842285B52A9307E0093387B6
:10B95000A74093076009FD8063CCE702A146937777
:10B96000F70F63D5A60061153314A40026042580C3
:10B9700021A0814481470144260413559400B2401C
:10B980002244DE07FE045D8D458D92444101828094
:10B990009307900963DDE7009307B5019546B31758
:10B9A000F400898E3354D400B337F0005D8C954792
:10B9B00063D6A7009307B5FF3314F400B70600FC65
:10B9C000FD16937774003376D40085C39377F40023
:10B9D0009145638CB70011069317560063D7070093
:10B9E0009307F009758E3387A740131466002580EE
:10B9F0009377F70F51B7411106C622C415CD2A849B
:10BA0000D1209307E0093387A7409307600963C0FB
:10BA1000E704A1469377F70F63D5A60061153314A9
:10BA2000A40026042580260413559400B240224425
:10BA3000DE075D8D41018280014426041355940088
:10BA4000B24022448147DE075D8D41018280930729
:10BA5000900963DDE7009307B5019546B317F4003D
:10BA6000898EB337F0003354D4005D8C954763D68C
:10BA7000A7009307B5FF3314F400B70600FCFD16CA
:10BA8000937774003376D40085C39377F40091459F
:10BA9000638CB70011069317560063D7070093070E
:10BAA000F009758E3387A74013146600258026049D
:10BAB00013559400B24022449377F70FDE075D8D53
:10BAC00041018280C167637CF5029307F00F130781
:10BAD000000263EBA700973700009387276DAA97B2
:10BAE00088233305A7408280218197370000938700
:10BAF000E76BAA97882361473305A7408280B70781
:10BB00000001636DF5006181973700009387076A34
:10BB1000AA97882321473305A74082804181973720
:10BB200000009387A768AA97882341473305A74059
:10BB3000828001476314E60001458280B307E50077
:10BB40000507B386E5009C2383C6F6FFE384D7FE92
:10BB50003385D7408280B3C7A5008D8B3307C500DE
:10BB600081E78D4763EDC700AA87637EE5089421CE
:10BB700085078505A38FD7FEE3EBE7FE82809376EA
:10BB80003500AA8789CA942185078505A38FD7FE2A
:10BB900093F63700C5BF9376C7FF138606FE63F0A2
:10BBA000C70683A3050083A2450083AF850003AFCA
:10BBB000C50083AE050103AE450103A3850183A83B
:10BBC000C5019385450223A0770003A8C5FF23A2E2
:10BBD000570023A4F70123A6E70123A8D70123AA2E
:10BBE000C70123AC670023AE17019387470223AE3A
:10BBF00007FF75B790419107910523AEC7FEE3EBB0
:10BC0000D7FEE3E6E7F6828063F1A504B386C500BC
:10BC1000637DD5029345F6FF8147FD176393F500D9
:10BC200082803387F600034807003387C7002A97CE
:10BC300023000701DDB73387F50014233307F50030
:10BC4000850714A3E319F6FE82808147E5BF93F5CB
:10BC5000F50F1C2191C76393B70082800505D5BFFE
:10BC600091C101458280AA87850703C7F7FF6DFF51
:10BC70003385A7407D158280AA8709CA850503C739
:10BC8000F5FF85077D16A38FE7FE65FB3E96639360
:10BC9000C70082808507A38F07FED5BF8DE16FF0B7
:10BCA0001FFB930715002A84A6853E85EFF03FFA17
:10BCB0006DF92285B24022449244410182804111B3
:10BCC00022C426C206C6AA87AE840144F1BF000082
:10BCD00036780000A8740000A87400001A750000EF
:10BCE000A8740000A87400000C790000A87400007B
:10BCF000A8740000A8740000B8760000A8740000C2
:10BD0000F47400006A750000A6770000A8740000B3
:10BD1000A87400002E760000DE7600005476000045
:10BD20008E7B0000A874000040750000A87400001D
:10BD300092760000A8740000A8740000A8740000A7
:10BD4000A8740000A8740000A8740000A874000083
:10BD5000AC740000A8740000A8740000B87A000059
:10BD6000A8740000A8740000A8740000A874000063
:10BD7000A8740000A8740000E2790000A874000014
:10BD8000A8740000A8740000EE770000A8740000FA
:10BD9000A8740000D07400006E770000A874000042
:10BDA000A27D0000A8740000A8740000A874000020
:10BDB0007474000000000001000200030300010190
:10BDC0000102010302010202020303010302030351
:10BDD00004020403CDCCCC3D0000204153554E005D
:10BDE0004D4F4E00545545005745440054485200AD
:10BDF0004652490053415400020406080000000066
:10BE0000000000000102030406070809000000000A
:10BE10000102030401020304060708090000003FB1
:10BE20000000C0415FAEAA3C365AAE3DE276383ED5
:10BE3000041DA93E38F77F3F1F1F1F1F1F1E1E1E18
:10BE40001E1E1E1ED04E837F1D75A37BC1E4017490
:10BE500064F9D9689A79825AE2F36A49EE5A183637
:10BE600083FB20215CEB270B0000C040265355BF0D
:10BE70000000003E00009041000070410000874338
:10BE80000EFFA73D3D0A43417370656369616C2EE7
:10BE9000747874007370656369616C6461792E7481
:10BEA000787400002C200000666573746976616CFC
:10BEB0002E747874000000002C2009000000C03FA0
:10BEC000398EE33B2E6D7033000000002E656E63EB
:10BED00000000000706C61796C6973742E74787462
:10BEE00000000000464154333220202000000000B2
:10BEF0001F1C1F1E1F1E1F1F1E1F1E1F51C213406F
:10BF0000FB22855172464F40BD45B340CF200B6D9B
:10BF1000103CE1426D2DFA419057D941449F914820
:10BF20002134F943968DFC5E630ECB52C41BCC4684
:10BF3000971AD84A2E40E264F09C9D4AB31D7D7C3E
:10BF4000A924E2431137AE4F26CF6F6BC1923C6EEE
:10BF5000A71E6056EBF64C5F044E9E5146FB4041D7
:10BF600042670352EFE9454588DEF84CBF6B3273F8
:10BF700045BA9E53BA04BFBEBE98FCADEFE9454535
:10BF8000782107B34194CD8C45BA9E5346FB40417E
:10BF900042670352EFE9454588DEF84CBF6B3273C8
:10BFA00045BA9E53BA04BFBEBE98FCADEFE9454505
:10BFB000782107B34194CD8C45BA9E530000000010
:10BFC0001F0000001C0000001F0000001E000000F9
:10BFD0001F0000001E0000001F0000001F000000E6
:10BFE0001E0000001F0000001E0000001F000000D7
:10BFF0000E0C0408060301008BCEAA422427E9C2D6
:10C00000281C31479A615FC9EB8F864A8C9D85D089
:10C01000513B914CA03E24D8CC3C414D000000E067
:10C02000513B914C61C1DBE7EB8F864A75627AEF39
:10C03000281C3147679EA0F68BCEAA42DDD816FD9C
:10C040002A2B2C3A3B3C3D3E5B5D7C223F7F00002F
:10C050000706050403020100414D503A204F4E00EF
:10C06000414D503A204F464600000000504C415987
:10C07000000000004F46462000000000434C4F43A4
:10C080004B204552524F52004E4F542039364D48A6
:10C090005A0000004C6F6164696E672E2E2E0000FE
:10C0A000525443204552524F5200000043484543EA
:10C0B0004B204453313330370000000053442043B9
:10C0C000617264204572726F72000000736574744F
:10C0D000696E67732E747874000000004861707098
:10C0E0007942656C6C2032303235202D2000000002
:10C0F00020202020000000003030303031000000CF
:10C1000042454C4C20534F554E443A0053544152F3
:10C1100054494E47204D555349433A00504C4159DC
:10C12000204154204E49474854203A0042454C4C47
:10C13000205354415254204154203A0042454C4C23
:10C1400020434C4F5345204154203A00534554203E
:10C1500044415445203A0000414D50204F4E2F4F4E
:10C160004646203A000000006D656E752E747874A6
:10C17000000000004544495420504C41594C49535B
:10C1800054000000686F6C696461792E74787400E3
:10C190002020544F44415920484F4C494441592094
:10C1A000000000000646C134B083BB412A7EB44380
:10C1B000F63A8C4300000001081400000101190147
:10C1C000000001FF12010200FFFFFC00020000015D
:10C1D0003B000000FF01110002FF00FF090000000A
:10C1E00000FF090002FF0101080002FFFFFF040039
:10C1F00002FFFF01FDFF020000FF0400020002FF3A
:10C200000200040002010200000001009118020077
:10C21000FF00FA0402000000920200000200D600B3
:10C220000001000047FF000000028EFF0200FE0038
:10C230003B0002FFFF00390002000100350002FF51
:10C2400000002E000001FF00D7FF01000000DDFF0D
:10C2500000010100E2FF020000000F00000001FEEB
:10C26000F3FF000001020B000400FFFE0B000000C2
:10C2700003000A000400FE0009000201FF00F8FFAD
:10C2800002010000F9FF01000100FBFF01010000B5
:10C29000050002FFFF000400FF000000040002018F
:10C2A000FF0004000000FE00040000000202FDFF89
:10C2B00002FFFE00FDFFFFFF010002000000C84278
:10C2C00077F3A43E14AE7B42EE23B73B00C0A847F1
:10C2D00085D2524103515A4307E9CE3A4F0D4341AB
:10C2E000D3EC944316AAF63AB00F2139360A5141DD
:10C2F000A1F6064317380F3C6BAB5341508BBA4243
:10C3000045766F3B7AE3243B844DF8366F12833ACF
:10C3100058D903430080EF421CB2813B424B323676
:10C320005555554100008841000090410000904162
:10C3300000009041000090410000904100009041B9
:10C3400000007841000084410000844100008441E5
:10C35000000084410000844100008441000010413D
:10C360000000004100001041000030410000404149
:10C3700000003041000010410000F0400000D040BB
:10C380000000F04000001841000028410000184162
:10C390000000F0400000B44300006145506C61793A
:10C3A000696E672E2E2E000063218510A4F633D30C
:10C3B0008B40E946F0CEC227B477F5FEA9BDA0298F
:10C3C00028482EB01BAA57598D496C23591858FF7D
:10C3D000FFFFFF7F657EA26B9A79825A29F81B4C7A
:10C3E0000E0000000D0000000B0000000A0000001D
:10C3F0000900000007000000060000000500000022
:10C4000094FA9765E68BA250FFFFFF7F94FA976539
:10C41000E68BA250FFFFFF7F94FA9765E68BA25050
:10C42000FAA22814D61BDB152C309617858D5919C6
:10C43000BBE8241BFAFCF71CF28AD21E2A58B4204F
:10C440006E2E9D2255DB8C24DA2F83260000802857
:10C450008722832AA8708C2CD8C59B2E99FFB030D8
:10C460004AFDCB3201A0EC3462CA123788603E39F3
:10C47000E0476F3B1767A53DFCA5E03F72ED20420A
:10C48000582766447C3EB046871EFF48F3B3524BA4
:10C49000FDEBAA4D97B4075062FC68529CB2CE5493
:10C4A00021C73857592AA75935CD195C29A1905E63
:10C4B00021980B617FA48A630FB90D660BC994683C
:10C4C0000CC81F6B0DAAAE6D60634170B0E8D772E7
:10C4D000F92E7275852B1078ECD3B17A091E577D31
:10C4E0000000000000000010F3455128DB5C3A45D5
:10C4F00053FFB20CD6891911C831CE1503F2C71AF1
:10C5000000000020B9067125A3B4162BB474ED30D9
:10C51000A53FF236D37B223D56E67B433C82FC4965
:10C5200000000000CD4F740D261FE721D9AB363A2D
:10C5300084C0AD0A6E0E610E1D0C5612CF238516F7
:10C54000999FE81AA4037C1F49AE3B24679C2429C9
:10C550000F42342E856F6833FF3DBF388201373E6E
:10C5600000000000334F500B073E821C559AF330F9
:10C5700062CDFA081963170C22356B0FADE2EF128A
:10C58000669EA01617A3791A01E3771EB4D59822E8
:10C59000FC56DA262A903A2BE7E7B72F50F65034AC
:10C5A00000000000057F8309D710F917A9C72929C2
:10C5B000FA0D8D0761E62A0A5431F70CCB91EC0F86
:10C5C0000AFE06136C4A431695E59E193DAE171DEB
:10C5D0006AD7AB2051D55924BB4F20280818FE2B11
:10C5E0000000000000000000000000010101010245
:10C5F0000203030302000000060000000400000024
:10C6000000000000400000000802070506040300C7
:10C61000547261636B3A0000414D0000504D0000C0
:10C620005345542054494D45203A00004C49474851
:10C6300054204F4E204154004C49474854204F4607
:10C64000462041540000000002200000000E151793
:10C65000110E0000594553004E4F2000C13A8C4343
:10C66000B81EF53F0AD7A33C99C2B23F31D8BE41AC
:10C670000C3469370000803F000080BFDB0FC93FEA
:10C68000DB0F4940000034430000B4420000B4C254
:10C69000000034C335FA8E3C030C50398688083CC0
:10C6A000ABAA2A3E0000A5430000F041EC024ABFBD
:10C6B00000AD0E4763537C3FB53B8C43D1F69E39AA
:10C6C0004D507C3FBAC3B243882A2139080B083445
:10C6D000E35030388CE0883C5AC4F1447B14FA4271
:10C6E0002FA2ED3A3BAA1A3A8F423B428195AB41C9
:10C6F000000070420000D0410000B841ACC5273BAB
:10C70000000080400000A03FE02E65438BE16A37C7
:10C71000EDD79D3BAE11F53FF6CFD3385CC8A33CB7
:10C7200000004040EC8497392E73BA3B8CA19C3BAF
:10C73000E02E6542000034440000B4440000404153
:10C7400000000000000000000000000001000000E8
:10C7500000000000010000000000000001000000D7
:10C7600000000000060000000000000001000000C2
:10C7700000000000010000000000000002000000B6
:10C7800000000000020000000000000002000000A5
:10C790000000000002000000000000000200000095
:10C7A0000000000002000000000000000200000085
:10C7B0000000000006000000000000000200000071
:10C7C0000100000003000000020000000300000060
:10C7D000030000000300000004000000030000004C
:10C7E0000600000003000000080000000300000035
:10C7F0000A000000030000000D000000030000001C
:10C800000400000003000000050000000300000019
:10C810000600000003000000070000000300000005
:10C8200008000000030000000900000003000000F1
:10C830000B000000030000000D00000003000000DA
:10C840000000000000000000090000004A00000095
:10C85000000000008B0000008C0100000D020000B1
:10C860007B02000093030000F0030000300500008D
:10C870005806000011070000000000000209000037
:10C88000460B0000460B0000460B0000460B000064
:10C89000460B0000460B0000460B0000460B000054
:10C8A000D10D0000D10D0000D10D0000D10D000010
:10C8B000D10D0000D10D0000D10D0000D10D000000
:10C8C00003F012310131112011200010001000106E
:10C8D000001006F0226201621252125222512251BD
:10C8E00021502150123112311231123112311231D4
:10C8F0001231123101310131013101310131013186
:10C90000013101311130113011301130113011303D
:10C910001130113000100010001000100010001035
:10C920000010001000100010001000100010001087
:10C930000010001000100010001000100010001077
:10C940000010001000100010001000100010001067
:10C950000010001006F0226201621252125222519F
:10C96000225121502150113011301130113011302D
:10C9700011301130113012211221122112211221F5
:10C98000122112211221122112211221122112210F
:10C990001221122112210121012101210121012154
:10C9A0000121012101210121012101210121012177
:10C9B0000121012101210020002000200020002071
:10C9C0000020002000200020002000200020002067
:10C9D00000200020002008F032832283327232725D
:10C9E0003261326132613261127312730173017309
:10C9F00031703170227222721262126212621262FD
:10CA0000226122612261226101620162016201628E
:10CA10002160216021602160123112311231123106
:10CA200012311231123112311231123112311231EE
:10CA300012311231123112311231123112311231DE
:10CA400012311231123112311231123112311231CE
:10CA50001231123112311231013101310131013102
:10CA60000131013101310131013101310131013136
:10CA70000131013101310131013101310131013126
:10CA80000131013101310131013101310131013116
:10CA900001310131013101311130113011301130CA
:10CAA000113011301130113011301130113011307E
:10CAB000113011301130113011301130113011306E
:10CAC000113011301130113011301130113011305E
:10CAD0001130113011301130001000100010001012
:10CAE00000100010001000100010001000100010C6
:10CAF00000100010001000100010001000100010B6
:10CB000000100010001000100010001000100010A5
:10CB10000010001000100010001000100010001095
:10CB20000010001000100010001000100010001085
:10CB30000010001000100010001000100010001075
:10CB40000010001000100010001000100010001065
:10CB50000010001000100010001000100010001055
:10CB60000010001000100010001000100010001045
:10CB70000010001000100010001000100010001035
:10CB80000010001000100010001000100010001025
:10CB90000010001000100010001000100010001015
:10CBA0000010001000100010001000100010001005
:10CBB00000100010001000100010001000100010F5
:10CBC00000100010001000100010001000100010E5
:10CBD000001000100010001007F032730173226380
:10CBE0002263326232623160316012531253125347
:10CBF0001253325132513251325122522252225268
:10CC00002252015201520152015212421242124268
:10CC10001242124212421242124222412241224147
:10CC200022412241224122412241214021402140F2
:10CC30002140214021402140214001310131013179
:10CC40000131013101310131013101310131013154
:10CC50000131013101310131013112211221122141
:10CC6000122112211221122112211221122112212C
:10CC7000122112211221122112211221122112211C
:10CC8000122112211221122112211221122112210C
:10CC900012211221122112211221113011301130D2
:10CCA000113011301130113011301130113011307C
:10CCB000113011301130113011300030003000309F
:10CCC00000300030003000300030003000300030E4
:10CCD0000030003000300030003006F041005200DB
:10CCE0005B006000630068006B00126222512251F9
:10CCF00001622160124112411241124101310131A0
:10CD00000131013101310131013101311130113075
:10CD1000113011301130113011301130001000106D
:10CD20000010001000100010001000100010001083
:10CD30000010001000100010001000100010001073
:10CD40000010001000100010001000100010001063
:10CD500000100010001000100010001004F05245E8
:10CD60004245524452433235323542344234223500
:10CD7000223552325232122512251225122503F085
:10CD80005221522101353234512051204233323365
:10CD900002F0222442221214121401F04211411016
:10CDA00002F0012422233222012301F01213321156
:10CDB00001F03110221208F001010A010F01128561
:10CDC0005281120115012284428212844271427101
:10CDD0000184418022833282128332810183318037
:10CDE00022622262226222620162016201620162A7
:10CDF00021602160216021601242124212421242DF
:10CE00001242124212421242124212421242124282
:10CE10001242124212421242224122412241224136
:10CE200022412241224122412241224122412241EA
:10CE3000224122412241224112211221122112219A
:10CE4000122112211221122112211221122112214A
:10CE5000122112211221122112211221122112213A
:10CE6000122112211221122112211221122112212A
:10CE7000122112211221122112211221122112211A
:10CE8000122112211221122112211221122112210A
:10CE900012211221122112211221122112211221FA
:10CEA00012211221122112211221122112211221EA
:10CEB00012211221122112210131013101310131DE
:10CEC00001310131013101310131013101310131D2
:10CED00001310131013101310131013101310131C2
:10CEE00001310131013101310131013101310131B2
:10CEF0000131013101310131113011301130113066
:10CF00001130113011301130113011301130113019
:10CF10001130113011301130113011301130113009
:10CF200011301130113011301130113011301130F9
:10CF3000113011301130113000200020002000206D
:10CF400000200020002000200020002000200020E1
:10CF500000200020002000200020002000200020D1
:10CF600000200020002000200020002000200020C1
:10CF700000200020002000200020002000200020B1
:10CF800000200020002000200020002000200020A1
:10CF90000020002000200020002000200020002091
:10CFA0000020002000200020002000200020002081
:10CFB000002000200020002003F05235523442258A
:10CFC0004225521352135213521302F032254224B7
:10CFD0002215221501F05212011501F032144213EC
:10CFE00001F05110321306F041004A004F00520088
:10CFF00057005A0012644261226332621253125384
:10D000003251325101633160225222520152015297
:10D010001242124212421242224122412241224134
:10D020002140214021402140123112311231123170
:10D03000123112311231123101310131013101311C
:10D040000131013101310131113011301130113014
:10D05000113011301130113000300030003000300C
:10D06000003000300030003003F0523542353225B8
:10D070003225522352235234013502F04224222514
:10D080005222122501F05211321402F042134213BF
:10D090005120012401F02214421201F032134110F8
:10D0A00008F001010A010F0118011B0120012501EF
:10D0B000128772812A012D013201128662816180FC
:10D0C00037013A013D01128442814180228332823C
:10D0D00001831273127332713271317031702272A6
:10D0E0002272126212621262126222612261226153
:10D0F000226101620162016201622160216021609E
:10D100002160124112411241124112411241124159
:10D110001241124112411241124112411241124177
:10D12000124101310131013101310131013101314E
:10D13000013101310131013101310131013101315F
:10D14000013101310131013101310131013101314F
:10D15000013101310131013101310131013101313F
:10D1600001311130113011301130113011301130C6
:10D1700011301130113011301130113011301130A7
:10D180001130113011301130113011301130113097
:10D190001130113011301130113011301130113087
:10D1A00011300010001000100010001000100010CE
:10D1B00000100010001000100010001000100010EF
:10D1C00000100010001000100010001000100010DF
:10D1D00000100010001000100010001000100010CF
:10D1E00000100010001000100010001000100010BF
:10D1F00000100010001000100010001000100010AF
:10D20000001000100010001000100010001000109E
:10D21000001000100010001000100010001000108E
:10D22000001000100010001000100010001000107E
:10D23000001000100010001000100010001000106E
:10D24000001000100010001000100010001000105E
:10D25000001000100010001000100010001000104E
:10D26000001000100010001000100010001000103E
:10D27000001000100010001000100010001000102E
:10D28000001000100010001000100010001000101E
:10D29000001000100010001000100010001000100E
:10D2A000001003F0723762377236523772356236C9
:10D2B0004227422702F0722452266225322703F0C9
:10D2C000722372234226422652355234622362234D
:10D2D00001F02217721202F06224012771107110FE
:10D2E00002F0621262124225322502F00116011686
:10D2F0005223422401F03216221602F02225522235
:10D300001215121502F0521152113224422301F06B
:10D310000115511001F02214421201F032130114D0
:10D3200008F0010106010F01140117012287728222
:10D330001C01727172711287718032866283618002
:10D340001F012201128562726272228601861276A4
:10D350001276627162715281328451802501228479
:10D36000428212844281018441802273227332728C
:10D37000327212631263126312633261326132617C
:10D380003261017301733170317022622262226254
:10D3900022622251225122512251225122512251E4
:10D3A00022511242124212421242124212421242BE
:10D3B00012421242124212421242124212421242CD
:10D3C00012420152015201520152015201520152C4
:10D3D00001522150215021502150215021502150E3
:10D3E00021501231123112311231123112311231F7
:10D3F0001231123112311231123112311231123115
:10D400001231123112311231123112311231123104
:10D4100012311231123112311231123112311231F4
:10D42000123101310131013101310131013101315B
:10D43000013101310131013101310131013101315C
:10D44000013101310131013101310131013101314C
:10D45000013101310131013101310131013101313C
:10D4600001311130113011301130113011301130C3
:10D4700011301130113011301130113011301130A4
:10D480001130113011301130113011301130113094
:10D490001130113011301130113011301130113084
:10D4A000113000200020002000200020002000205B
:10D4B000002000200020002000200020002000206C
:10D4C000002000200020002000200020002000205C
:10D4D000002000200020002000200020002000204C
:10D4E000002000200020002000200020002000203C
:10D4F000002000200020002000200020002000202C
:10D50000002000200020002000200020002000201B
:10D51000002000200020002000200020002000200B
:10D52000002002F0722762277226722503F062261D
:10D53000622642274227722472245237523502F063
:10D54000522662253217321701F07213421602F08A
:10D55000422552243225522301F06214011701F0B2
:10D560004214221501F05212011501F04213321338
:10D5700007F081008A008F00920097009A009D00BA
:10D58000A200A500A800227662726271AD00B00010
:10D59000B3001275527132744273B6002274427233
:10D5A00012743263326342614261226322633262E7
:10D5B0003262417001733160316012531253125361
:10D5C000125332513251325132512252225222528E
:10D5D000225212421242124212421242124212428B
:10D5E0001242224122412241224122412241224132
:10D5F0002241015201520152015221502150215029
:10D6000021500040004000400040004000400040E9
:10D6100000401231123112311231123112311231F5
:10D6200012311231123112311231123112311231E2
:10D630001231013101310131013101310131013149
:10D64000013101310131013101310131013101314A
:10D6500001311130113011301130113011301130D1
:10D6600011301130113011301130113011301130B2
:10D67000113003F072376237722672265227522712
:10D680007225722502F0622642277224622501F07B
:10D690005216321702F0722352252217221701F078
:10D6A0007212421601F06214121702F07211721116
:10D6B0000127712001F03216621301F04215521455
:10D6C00002F0421442140126012501F012166110E5
:10D6D00001F03215521301F02215521201F05110CF
:10D6E000011406F041008200C300E40005011601A8
:10D6F0001F01300139013E014301460112622261DE
:10D700000162216012411241124112410141014165
:10D7100001410141113011301130113011301130FF
:10D720001130113000100010001000100010001017
:10D730000010001000100010001000100010001069
:10D740000010001000100010001000100010001059
:10D750000010001000100010001000100010001049
:10D760000010001006F0080111011A0123012C011C
:10D77000310136013F01440147014C01510156017D
:10D780005B01126FF261F160600163016601E262A8
:10D790006901126EE2616C016F017201750178011D
:10D7A0007B01C266326D7E01226DD262126DB2675C
:10D7B00081018401C2638701426BD251D251016D54
:10D7C000D160826AA268426CC264626BB266325CEB
:10D7D000325C225C225CC252C252525B525BB26526
:10D7E0008269125C125C06F0C251C2519268016CEF
:10D7F000C150C150B264626AA2667269325B325B28
:10D80000B253B2538268526A225B225BA26562699C
:10D81000A254A254726882679254925472677266DC
:10D82000B242B242B242B242124B124B124B124BB4
:10D83000B241B241B241B241015B015BB150B15062
:10D8400092569256425A425A325A325AA253A253CE
:10D850005259525992559255224A224A224A224AF4
:10D86000A242A242A242A24205F0124A124AA24198
:10D87000A241015A6258A140A140825642599243A6
:10D880009243325952588255625722492249924254
:10D89000924252577255324832488243824362560E
:10D8A0004257725452566255725305F0123912396A
:10D8B0001239123992319231923192310149014932
:10D8C00091409140424842488244824472427242AE
:10D8D000425662542238223822382238823282322A
:10D8E00082328232123812381238123804F032473B
:10D8F0002247123712377231723152450147714057
:10D90000324662434245524422466242324503F067
:10D910008221822101388130123662310136613034
:10D9200004F05243424422352235523252320135FC
:10D93000013512251225122512255221522152217C
:10D94000522103F0323442335130223442323233E6
:10D950001224122402F0421142110124412002F04B
:10D96000222332221213121301F03211011301F09B
:10D970003110221203F082008B008E00910094007F
:10D980009700E23CD23D03F09300B23EE23B923F6F
:10D99000F239E23AB23DD23B03F0823FF238C23C68
:10D9A0008D00823E9000F227F22703F0D22AD22A7D
:10D9B000A23DB23CC23BF236622F622F02F0E22857
:10D9C000522F922DD22902F0F225E227A22CB22B5F
:10D9D00003F0422F422FF224F224C23AE236F2231D
:10D9E000F22302F0321F321F822DD22801F0221FB3
:10D9F000F21202F0622E922C011F011F02F0C229C6
:10DA0000522EA21BA21B02F0722DD227421E421ED2
:10DA100002F0C228D226321E321E02F0B219B2190A
:10DA2000922BA22A01F0B21AE21501F0E214821C34
:10DA300001F0621DE21301F0221E011E01F0E1104F
:10DA4000521D01F0D215721C01F0C217421D01F0E7
:10DA5000821BB21801F0D214921A01F0A219621CB2
:10DA600001F0D213721B01F0521CC21501F0921981
:10DA7000721A01F0A217921703F02300F23DE22D73
:10DA8000E22DF21FF21FF21FF21F01F0E21FD21F60
:10DA900001F0E21EC21F01F0D21EB21F01F0F21B04
:10DAA000C21E02F0D21CD21CA22FE22901F0F21AEF
:10DAB000C21D01F0A21E921E01F0721F721E01F023
:10DAC000F21EF21C08F0010122014301540165011C
:10DAD00076017F0188019901A201AB01B401BD016A
:10DAE000C201CB01D401D901DE01E301E801ED015E
:10DAF000F201F701FC010102040207020A020F020F
:10DB0000120215021A021D0220029281230226022D
:10DB100029022C022F0222888282128882813202FC
:10DB2000350238023B022287728262841287528554
:10DB300072813E02328662834285528422866282EC
:10DB4000128641023285627162715283428422756B
:10DB5000227552725272127512755271527101858C
:10DB6000518032743274427342732274227442724E
:10DB70004272327332734261426142614261127495
:10DB8000127401740174226322632263226332627D
:10DB9000326232623262417041700173017312630A
:10DBA0001263126312633261326132613261316039
:10DBB000316031603160225222522252225222526E
:10DBC0002252225222521252125212521252125205
:10DBD00012521252125222512251225122512251DA
:10DBE000225122512251015201520152015201523D
:10DBF00001520152015221502150215021502150F7
:10DC00002150215021501231123112311231123172
:10DC100012311231123112311231123112311231EC
:10DC200012311231123112311231123112311231DC
:10DC300012311231123112311231123112311231CC
:10DC400012311231123101410141014101410141C1
:10DC500001410141014101410141014101410141B4
:10DC60000141014101411140114011401140114059
:10DC7000114011401140114011401140114011401C
:10DC800011401140114000300030003000300030B1
:10DC90000030003000300030003000300030003004
:10DCA00000300030003000300030003000300030F4
:10DCB00000300030003000300030003000300030E4
:10DCC00000300030003005F0F25FE25FF25ED25FBC
:10DCD000E24EE24EF25DC25FF25CD25EE25DB25FA6
:10DCE000F24BF24BC25EE25CD24DD24DA24FA24F3C
:10DCF000F24AF24AB24EB24EE24BE24BC24DC24D34
:10DD0000D24CD24C924F924F05F0F249F249E24A7E
:10DD1000E24AB24DB24DD24BD24B824F824FF248C3
:10DD2000F248C24CC24C924E924EE249E249724FC6
:10DD3000724FF247F247A24DA24DD24AD24AB24C9C
:10DD4000B24C624F624FA25E015F04F0C23BC23B25
:10DD5000F236F236824EE248524F924DF235F235AB
:10DD6000723E723EE237E237A23CA23C04F0C23A75
:10DD7000C23AB23BB23BD249824D423F423FF234BB
:10DD8000F234323F323FF233F233D238D23804F039
:10DD9000E236E236223F223FF232F232624EF14068
:10DDA000123F123FF231F231923C923CC239C239F9
:10DDB00003F0523EA23BB23AE235723DD237423EC8
:10DDC000E23403F0823CC238323E623DD236E23366
:10DDD000923BB23904F0223E223EA23AA23AE2320B
:10DDE000E232123E123EE231E231014EE140523D5A
:10DDF000523DD235D23503F0723CC237423D823BB0
:10DE0000D224D224B238923A03F0A239623CC2360C
:10DE1000323DD223D223D222D22203F0223D013D31
:10DE2000122D122D722B722BB227B22703F0D221A2
:10DE3000D221523CD130C225C225822A822A02F048
:10DE4000A228422CC224622B03F0B226B2269239B9
:10DE5000013C322C322CC223C22303F0722A722AD4
:10DE6000A227A227A226A226C130013B02F0C2129D
:10DE7000C212222C522B02F0B225122C8229922897
:10DE800002F0C221422BB224622A02F0322B722904
:10DE9000B213B21302F092278228222B522A02F0E8
:10DEA000B212B212A225122B02F0B211B211B1209D
:10DEB000622902F09226422AA224722802F08227C6
:10DEC000322AA213A21301F05219921501F0221A5C
:10DED000A21201F0121AA21102F0012AA120621866
:10DEE000621801F08216421901F09214321902F000
:10DEF000921392137227012901F05218821501F032
:10DF00002219621701F07216921201F01219911083
:10DF100001F04218821401F05217721501F0321804
:10DF2000821301F06216421701F07214011801F019
:10DF30008110521601F06215321701F07213421669
:10DF400001F00117711001F00116611008F00101D4
:10DF50000A011301F28F18011D012001F282310123
:10DF6000128FF28134014501560167017801890160
:10DF70009A01A301AC01B501BE01C701D001D901CD
:10DF8000DE01E301E601EB01F0015281F301F6014C
:10DF9000F901FC0112844281FF0122833282127353
:10DFA00012733271327101833180227222721262D5
:10DFB0001262126212622261226122612261016296
:10DFC00001620162016221602160216021601241D1
:10DFD00012411241124112411241124112411241A9
:10DFE00012411241124112411241124112410141AA
:10DFF0000141014101410141014101410141014111
:10E000000141014101410141014101410141113001
:10E0100011301130113011301130113011301130F8
:10E0200011301130113011301130113011301130E8
:10E0300011301130113011301130113011301130D8
:10E0400011301130113011301130113011300010F9
:10E050000010001000100010001000100010001040
:10E060000010001000100010001000100010001030
:10E070000010001000100010001000100010001020
:10E080000010001000100010001000100010001010
:10E090000010001000100010001000100010001000
:10E0A00000100010001000100010001000100010F0
:10E0B00000100010001000100010001000100010E0
:10E0C00000100010001000100010001000100010D0
:10E0D00000100010001000100010001000100010C0
:10E0E00000100010001000100010001000100010B0
:10E0F00000100010001000100010001000100010A0
:10E10000001000100010001000100010001000108F
:10E11000001000100010001000100010001000107F
:10E12000001000100010001000100010001000106F
:10E13000001000100010001000100010001000105F
:10E14000001000100010001000100010001003F06C
:10E15000E23FF23ED23FF23DC23FF23CB23FF23BE1
:10E1600003F0A22FA22FF23A923FF239F238822F17
:10E17000822F02F0722FF227622FF22602F0522F26
:10E18000F225421F421F01F0F214F21304F0F110C5
:10E19000F110F110F110F110F110F110F110322F17
:10E1A000322F322F322FE200F300FC00050101F084
:10E1B000221F011F04F0FA00FF00040109010C01F5
:10E1C0001101160119011E0123012801E2432D014D
:10E1D00030013301360104F028012B012E01014DDD
:10E1E000310134013701324C3A01124CC1403D013A
:10E1F000E232E232224E124E04F0D243224DD2429B
:10E20000D241324B2F01123D123DC244624BC243F8
:10E21000A247223C223CC242B24504F0C241014C1A
:10E22000424BB244624AA246B233B233524AA2458A
:10E23000223B223BB232B232123B123B04F0B231EB
:10E24000B231014BB14062499246424AA2447248FF
:10E250008247A233A233324A5249223A223A04F088
:10E2600092456248A231A23182467247923492347A
:10E270004249524762376237A222A222A222A22238
:10E2800003F0122A122A013AA1303239923352385D
:10E29000823503F0222922299222922272360139F4
:10E2A0001229122903F092219221913042388234AE
:10E2B00072353238823303F062362238822282226B
:10E2C000423772341228122803F0822182218120E1
:10E2D0008120013852363227322703F0722372230D
:10E2E00062354236222722277222722203F06234DC
:10E2F000523501270127121712171217121702F0B1
:10E30000721172117120322602F0622342255224CA
:10E31000222601F06212121602F062116211012629
:10E32000612002F0521352133225422401F02215CB
:10E33000521201F01215011501F03214421301F0CE
:10E340005110221401F04212321301F00114411055
:10E3500004F0C24E8600D23ED23EE239E239E24AB1
:10E36000D249E22EE22EE22EE22EE23DE23DE23BF7
:10E37000E23B03F0B22EB22EC22DC22DD23CD23BD4
:10E38000A22EA22E03F0C22CC22CA23DD23A723E83
:10E39000A23CC22AC22A03F0C239723D522E522E2A
:10E3A000B21DB21DB21DB21D02F0921E921EB22C01
:10E3B000C22B02F0822EE228922DE22702F0B22B2D
:10E3C000822DD228622E01F0E216921C02F0A22BBE
:10E3D000B22AE225D22702F0421E421EE224822CFB
:10E3E00001F0C218321E02F0621D621DD226922B6D
:10E3F00002F0B229A22AE211E21102F0D214D214E0
:10E40000B228A22902F0721B721BB227D12001F0A0
:10E41000011EE11001F0521DD21501F0721CC2174D
:10E4200001F0421D821B01F0921A621C01F0C2161B
:10E43000321D01F0521CC21501F0821AA21801F01F
:10E440009219421C01F0B216721A01F0521B821985
:10E4500001F09218721901F09217821801F0E21C73
:10E46000D21D09F0E28FE28FF28EF28ED28FD28F20
:10E47000F28DF28DC28FC28FF28CF28CB28FB28F7E
:10E48000F28BF28BF27AF27AF27AF27AA28FA28F80
:10E49000928F928FF279F279F279F279F278F278BA
:10E4A000F278F278828F828F728F728FF277F277A2
:10E4B000F277F277627F627F627F627FF276F27636
:10E4C000F276F276527F527F527F527FF275F2756A
:10E4D000F275F275427F427F427F427FF274F2749E
:10E4E000F274F274327F327F327F327FF273F273D2
:10E4F000F273F273227F227F227F227FF272F27206
:10E50000F272F272F271F271F271F271128F128F75
:10E51000F180F180019F010206020B021002150238
:10E520001A021F02F24FF24FF24FF24FF24FF24F28
:10E53000F24FF24FF24FF24FF24FF24FF24FF24FD3
:10E54000F24FF24FF24FF24FF24FF24FF24FF24FC3
:10E55000F24FF24FF24FF24FF24FF24FF24FF24FB3
:10E56000F24FF24F24022902320237023A023F02EE
:10E57000420245024A024D0250025302560259021B
:10E580005C025F026202650268026B026E02710247
:10E59000740277027A027D028002830288028B0273
:10E5A0008E029102940297029A029F02B294A402F0
:10E5B000A702AA02B2938298AF02B292B202B50247
:10E5C0009296A294B8028297329AA2935299929507
:10E5D000229AA292A29162988296729742999294FC
:10E5E000329992935298829522996297729692925A
:10E5F000129992914298829452977295329882938E
:10E600006296229882921298429772948291BB02EB
:10E61000529662951297BE02728372833297229746
:10E6200072827282428642866284628452855285F8
:10E63000728172813286328662836283428542852C
:10E6400052845284228622866282628212861286D6
:10E650006281628101966190328532855283528354
:10E6600042844284228522855282528212851285FA
:10E6700001955190527152715271527132843284AB
:10E680004283428322742274227422744272427240
:10E690004272427232733273327332731274127472
:10E6A0001274127442714271427142710184018488
:10E6B000418041802273227322732273327232723C
:10E6C0003272327212631263126312631263126344
:10E6D00012631263326132613261326132613261DE
:10E6E00032613261017301730173017331703170F2
:10E6F00031703170226222622262226222622262C0
:10E7000022622262125212521252125212521252A9
:10E7100012521252125212521252125212521252D9
:10E72000125212522251225122512251225122516F
:10E730002251225122512251225122512251225141
:10E740002251225101620162016201620162016291
:10E7500001620162216021602160216021602160ED
:10E7600021602160124112411241124112411241B5
:10E770001241124112411241124112411241124101
:10E7800012411241124112411241124112411241F1
:10E7900012411241124112411241124112411241E1
:10E7A0001241124101410141014101410141014137
:10E7B0000141014101410141014101410141014149
:10E7C0000141014101410141014101410141014139
:10E7D0000141014101410141014101410141014129
:10E7E00001410141114011401140114011401140BF
:10E7F0001140114011401140114011401140114091
:10E800001140114011401140114011401140114080
:10E810001140114011401140114011401140114070
:10E8200011401140004000400040004000400040C6
:10E8300000400040004000400040004000400040D8
:10E8400000400040004000400040004000400040C8
:10E8500000400040004000400040004000400040B8
:10E860000040004002F0E22ED22EE22DC22E02F035
:10E87000E22CD22DB22EE22B02F0C22DD22CA22EEF
:10E88000E22A02F0B22DD22BC22C922E02F0E22903
:10E89000A22DD22AB22C02F0C22B822EE228922D77
:10E8A00002F0D229722EE227A22C02F0C22AB22B49
:10E8B000822DD22803F0013EE130012D012DE21618
:10E8C000E216E216E21602F0622E922CC219C2196A
:10E8D00001F0521EB21A02F0E215E215A22B722DBF
:10E8E00001F0D217E21401F0821CC21802F0422E8D
:10E8F000222E321E321E01F0621DD21601F0E213EA
:10E90000921B01F0B219A21A01F0E212121E01F0DC
:10E91000E211521D01F0D215721C01F0C217421D06
:10E9200001F0821BB21801F0D214921A01F0A21960
:10E93000621C01F0C216321D01F0D213221D01F03B
:10E94000D212121D01F0721BB21701F0D211521C2B
:10E9500001F0C215821A01F0A218921901F0421CAE
:10E96000C21401F0621BB21602F0D120012C321C3D
:10E97000321C01F0C213721A01F0A217221C01F01E
:10E98000C212521B01F0B215121C01F0821992182A
:10E9900001F0C211421B02F0C120012B321B321BBD
:10E9A00002F0B120012A121A121A01F0621AA216FC
:10E9B00001F07219921702F0A12001299110911013
:10E9C00001F0221B521A01F0A215121B01F0B21124
:10E9D000621901F0421A721801F00118811001F059
:10E9E000011771108BCEAA02281C3107EC8F860A02
:10E9F000523B910CCD3C410D523B910CEC8F860A61
:10EA0000281C31078BCEAA02DDD816FD669EA0F623
:10EA100075627AEF61C1DBE7000000E09F3E24D819
:10EA20008B9D85D09A615FC92327E9C2753155BD99
:10EA3000D8E3CEB8147079B5AEC46EB333C3BEB2EA
:10EA4000AEC46EB3147079B5D8E3CEB8753155BD88
:10EA50002327E9C29A615FC98B9D85D09F3E24D848
:10EA6000000000E061C1DBE775627AEF669EA0F608
:10EA7000DDD816FD8BCEAA02281C3107EC8F860A42
:10EA8000523B910CCD3C410D523B910CEC8F860AD0
:10EA9000281C31078BCEAA02DDD816FD669EA0F693
:10EAA00075627AEF61C1DBE7000000E09F3E24D889
:10EAB0008B9D85D09A615FC92327E9C214EF44BDBD
:10EAC00052A031B83738AAB3A489B7AFBB4561ACFF
:10EAD000DCECADA91F4964A8F06818AD491F43B824
:10EAE0003622F4C8B1E6A8DDDC5577F4000000005A
:10EAF0000000000000000000000000000000000016
:10EB000000000000281C3107CD3C410D281C3107B6
:10EB1000669EA0F6000000E09A615FC9D8E3CEB817
:10EB200033C3BEB2D8E3CEB89A615FC9000000E03B
:10EB3000669EA0F60000000000000000000000003B
:10EB400000000000000000000000000000000000C5
:10EB500000000000000000000000000000000000B5
:10EB600000000000000000000000000000000000A5
:10EB70000000000000000000000000000000000095
:10EB80000000000000000000000000000000000085
:10EB90000000000000000000000000000000000075
:10EBA00000000000000000000000000009978E0235
:10EBB000C05E8504A1436702102CDEFC82DC15F5E3
:10EBC0003BE593ECF880C8E4080B5DDDB71035D663
:10EBD0004A835ECF62B5E6C80541DAC2753155BDDC
:10EBE000D8E3CEB8147079B5AEC46EB333C3BEB239
:10EBF000AEC46EB3147079B5D8E3CEB8753155BDD7
:10EC00002327E9C29A615FC98B9D85D09F3E24D896
:10EC1000000000E061C1DBE775627AEF669EA0F656
:10EC2000DDD816FD00000000740000005403000051
:10EC30002C070000D41F000084500000B8660000BC
:10EC4000C4490200789404003CB6FDFFB866000099
:10EC50007CAFFFFFD41F0000D4F8FFFF5403000077
:10EC60008CFFFFFFFCFFFFFF68000000680300004F
:10EC700044060000401F0000D04A00001C5D000058
:10EC8000E02C0200C09304006099FDFF786F000043
:10EC9000CCA9FFFF3C200000E4F7FFFF4003000089
:10ECA00084FFFFFFFCFFFFFF60000000780300000F
:10ECB0006C050000801E000024450000A0520000EA
:10ECC000FC0F0200A0910400A07CFDFF6077000013
:10ECD00024A4FFFF80200000ECF6FFFF28030000C3
:10ECE00074FFFFFFFCFFFFFF5400000084030000DF
:10ECF00098040000941D00007C3F00004447000081
:10ED00002CF30100188E04000860FDFF707E0000E7
:10ED10008C9EFFFF9C200000ECF5FFFF100300001D
:10ED200068FFFFFFFCFFFFFF4C0000008C030000AA
:10ED3000D0030000781C0000E4390000003B000014
:10ED400080D6010024890400AC43FDFFB08400009C
:10ED50000C99FFFF94200000E4F4FFFFF80200008C
:10ED60005CFFFFFFFCFFFFFF44000000900300007A
:10ED7000140300002C1B00005C340000DC2D00009C
:10ED800004BA0100D08204009C27FDFF208A000005
:10ED9000A493FFFF6C200000D4F3FFFFDC0200000F
:10EDA0004CFFFFFFFCFFFFFF40000000900300004E
:10EDB00064020000B0190000F02E0000D41F000013
:10EDC000C89D01001C7B0400E80BFDFFCC8E0000F9
:10EDD000648EFFFF24200000C0F2FFFFC00200008D
:10EDE0003CFFFFFFF8FFFFFF380000008C0300002E
:10EDF000BC010000FC1700009C290000E810000086
:10EE0000D88101000C7204009CF0FCFFB492000059
:10EE10004C89FFFFC01F0000A4F1FFFFA402000007
:10EE20002CFFFFFFF8FFFFFF34000000800300000D
:10EE300020010000181600006824000018010000DE
:10EE400044660100A4670400CCD5FCFFE0950000F7
:10EE50006884FFFF441F000084F0FFFF840200006D
:10EE600018FFFFFFF8FFFFFF2C00000074030000F5
:10EE70009000000000140000581F000068F0FFFF21
:10EE8000144B0100F05B040088BBFCFF58980000A5
:10EE9000BC7FFFFFA81E000060EFFFFF68020000BC
:10EEA00004FFFFFFF8FFFFFF280000005C030000E5
:10EEB00008000000AC110000701A0000D8DEFFFF4F
:10EEC00058300100F84E0400D8A1FCFF1C9A000045
:10EED000547BFFFFFC1D00003CEEFFFF4C020000D6
:10EEE000F0FEFFFFF4FFFFFF2400000040030000DE
:10EEF0008CFFFFFF280F0000B015000070CCFFFF53
:10EF00001C160100BC400400D888FCFF3C9B00009C
:10EF10003477FFFF381D000018EDFFFF2C020000C2
:10EF2000DCFEFFFFF4FFFFFF2000000020030000D5
:10EF30001CFFFFFF680C00001C1100002CB9FFFF34
:10EF40006CFC0000503104008C70FCFFB89B00008A
:10EF50006873FFFF641C0000F4EBFFFF1002000069
:10EF6000C4FEFFFFF0FFFFFF1C000000F4020000E2
:10EF7000B4FEFFFF74090000B80C000018A5FFFFE5
:10EF800050E30000B42004000859FCFF9C9B0000E3
:10EF9000F46FFFFF7C1B0000D0EAFFFFF4010000CC
:10EFA000ACFEFFFFF0FFFFFF1C000000C4020000EA
:10EFB00058FEFFFF48060000840800003890FFFF5D
:10EFC000D0CA0000F80E04005C42FCFFF09A00007A
:10EFD000E06CFFFF881A0000B0E9FFFFD4010000D9
:10EFE00094FEFFFFECFFFFFF180000008C02000002
:10EFF00004FEFFFFE402000080040000907AFFFF9F
:10F00000FCB2000028FC0300902CFCFFB899000023
:10F010003C6AFFFF8819000098E8FFFFBC01000070
:10F020007CFEFFFFA00100007C180000FC970000A0
:10F030004CE803002464FFFF4CFFFFFF4802000080
:10F04000ECFFFFFF6B6F6D6E676559595656535352
:10F050005A5A5C5C42424242414141414444444428
:10F0600048484848101010101010101010101010C0
:10F070001010101010101010101010101010101090
:10F08000101010104F4E4D4C4B4A494847464544CE
:10F09000434241400000040008000C00100014002E
:10F0A00018001E0024002C003600420052006600AA
:10F0B0007E009C00C200F00028016C01C001260205
:10F0C00040020000040008000C00100016001E00A2
:10F0D0002A003A004E0068008A00B400C000000018
:10F0E000050403020107060068BFFFFF8EBEFFFF95
:10F0F00062BFFFFF96BEFFFF62BFFFFF5CBEFFFF68
:10F1000062BFFFFF96BEFFFF8EBEFFFF8EBEFFFFFA
:10F110005CBEFFFF96BEFFFF9CBEFFFF9CBEFFFFD5
:10F120009CBEFFFF5CBEFFFF4EBEFFFF4EBEFFFF5B
:10F1300022BFFFFFFEBFFFFF22BFFFFF1CBEFFFF7E
:10F1400022BFFFFFFEBFFFFF4EBEFFFF4EBEFFFF11
:10F150001CBEFFFFFEBFFFFF5CBEFFFF5CBEFFFFEC
:10F160005CBEFFFF1CBEFFFFCEC2FFFF20C2FFFF41
:10F1700020C2FFFF1EC2FFFF24C2FFFF24C2FFFF09
:10F18000F4C1FFFF1EC2FFFF24C2FFFFF4C1FFFF57
:10F1900024C2FFFF1EC2FFFFBCC2FFFFBCC2FFFFB5
:10F1A000BCC2FFFFF4C1FFFF00010202030303031F
:10F1B0000404040404040404050505050505050507
:10F1C00005050505050505050606060606060606E7
:10F1D00006060606060606060606060606060606CF
:10F1E00006060606060606060707070707070707B7
:10F1F000070707070707070707070707070707079F
:10F20000070707070707070707070707070707078E
:10F21000070707070707070707070707070707077E
:10F220000707070707070707080808080808080866
:10F23000080808080808080808080808080808084E
:10F24000080808080808080808080808080808083E
:10F25000080808080808080808080808080808082E
:10F26000080808080808080808080808080808081E
:10F27000080808080808080808080808080808080E
:10F2800008080808080808080808080808080808FE
:10F2900008080808080808080808080808080808EE
:08F2A000080808080808080826
:10F2A8000100000000D8B8050CFFFF0000000000B6
:00000001FF
